[
    {
        "type": "category",
        "title": "Giới thiệu chung về thế giới sống",
        "url": "bai-tap-trac-nghiem-sinh-hoc-10_gioi-thieu-chung-ve-the-gioi-song",
        "level": 0
    },
    {
        "type": "category",
        "title": "Trắc nghiệm Bài 1: Các cấp tổ chức của thế giới sống",
        "url": "bai-tap-trac-nghiem-sinh-hoc-10_bai-1",
        "level": 2
    },
    {
        "type": "category",
        "title": "Trắc nghiệm Bài 2: Các giới sinh vật",
        "url": "bai-tap-trac-nghiem-sinh-hoc-10_bai-2",
        "level": 2
    },
    {
        "type": "category",
        "title": "Sinh học tế bào",
        "url": "bai-tap-trac-nghiem-sinh-hoc-10_sinh-hoc-te-bao",
        "level": 0
    },
    {
        "type": "category",
        "title": "Chương 1: Thành phần hóa học của tế bào",
        "url": "bai-tap-trac-nghiem-sinh-hoc-10_chuong-1",
        "level": 1
    },
    {
        "type": "category",
        "title": "Trắc nghiệm Bài 3: Các nguyên tố hóa học và nước",
        "url": "bai-tap-trac-nghiem-sinh-hoc-10_bai-3",
        "level": 2
    },
    {
        "type": "category",
        "title": "Trắc nghiệm Bài 4: Cacbohiđrat và lipit",
        "url": "bai-tap-trac-nghiem-sinh-hoc-10_bai-4",
        "level": 2
    },
    {
        "type": "category",
        "title": "Trắc nghiệm Bài 5: Protêin",
        "url": "bai-tap-trac-nghiem-sinh-hoc-10_bai-5",
        "level": 2
    },
    {
        "type": "category",
        "title": "Trắc nghiệm Bài 6: Axit nuclêic",
        "url": "bai-tap-trac-nghiem-sinh-hoc-10_bai-6",
        "level": 2
    },
    {
        "type": "category",
        "title": "Trắc nghiệm Ôn tập chương 1",
        "url": "bai-tap-trac-nghiem-sinh-hoc-10_on-tap-chuong-1",
        "level": 2
    },
    {
        "type": "category",
        "title": "Chương 2: Cấu trúc tế bào",
        "url": "bai-tap-trac-nghiem-sinh-hoc-10_chuong-2",
        "level": 1
    },
    {
        "type": "category",
        "title": "Trắc nghiệm Bài 7: Tế bào nhân sơ",
        "url": "bai-tap-trac-nghiem-sinh-hoc-10_bai-7",
        "level": 2
    },
    {
        "type": "category",
        "title": "Trắc nghiệm Bài 8, 9, 10: Tế bào nhân thực",
        "url": "bai-tap-trac-nghiem-sinh-hoc-10_bai-8-10",
        "level": 2
    },
    {
        "type": "category",
        "title": "Trắc nghiệm Bài 11: Vận chuyển các chất qua màng sinh chất",
        "url": "bai-tap-trac-nghiem-sinh-hoc-10_bai-11",
        "level": 2
    },
    {
        "type": "category",
        "title": "Trắc nghiệm Ôn tập chương 2 ",
        "url": "bai-tap-trac-nghiem-sinh-hoc-10_on-tap-chuong-2",
        "level": 2
    },
    {
        "type": "category",
        "title": "Chương 3: Chuyển hóa vật chất và năng lượng trong tế bào",
        "url": "bai-tap-trac-nghiem-sinh-hoc-10_chuong-3",
        "level": 1
    },
    {
        "type": "category",
        "title": "Trắc nghiệm Bài 13: Khái quát về năng lượng và chuyển hóa vật chất",
        "url": "bai-tap-trac-nghiem-sinh-hoc-10_bai-13",
        "level": 2
    },
    {
        "type": "category",
        "title": "Trắc nghiệm Bài 14: Enzim và vai trò của enzim trong quá trình chuyển hóa vật chất",
        "url": "bai-tap-trac-nghiem-sinh-hoc-10_bai-14",
        "level": 2
    },
    {
        "type": "category",
        "title": "Trắc nghiệm Bài 16: Hô hấp tế bào",
        "url": "bai-tap-trac-nghiem-sinh-hoc-10_bai-16",
        "level": 2
    },
    {
        "type": "category",
        "title": "Kiểm tra học kì I",
        "url": "bai-tap-trac-nghiem-sinh-hoc-10_kiem-tra-hoc-ki-1",
        "level": 2
    },
    {
        "type": "category",
        "title": "Trắc nghiệm Bài 17: Quang hợp",
        "url": "bai-tap-trac-nghiem-sinh-hoc-10_bai-17",
        "level": 2
    },
    {
        "type": "category",
        "title": "Trắc nghiệm Ôn tập chương 3 ",
        "url": "bai-tap-trac-nghiem-sinh-hoc-10_on-tap-chuong-3",
        "level": 2
    },
    {
        "type": "category",
        "title": "Chương 4: Phân bào",
        "url": "bai-tap-trac-nghiem-sinh-hoc-10_chuong-4",
        "level": 1
    },
    {
        "type": "category",
        "title": "Trắc nghiệm Bài 18: Chu kì tế bào và quá trình nguyên phân",
        "url": "bai-tap-trac-nghiem-sinh-hoc-10_bai-18",
        "level": 2
    },
    {
        "type": "category",
        "title": "Trắc nghiệm Bài 19: Giảm phân",
        "url": "bai-tap-trac-nghiem-sinh-hoc-10_bai-19",
        "level": 2
    },
    {
        "type": "category",
        "title": "Trắc nghiệm Ôn tập chương 4 ",
        "url": "bai-tap-trac-nghiem-sinh-hoc-10_on-tap-chuong-4",
        "level": 2
    },
    {
        "type": "category",
        "title": "Sinh học vi sinh vật",
        "url": "bai-tap-trac-nghiem-sinh-hoc-10_sinh-hoc-vi-sinh-vat",
        "level": 0
    },
    {
        "type": "category",
        "title": "Chương 1: Chuyển hóa vật chất và năng lượng ở vi sinh vật",
        "url": "bai-tap-trac-nghiem-sinh-hoc-10_chuong-1-1",
        "level": 1
    },
    {
        "type": "category",
        "title": "Trắc nghiệm Bài 22: Dinh dưỡng, chuyển hóa vật chất và năng lượng ở vi sinh vật",
        "url": "bai-tap-trac-nghiem-sinh-hoc-10_bai-22",
        "level": 2
    },
    {
        "type": "category",
        "title": "Trắc nghiệm Bài 23: Quá trình tổng hợp và phân giải các chất ở vi sinh vật",
        "url": "bai-tap-trac-nghiem-sinh-hoc-10_bai-23",
        "level": 2
    },
    {
        "type": "category",
        "title": "Trắc nghiệm Ôn tập chương 1 ",
        "url": "bai-tap-trac-nghiem-sinh-hoc-10_on-tap-chuong-1-1",
        "level": 2
    },
    {
        "type": "category",
        "title": "Chương 2: Sinh trưởng và sinh sản của vi sinh vật",
        "url": "bai-tap-trac-nghiem-sinh-hoc-10_chuong-2-1",
        "level": 1
    },
    {
        "type": "category",
        "title": "Trắc nghiệm Bài 25: Sinh trưởng của vi sinh vật",
        "url": "bai-tap-trac-nghiem-sinh-hoc-10_bai-25",
        "level": 2
    },
    {
        "type": "category",
        "title": "Trắc nghiệm Bài 26: Sinh sản của vi sinh vật",
        "url": "bai-tap-trac-nghiem-sinh-hoc-10_bai-26",
        "level": 2
    },
    {
        "type": "category",
        "title": "Trắc nghiệm Bài 27: Các yếu tố ảnh hưởng đến sinh trưởng của vi sinh vật",
        "url": "bai-tap-trac-nghiem-sinh-hoc-10_bai-27",
        "level": 2
    },
    {
        "type": "category",
        "title": "Trắc nghiệm Ôn tập chương 2 ",
        "url": "bai-tap-trac-nghiem-sinh-hoc-10_on-tap-chuong-2-1",
        "level": 2
    },
    {
        "type": "category",
        "title": "Chương 3: Virut và bệnh truyền nhiễm",
        "url": "bai-tap-trac-nghiem-sinh-hoc-10_chuong-3-1",
        "level": 1
    },
    {
        "type": "category",
        "title": "Trắc nghiệm Bài 29: Cấu trúc của các loại virut",
        "url": "bai-tap-trac-nghiem-sinh-hoc-10_bai-29",
        "level": 2
    },
    {
        "type": "category",
        "title": "Trắc nghiệm Bài 30: Sự nhân lên của virut trong tế bào chủ",
        "url": "bai-tap-trac-nghiem-sinh-hoc-10_bai-30",
        "level": 2
    },
    {
        "type": "category",
        "title": "Trắc nghiệm Bài 31: Virut gây bệnh, ứng dụng của virut trong thực tiễn",
        "url": "bai-tap-trac-nghiem-sinh-hoc-10_bai-31",
        "level": 2
    },
    {
        "type": "category",
        "title": "Trắc nghiệm Bài 32: Bệnh truyền nhiễm và miễn dịch",
        "url": "bai-tap-trac-nghiem-sinh-hoc-10_bai-32",
        "level": 2
    },
    {
        "type": "category",
        "title": "Trắc nghiệm Ôn tập chương 3 ",
        "url": "bai-tap-trac-nghiem-sinh-hoc-10_on-tap-chuong-3-1",
        "level": 2
    },
    {
        "type": "category",
        "title": "Kiểm tra học kì II",
        "url": "bai-tap-trac-nghiem-sinh-hoc-10_kiem-tra-hoc-ki-2",
        "level": 2
    }
]