[
    {
        "type": "category",
        "title": "Trả lời câu hỏi Địa Lí 10 Bài 7 trang 25:  Quan sát hình 7.1....",
        "url": "giai-dia-li-lop-10_tra-loi-cau-hoi-dia-li-10-bai-7-trang-25",
        "level": 0
    },
    {
        "type": "category",
        "title": "Trả lời câu hỏi Địa Lí 10 Bài 7 trang 26:  Quan sát hình 7.2...; 2. Quan sát hình 7.1....",
        "url": "giai-dia-li-lop-10_tra-loi-cau-hoi-dia-li-10-bai-7-trang-26",
        "level": 0
    },
    {
        "type": "category",
        "title": "Trả lời câu hỏi Địa Lí 10 Bài 7 trang 27:  Dựa vào hình 7.3....",
        "url": "giai-dia-li-lop-10_tra-loi-cau-hoi-dia-li-10-bai-7-trang-27",
        "level": 0
    },
    {
        "type": "category",
        "title": "Trả lời câu hỏi Địa Lí 10 Bài 7 trang 28:  Quan sát hình 7.4....",
        "url": "giai-dia-li-lop-10_tra-loi-cau-hoi-dia-li-10-bai-7-trang-28",
        "level": 0
    },
    {
        "type": "category",
        "title": "Bài 1 trang 28 Địa Lí 10:  Dựa vào hình 7.1....",
        "url": "giai-dia-li-lop-10_bai-1-trang-28-dia-li-10",
        "level": 0
    },
    {
        "type": "category",
        "title": "Bài 2 trang 28 Địa Lí 10:  Trình bày những nội dung....",
        "url": "giai-dia-li-lop-10_bai-2-trang-28-dia-li-10",
        "level": 0
    }
]