[
    {
        "type": "category",
        "title": "Trả lời câu hỏi Địa Lí 10 Bài 32 trang 121:  Kết hợp bảng trên với....",
        "url": "giai-dia-li-lop-10_tra-loi-cau-hoi-dia-li-10-bai-32-trang-121",
        "level": 0
    },
    {
        "type": "category",
        "title": "Trả lời câu hỏi Địa Lí 10 Bài 32 trang 124:  Dựa vào hình 32.5....",
        "url": "giai-dia-li-lop-10_tra-loi-cau-hoi-dia-li-10-bai-32-trang-124",
        "level": 0
    },
    {
        "type": "category",
        "title": "Trả lời câu hỏi Địa Lí 10 Bài 32 trang 125:  Em có nhận xét và giải thích....",
        "url": "giai-dia-li-lop-10_tra-loi-cau-hoi-dia-li-10-bai-32-trang-125",
        "level": 0
    },
    {
        "type": "category",
        "title": "Bài 1 trang 125 Địa Lí 10:  Em hãy nhận xét sự thay đổi....",
        "url": "giai-dia-li-lop-10_bai-1-trang-125-dia-li-10",
        "level": 0
    },
    {
        "type": "category",
        "title": "Bài 2 trang 125 Địa Lí 10:  Nêu rõ vai trò của ngành....",
        "url": "giai-dia-li-lop-10_bai-2-trang-125-dia-li-10",
        "level": 0
    }
]