[
    {
        "type": "category",
        "title": "Trả lời câu hỏi Địa Lí 10 Bài 2 trang 9:  Quan sát hình 2.1....",
        "url": "giai-dia-li-lop-10_tra-loi-cau-hoi-dia-li-10-bai-2-trang-9",
        "level": 0
    },
    {
        "type": "category",
        "title": "Trả lời câu hỏi Địa Lí 10 Bài 2 trang 10:  Dựa vào hình 2.2....",
        "url": "giai-dia-li-lop-10_tra-loi-cau-hoi-dia-li-10-bai-2-trang-10",
        "level": 0
    },
    {
        "type": "category",
        "title": "Trả lời câu hỏi Địa Lí 10 Bài 2 trang 12:  Quan sát hình 2.3....",
        "url": "giai-dia-li-lop-10_tra-loi-cau-hoi-dia-li-10-bai-2-trang-12",
        "level": 0
    },
    {
        "type": "category",
        "title": "Trả lời câu hỏi Địa Lí 10 Bài 2 trang 13:  Quan sát hình 2.4....",
        "url": "giai-dia-li-lop-10_tra-loi-cau-hoi-dia-li-10-bai-2-trang-13",
        "level": 0
    },
    {
        "type": "category",
        "title": "Bài 1 trang 14 Địa Lí 10:  Các đối tượng địa lí....",
        "url": "giai-dia-li-lop-10_bai-1-trang-14-dia-li-10",
        "level": 0
    },
    {
        "type": "category",
        "title": "Bài 2 trang 14 Địa Lí 10:  Hình 2.3 thể hiện....",
        "url": "giai-dia-li-lop-10_bai-2-trang-14-dia-li-10",
        "level": 0
    }
]