[
    {
        "type": "category",
        "title": "Trả lời câu hỏi Địa Lí 10 Bài 27 trang 103:  Tại sao đối với nhiều nước....",
        "url": "giai-dia-li-lop-10_tra-loi-cau-hoi-dia-li-10-bai-27-trang-103",
        "level": 0
    },
    {
        "type": "category",
        "title": "Trả lời câu hỏi Địa Lí 10 Bài 27 trang 105:  Em hãy nêu ví dụ để....",
        "url": "giai-dia-li-lop-10_tra-loi-cau-hoi-dia-li-10-bai-27-trang-105",
        "level": 0
    },
    {
        "type": "category",
        "title": "Trả lời câu hỏi Địa Lí 10 Bài 27 trang 106:  Em hãy nêu ví dụ về....",
        "url": "giai-dia-li-lop-10_tra-loi-cau-hoi-dia-li-10-bai-27-trang-106",
        "level": 0
    },
    {
        "type": "category",
        "title": "Bài 1 trang 106 Địa Lí 10:  Hãy nêu vai trò của ngành....",
        "url": "giai-dia-li-lop-10_bai-1-trang-106-dia-li-10",
        "level": 0
    },
    {
        "type": "category",
        "title": "Bài 2 trang 106 Địa Lí 10:  Ngành sản xuất nông nghiệp....",
        "url": "giai-dia-li-lop-10_bai-2-trang-106-dia-li-10",
        "level": 0
    },
    {
        "type": "category",
        "title": "Bài 3 trang 106 Địa Lí 10:  Em hãy phân biệt những đặc điểm....",
        "url": "giai-dia-li-lop-10_bai-3-trang-106-dia-li-10",
        "level": 0
    }
]