[
    {
        "type": "category",
        "title": "Trả lời câu hỏi Địa Lí 10 Bài 22 trang 82:  Dựa vào bảng trên....",
        "url": "giai-dia-li-lop-10_tra-loi-cau-hoi-dia-li-10-bai-22-trang-82",
        "level": 0
    },
    {
        "type": "category",
        "title": "Trả lời câu hỏi Địa Lí 10 Bài 22 trang 83:  Dựa vào hình 22.1....",
        "url": "giai-dia-li-lop-10_tra-loi-cau-hoi-dia-li-10-bai-22-trang-83",
        "level": 0
    },
    {
        "type": "category",
        "title": "Trả lời câu hỏi Địa Lí 10 Bài 22 trang 84:  Dựa vào hình 22.2....",
        "url": "giai-dia-li-lop-10_tra-loi-cau-hoi-dia-li-10-bai-22-trang-84",
        "level": 0
    },
    {
        "type": "category",
        "title": "Trả lời câu hỏi Địa Lí 10 Bài 22 trang 85:  Dựa vào hình 22.3...; Dựa vào sơ đồ trên....",
        "url": "giai-dia-li-lop-10_tra-loi-cau-hoi-dia-li-10-bai-22-trang-85",
        "level": 0
    },
    {
        "type": "category",
        "title": "Bài 1 trang 86 Địa Lí 10:  Giả sử tỉ suất gia tăng....",
        "url": "giai-dia-li-lop-10_bai-1-trang-86-dia-li-10",
        "level": 0
    },
    {
        "type": "category",
        "title": "Bài 2 trang 86 Địa Lí 10:  Phân biệt gia tăng....",
        "url": "giai-dia-li-lop-10_bai-2-trang-86-dia-li-10",
        "level": 0
    },
    {
        "type": "category",
        "title": "Bài 3 trang 86 Địa Lí 10:  Lấy ví dụ cụ thể về sức ép....",
        "url": "giai-dia-li-lop-10_bai-3-trang-86-dia-li-10",
        "level": 0
    }
]