[
    {
        "type": "category",
        "title": "Trả lời câu hỏi Địa Lí 10 Bài 16 trang 60:  Dựa vào hình 16.1 và...;Dựa vào hình 16.3....",
        "url": "giai-dia-li-lop-10_tra-loi-cau-hoi-dia-li-10-bai-16-trang-60",
        "level": 0
    },
    {
        "type": "category",
        "title": "Trả lời câu hỏi Địa Lí 10 Bài 16 trang 61:  Dựa vào hình 16.4....",
        "url": "giai-dia-li-lop-10_tra-loi-cau-hoi-dia-li-10-bai-16-trang-61",
        "level": 0
    },
    {
        "type": "category",
        "title": "Bài 1 trang 62 Địa Lí 10:  Hãy cho biết nguyên nhân tạo thành....",
        "url": "giai-dia-li-lop-10_bai-1-trang-62-dia-li-10",
        "level": 0
    },
    {
        "type": "category",
        "title": "Bài 2 trang 62 Địa Lí 10:  Dựa vào các hình 16.1, 16.2....",
        "url": "giai-dia-li-lop-10_bai-2-trang-62-dia-li-10",
        "level": 0
    },
    {
        "type": "category",
        "title": "Bài 3 trang 62 Địa Lí 10:  Dựa vào hình 16.4....",
        "url": "giai-dia-li-lop-10_bai-3-trang-62-dia-li-10",
        "level": 0
    }
]