[
    {
        "type": "category",
        "title": "Trả lời câu hỏi Địa Lí 10 Bài 11 trang 39:  Hãy cho biết tác dụng....",
        "url": "giai-dia-li-lop-10_tra-loi-cau-hoi-dia-li-10-bai-11-trang-39",
        "level": 0
    },
    {
        "type": "category",
        "title": "Trả lời câu hỏi Địa Lí 10 Bài 11 trang 42:  Dựa vào kiến thức đã học....",
        "url": "giai-dia-li-lop-10_tra-loi-cau-hoi-dia-li-10-bai-11-trang-42",
        "level": 0
    },
    {
        "type": "category",
        "title": "Trả lời câu hỏi Địa Lí 10 Bài 11 trang 43:  Quan sát hình 11.3...; Quan sát hình 11.4....",
        "url": "giai-dia-li-lop-10_tra-loi-cau-hoi-dia-li-10-bai-11-trang-43",
        "level": 0
    },
    {
        "type": "category",
        "title": "Bài 1 trang 43 Địa Lí 10:  Nói rõ vai trò của....",
        "url": "giai-dia-li-lop-10_bai-1-trang-43-dia-li-10",
        "level": 0
    },
    {
        "type": "category",
        "title": "Bài 2 trang 43 Địa Lí 10:  Hãy nêu sự phân bố các khối khí....",
        "url": "giai-dia-li-lop-10_bai-2-trang-43-dia-li-10",
        "level": 0
    },
    {
        "type": "category",
        "title": "Bài 3 trang 43 Địa Lí 10:  Dựa vào bảng 11 và hình 11.3....",
        "url": "giai-dia-li-lop-10_bai-3-trang-43-dia-li-10",
        "level": 0
    }
]