[
    {
        "type": "category",
        "title": "Trả lời câu hỏi Địa Lí 10 Bài 5 trang 19:  Quan sát hình 5.2...",
        "url": "giai-dia-li-lop-10_tra-loi-cau-hoi-dia-li-10-bai-5-trang-19",
        "level": 0
    },
    {
        "type": "category",
        "title": "Bài 1 trang 21 Địa Lí 10:  Vũ trụ là gì....",
        "url": "giai-dia-li-lop-10_bai-1-trang-21-dia-li-10",
        "level": 0
    },
    {
        "type": "category",
        "title": "Bài 2 trang 21 Địa Lí 10:  Hãy trình bày các hệ quả....",
        "url": "giai-dia-li-lop-10_bai-2-trang-21-dia-li-10",
        "level": 0
    },
    {
        "type": "category",
        "title": "Bài 3 trang 21 Địa Lí 10:  Căn cứ vào bản đồ....",
        "url": "giai-dia-li-lop-10_bai-3-trang-21-dia-li-10",
        "level": 0
    }
]