[
    {
        "type": "category",
        "title": "Trả lời câu hỏi Địa Lí 10 Bài 31 trang 119:  Tại sao tỉ trọng...; Từ sơ đồ trên....",
        "url": "giai-dia-li-lop-10_tra-loi-cau-hoi-dia-li-10-bai-31-trang-119",
        "level": 0
    },
    {
        "type": "category",
        "title": "Trả lời câu hỏi Địa Lí 10 Bài 31 trang 120:  Em hãy cho biết sự khác biệt...; Hãy phân tích và....",
        "url": "giai-dia-li-lop-10_tra-loi-cau-hoi-dia-li-10-bai-31-trang-120",
        "level": 0
    },
    {
        "type": "category",
        "title": "Bài 1 trang 120 Địa Lí 10:  Hãy chứng minh vai trò....",
        "url": "giai-dia-li-lop-10_bai-1-trang-120-dia-li-10",
        "level": 0
    },
    {
        "type": "category",
        "title": "Bài 2 trang 120 Địa Lí 10:  Hãy so sánh đặc điểm....",
        "url": "giai-dia-li-lop-10_bai-2-trang-120-dia-li-10",
        "level": 0
    },
    {
        "type": "category",
        "title": "Bài 3 trang 120 Địa Lí 10:  Theo em, trong điều kiện....",
        "url": "giai-dia-li-lop-10_bai-3-trang-120-dia-li-10",
        "level": 0
    }
]