[
    {
        "type": "category",
        "title": "Trả lời câu hỏi Địa Lí 10 Bài 12 trang 45:  Quan sát hình 14.1....",
        "url": "giai-dia-li-lop-10_tra-loi-cau-hoi-dia-li-10-bai-12-trang-45",
        "level": 0
    },
    {
        "type": "category",
        "title": "Trả lời câu hỏi Địa Lí 10 Bài 12 trang 47:  Dựa vào hình 12.4....",
        "url": "giai-dia-li-lop-10_tra-loi-cau-hoi-dia-li-10-bai-12-trang-47",
        "level": 0
    },
    {
        "type": "category",
        "title": "Trả lời câu hỏi Địa Lí 10 Bài 12 trang 48:  Dựa vào hình 12.5...; Khi gió lên cao....",
        "url": "giai-dia-li-lop-10_tra-loi-cau-hoi-dia-li-10-bai-12-trang-48",
        "level": 0
    },
    {
        "type": "category",
        "title": "Bài 1 trang 48 Địa Lí 10:  Em hãy nêu những nguyên nhân....",
        "url": "giai-dia-li-lop-10_bai-1-trang-48-dia-li-10",
        "level": 0
    },
    {
        "type": "category",
        "title": "Bài 2 trang 48 Địa Lí 10:  Dựa vào hình 12.1....",
        "url": "giai-dia-li-lop-10_bai-2-trang-48-dia-li-10",
        "level": 0
    },
    {
        "type": "category",
        "title": "Bài 3 trang 48 Địa Lí 10:  Dựa vào các hình 12.2 và 12.3....",
        "url": "giai-dia-li-lop-10_bai-3-trang-48-dia-li-10",
        "level": 0
    },
    {
        "type": "category",
        "title": "Bài 4 trang 48 Địa Lí 10:  Dựa vào các hình 12.4 và 12.5....",
        "url": "giai-dia-li-lop-10_bai-4-trang-48-dia-li-10",
        "level": 0
    }
]