[
    {
        "type": "category",
        "title": "Trả lời câu hỏi Địa Lí 10 Bài 32 trang 126:  Em hãy chỉ ra sự....",
        "url": "giai-dia-li-lop-10_tra-loi-cau-hoi-dia-li-10-bai-32-trang-126",
        "level": 0
    },
    {
        "type": "category",
        "title": "Trả lời câu hỏi Địa Lí 10 Bài 32 trang 128:  Em có nhận xét gì về....",
        "url": "giai-dia-li-lop-10_tra-loi-cau-hoi-dia-li-10-bai-32-trang-128",
        "level": 0
    },
    {
        "type": "category",
        "title": "Trả lời câu hỏi Địa Lí 10 Bài 32 trang 130:  Em hãy kể tên những....",
        "url": "giai-dia-li-lop-10_tra-loi-cau-hoi-dia-li-10-bai-32-trang-130",
        "level": 0
    },
    {
        "type": "category",
        "title": "Bài 1 trang 130 Địa Lí 10:  Em hãy nêu vai trò của....",
        "url": "giai-dia-li-lop-10_bai-1-trang-130-dia-li-10",
        "level": 0
    },
    {
        "type": "category",
        "title": "Bài 2 trang 130 Địa Lí 10:  Vì sao ngành công nghiệp....",
        "url": "giai-dia-li-lop-10_bai-2-trang-130-dia-li-10",
        "level": 0
    },
    {
        "type": "category",
        "title": "Bài 3 trang 130 Địa Lí 10:  Dựa vào hình 32.9....",
        "url": "giai-dia-li-lop-10_bai-3-trang-130-dia-li-10",
        "level": 0
    }
]