[
    {
        "type": "category",
        "title": "Trả lời câu hỏi Địa Lí 10 Bài 24 trang 93:  Dựa vào bảng số liệu....",
        "url": "giai-dia-li-lop-10_tra-loi-cau-hoi-dia-li-10-bai-24-trang-93",
        "level": 0
    },
    {
        "type": "category",
        "title": "Trả lời câu hỏi Địa Lí 10 Bài 24 trang 94:  Dựa vào bảng 24.2....",
        "url": "giai-dia-li-lop-10_tra-loi-cau-hoi-dia-li-10-bai-24-trang-94",
        "level": 0
    },
    {
        "type": "category",
        "title": "Trả lời câu hỏi Địa Lí 10 Bài 24 trang 95:  Em có nhận xét gì về....",
        "url": "giai-dia-li-lop-10_tra-loi-cau-hoi-dia-li-10-bai-24-trang-95",
        "level": 0
    },
    {
        "type": "category",
        "title": "Trả lời câu hỏi Địa Lí 10 Bài 24 trang 96:  Căn cứ vào hình 24, em hãy....",
        "url": "giai-dia-li-lop-10_tra-loi-cau-hoi-dia-li-10-bai-24-trang-96",
        "level": 0
    },
    {
        "type": "category",
        "title": "Bài 1 trang 97 Địa Lí 10:  Hãy nêu đặc điểm phân bố....",
        "url": "giai-dia-li-lop-10_bai-1-trang-97-dia-li-10",
        "level": 0
    },
    {
        "type": "category",
        "title": "Bài 2 trang 97 Địa Lí 10:  Trình bày sự khác biệt cơ bản....",
        "url": "giai-dia-li-lop-10_bai-2-trang-97-dia-li-10",
        "level": 0
    },
    {
        "type": "category",
        "title": "Bài 3 trang 97 Địa Lí 10:  Cho bảng số liệu....",
        "url": "giai-dia-li-lop-10_bai-3-trang-97-dia-li-10",
        "level": 0
    }
]