[
    {
        "type": "category",
        "title": "Trả lời câu hỏi Địa Lí 10 Bài 9 trang 37:  Hãy kể tên một số dạng....",
        "url": "giai-dia-li-lop-10_tra-loi-cau-hoi-dia-li-10-bai-9-trang-37",
        "level": 0
    },
    {
        "type": "category",
        "title": "Bài 1 trang 37 Địa Lí 10:  Quá trình bóc mòn là gì....",
        "url": "giai-dia-li-lop-10_bai-1-trang-37-dia-li-10",
        "level": 0
    },
    {
        "type": "category",
        "title": "Bài 2 trang 37 Địa Lí 10:  Phân tích mối quan hệ giữa....",
        "url": "giai-dia-li-lop-10_bai-2-trang-37-dia-li-10",
        "level": 0
    }
]