[
    {
        "type": "category",
        "title": "Trả lời câu hỏi Địa Lí 10 Bài 17 trang 63:  Từ vị trí lớp phủ thổ nhưỡng....",
        "url": "giai-dia-li-lop-10_tra-loi-cau-hoi-dia-li-10-bai-17-trang-63",
        "level": 0
    },
    {
        "type": "category",
        "title": "Trả lời câu hỏi Địa Lí 10 Bài 17 trang 64:  Hãy lấy một vài ví dụ...; Các kiểu khí hậu khác nhau....",
        "url": "giai-dia-li-lop-10_tra-loi-cau-hoi-dia-li-10-bai-17-trang-64",
        "level": 0
    },
    {
        "type": "category",
        "title": "Trả lời câu hỏi Địa Lí 10 Bài 17 trang 65:  Tác động của con người....",
        "url": "giai-dia-li-lop-10_tra-loi-cau-hoi-dia-li-10-bai-17-trang-65",
        "level": 0
    },
    {
        "type": "category",
        "title": "Bài 1 trang 65 Địa Lí 10:  Nêu khái niệm và đặc trưng....",
        "url": "giai-dia-li-lop-10_bai-1-trang-65-dia-li-10",
        "level": 0
    },
    {
        "type": "category",
        "title": "Bài 2 trang 65 Địa Lí 10:  Căn cứ vào đâu để phân biệt....",
        "url": "giai-dia-li-lop-10_bai-2-trang-65-dia-li-10",
        "level": 0
    },
    {
        "type": "category",
        "title": "Bài 3 trang 65 Địa Lí 10:  Trình bày tóm tắt vai trò....",
        "url": "giai-dia-li-lop-10_bai-3-trang-65-dia-li-10",
        "level": 0
    }
]