[
    {
        "type": "category",
        "title": "Trả lời câu hỏi Địa Lí 10 Bài 40 trang 154:  Dựa vào sơ đồ trên, em hãy....",
        "url": "giai-dia-li-lop-10_tra-loi-cau-hoi-dia-li-10-bai-40-trang-154",
        "level": 0
    },
    {
        "type": "category",
        "title": "Trả lời câu hỏi Địa Lí 10 Bài 40 trang 156:  Quan sát hình 40...; Dựa vào bảng 40.1....",
        "url": "giai-dia-li-lop-10_tra-loi-cau-hoi-dia-li-10-bai-40-trang-156",
        "level": 0
    },
    {
        "type": "category",
        "title": "Bài 1 trang 157 Địa Lí 10:  Thế nào là ngành thương mại....",
        "url": "giai-dia-li-lop-10_bai-1-trang-157-dia-li-10",
        "level": 0
    },
    {
        "type": "category",
        "title": "Bài 2 trang 157 Địa Lí 10:  Trình bày đặc điểm của....",
        "url": "giai-dia-li-lop-10_bai-2-trang-157-dia-li-10",
        "level": 0
    },
    {
        "type": "category",
        "title": "Bài 3 trang 157 Địa Lí 10:  Cho bảng số liệu....",
        "url": "giai-dia-li-lop-10_bai-3-trang-157-dia-li-10",
        "level": 0
    }
]