[
    {
        "type": "category",
        "title": "Trả lời câu hỏi Địa Lí 10 Bài 19 trang 71:  Dựa vào các hình...; Những kiểu thảm thực vật....",
        "url": "giai-dia-li-lop-10_tra-loi-cau-hoi-dia-li-10-bai-19-trang-71",
        "level": 0
    },
    {
        "type": "category",
        "title": "Trả lời câu hỏi Địa Lí 10 Bài 19 trang 72:  Những kiểu thảm thực vật và nhóm....",
        "url": "giai-dia-li-lop-10_tra-loi-cau-hoi-dia-li-10-bai-19-trang-72",
        "level": 0
    },
    {
        "type": "category",
        "title": "Trả lời câu hỏi Địa Lí 10 Bài 19 trang 73:  Dựa vào hình 19.11....",
        "url": "giai-dia-li-lop-10_tra-loi-cau-hoi-dia-li-10-bai-19-trang-73",
        "level": 0
    },
    {
        "type": "category",
        "title": "Bài 1 trang 73 Địa Lí 10:  Nguyên nhân nào dẫn tới....",
        "url": "giai-dia-li-lop-10_bai-1-trang-73-dia-li-10",
        "level": 0
    },
    {
        "type": "category",
        "title": "Bài 2 trang 73 Địa Lí 10:  Nguyên nhân gây ra sự phân bố....",
        "url": "giai-dia-li-lop-10_bai-2-trang-73-dia-li-10",
        "level": 0
    },
    {
        "type": "category",
        "title": "Bài 3 trang 73 Địa Lí 10:  Dựa vào hình 19.1 và 19.2....",
        "url": "giai-dia-li-lop-10_bai-3-trang-73-dia-li-10",
        "level": 0
    }
]