[
    {
        "type": "category",
        "title": "Trả lời câu hỏi Địa Lí 10 Bài 18 trang 67:  Quan sát hình 18....",
        "url": "giai-dia-li-lop-10_tra-loi-cau-hoi-dia-li-10-bai-18-trang-67",
        "level": 0
    },
    {
        "type": "category",
        "title": "Trả lời câu hỏi Địa Lí 10 Bài 18 trang 68:  Hãy tìm một số ví dụ....",
        "url": "giai-dia-li-lop-10_tra-loi-cau-hoi-dia-li-10-bai-18-trang-68",
        "level": 0
    },
    {
        "type": "category",
        "title": "Bài 1 trang 68 Địa Lí 10:  Sinh quyển là gì....",
        "url": "giai-dia-li-lop-10_bai-1-trang-68-dia-li-10",
        "level": 0
    },
    {
        "type": "category",
        "title": "Bài 2 trang 68 Địa Lí 10:  Các nhân tố tự nhiên ảnh hưởng....",
        "url": "giai-dia-li-lop-10_bai-2-trang-68-dia-li-10",
        "level": 0
    },
    {
        "type": "category",
        "title": "Bài 3 trang 68 Địa Lí 10:  Hãy tìm những nguyên nhân....",
        "url": "giai-dia-li-lop-10_bai-3-trang-68-dia-li-10",
        "level": 0
    }
]