[
    {
        "type": "category",
        "title": "Trả lời câu hỏi Địa Lí 10 Bài 3 trang 15:  Hãy cho ví dụ....",
        "url": "giai-dia-li-lop-10_tra-loi-cau-hoi-dia-li-10-bai-3-trang-15",
        "level": 0
    },
    {
        "type": "category",
        "title": "Bài 1 trang 16 Địa Lí 10:  Hãy cho biết tác dụng....",
        "url": "giai-dia-li-lop-10_bai-1-trang-16-dia-li-10",
        "level": 0
    },
    {
        "type": "category",
        "title": "Bài 2 trang 16 Địa Lí 10:  Chứng minh rằng bản đồ....",
        "url": "giai-dia-li-lop-10_bai-2-trang-16-dia-li-10",
        "level": 0
    },
    {
        "type": "category",
        "title": "Bài 3 trang 16 Địa Lí 10:  Để trình bày và giải thích....",
        "url": "giai-dia-li-lop-10_bai-3-trang-16-dia-li-10",
        "level": 0
    }
]