[
    {
        "type": "category",
        "title": "Trả lời câu hỏi Địa Lí 10 Bài 42 trang 161:  Những báo động về thủng tầng ôdôn....",
        "url": "giai-dia-li-lop-10_tra-loi-cau-hoi-dia-li-10-bai-42-trang-161",
        "level": 0
    },
    {
        "type": "category",
        "title": "Trả lời câu hỏi Địa Lí 10 Bài 42 trang 163:  Các tiến bộ khoa học - kĩ thuật....",
        "url": "giai-dia-li-lop-10_tra-loi-cau-hoi-dia-li-10-bai-42-trang-163",
        "level": 0
    },
    {
        "type": "category",
        "title": "Bài 1 trang 163 Địa Lí 10:  Thế nào là sự phát triển bền vững....",
        "url": "giai-dia-li-lop-10_bai-1-trang-163-dia-li-10",
        "level": 0
    },
    {
        "type": "category",
        "title": "Bài 2 trang 163 Địa Lí 10:  Tại sao việc giải quyết vấn đề....",
        "url": "giai-dia-li-lop-10_bai-2-trang-163-dia-li-10",
        "level": 0
    },
    {
        "type": "category",
        "title": "Bài 3 trang 163 Địa Lí 10:  Các nước đang phát triển....",
        "url": "giai-dia-li-lop-10_bai-3-trang-163-dia-li-10",
        "level": 0
    }
]