[
    {
        "type": "category",
        "title": "Trả lời câu hỏi Địa Lí 10 Bài 36 trang 138:  Hãy tìm ví dụ chứng minh....",
        "url": "giai-dia-li-lop-10_tra-loi-cau-hoi-dia-li-10-bai-36-trang-138",
        "level": 0
    },
    {
        "type": "category",
        "title": "Trả lời câu hỏi Địa Lí 10 Bài 36 trang 139:  Em hãy kể một số loại...; Theo em, mạng lưới sông ngòi....",
        "url": "giai-dia-li-lop-10_tra-loi-cau-hoi-dia-li-10-bai-36-trang-139",
        "level": 0
    },
    {
        "type": "category",
        "title": "Trả lời câu hỏi Địa Lí 10 Bài 36 trang 140:  Dựa vào sơ đồ trên và kiến thức...; Em hãy liệt kê các loại....",
        "url": "giai-dia-li-lop-10_tra-loi-cau-hoi-dia-li-10-bai-36-trang-140",
        "level": 0
    },
    {
        "type": "category",
        "title": "Bài 1 trang 141 Địa Lí 10:  Tại sao người ta nói....",
        "url": "giai-dia-li-lop-10_bai-1-trang-141-dia-li-10",
        "level": 0
    },
    {
        "type": "category",
        "title": "Bài 2 trang 141 Địa Lí 10:  Chứng minh rằng các điều kiện tự nhiên....",
        "url": "giai-dia-li-lop-10_bai-2-trang-141-dia-li-10",
        "level": 0
    },
    {
        "type": "category",
        "title": "Bài 3 trang 141 Địa Lí 10:  Chứng minh rằng các điều kiện kinh tế....",
        "url": "giai-dia-li-lop-10_bai-3-trang-141-dia-li-10",
        "level": 0
    },
    {
        "type": "category",
        "title": "Bài 4 trang 141 Địa Lí 10:  Hãy tính cự li vận chuyển....",
        "url": "giai-dia-li-lop-10_bai-4-trang-141-dia-li-10",
        "level": 0
    }
]