[
    {
        "type": "category",
        "title": "Trả lời câu hỏi Địa Lí 10 Bài 6 trang 22:  Dựa vào hình 6.2....",
        "url": "giai-dia-li-lop-10_tra-loi-cau-hoi-dia-li-10-bai-6-trang-22",
        "level": 0
    },
    {
        "type": "category",
        "title": "Bài 1 trang 24 Địa Lí 10:  Hãy giải thích câu tục ngữ....",
        "url": "giai-dia-li-lop-10_bai-1-trang-24-dia-li-10",
        "level": 0
    },
    {
        "type": "category",
        "title": "Bài 2 trang 24 Địa Lí 10:  Sự thay đổi các mùa....",
        "url": "giai-dia-li-lop-10_bai-2-trang-24-dia-li-10",
        "level": 0
    },
    {
        "type": "category",
        "title": "Bài 3 trang 24 Địa Lí 10:  Giả sử Trái Đất không tự quay....",
        "url": "giai-dia-li-lop-10_bai-3-trang-24-dia-li-10",
        "level": 0
    }
]