[
    {
        "type": "category",
        "title": "Trả lời câu hỏi Địa Lí 10 Bài 41 trang 159:  Em hãy tìm ví dụ chứng minh....",
        "url": "giai-dia-li-lop-10_tra-loi-cau-hoi-dia-li-10-bai-41-trang-159",
        "level": 0
    },
    {
        "type": "category",
        "title": "Trả lời câu hỏi Địa Lí 10 Bài 41 trang 160:  Em hãy chứng minh rằng...; Em hãy chỉ ra những....",
        "url": "giai-dia-li-lop-10_tra-loi-cau-hoi-dia-li-10-bai-41-trang-160",
        "level": 0
    },
    {
        "type": "category",
        "title": "Bài 1 trang 161 Địa Lí 10:  Môi trường tự nhiên....",
        "url": "giai-dia-li-lop-10_bai-1-trang-161-dia-li-10",
        "level": 0
    },
    {
        "type": "category",
        "title": "Bài 2 trang 161 Địa Lí 10:  Em hãy lấy ví dụ chứng minh rằng....",
        "url": "giai-dia-li-lop-10_bai-2-trang-161-dia-li-10",
        "level": 0
    },
    {
        "type": "category",
        "title": "Bài 3 trang 161 Địa Lí 10:  Môi trường địa lí có chức năng....",
        "url": "giai-dia-li-lop-10_bai-3-trang-161-dia-li-10",
        "level": 0
    }
]