[
    {
        "type": "category",
        "title": "Trả lời câu hỏi Địa Lí 10 Bài 29 trang 113:  Tại sao ở phần lớn các nước....",
        "url": "giai-dia-li-lop-10_tra-loi-cau-hoi-dia-li-10-bai-29-trang-113",
        "level": 0
    },
    {
        "type": "category",
        "title": "Trả lời câu hỏi Địa Lí 10 Bài 29 trang 114:  Ở địa phương em hiện nay....",
        "url": "giai-dia-li-lop-10_tra-loi-cau-hoi-dia-li-10-bai-29-trang-114",
        "level": 0
    },
    {
        "type": "category",
        "title": "Trả lời câu hỏi Địa Lí 10 Bài 29 trang 115:  Dựa vào hình 29.3, em có....",
        "url": "giai-dia-li-lop-10_tra-loi-cau-hoi-dia-li-10-bai-29-trang-115",
        "level": 0
    },
    {
        "type": "category",
        "title": "Trả lời câu hỏi Địa Lí 10 Bài 29 trang 116:  Ở địa phương em đang....",
        "url": "giai-dia-li-lop-10_tra-loi-cau-hoi-dia-li-10-bai-29-trang-116",
        "level": 0
    },
    {
        "type": "category",
        "title": "Bài 1 trang 116 Địa Lí 10:  Em hãy nêu rõ vai trò....",
        "url": "giai-dia-li-lop-10_bai-1-trang-116-dia-li-10",
        "level": 0
    },
    {
        "type": "category",
        "title": "Bài 2 trang 116 Địa Lí 10:  Cho bảng số liệu....",
        "url": "giai-dia-li-lop-10_bai-2-trang-116-dia-li-10",
        "level": 0
    },
    {
        "type": "category",
        "title": "Bài 3 trang 116 Địa Lí 10:  Tái ao ngành nuôi trồng....",
        "url": "giai-dia-li-lop-10_bai-3-trang-116-dia-li-10",
        "level": 0
    }
]