[
    {
        "type": "category",
        "title": "Trả lời câu hỏi Địa Lí 10 Bài 23 trang 89:  Cơ cấu dân số theo giới....",
        "url": "giai-dia-li-lop-10_tra-loi-cau-hoi-dia-li-10-bai-23-trang-89",
        "level": 0
    },
    {
        "type": "category",
        "title": "Trả lời câu hỏi Địa Lí 10 Bài 23 trang 90:  Cơ cấu dân số già và....",
        "url": "giai-dia-li-lop-10_tra-loi-cau-hoi-dia-li-10-bai-23-trang-90",
        "level": 0
    },
    {
        "type": "category",
        "title": "Trả lời câu hỏi Địa Lí 10 Bài 23 trang 91:  Dựa vào hình 23.2....",
        "url": "giai-dia-li-lop-10_tra-loi-cau-hoi-dia-li-10-bai-23-trang-91",
        "level": 0
    },
    {
        "type": "category",
        "title": "Bài 1 trang 92 Địa Lí 10:  Hãy trình bày cơ cấu dân số....",
        "url": "giai-dia-li-lop-10_bai-1-trang-92-dia-li-10",
        "level": 0
    },
    {
        "type": "category",
        "title": "Bài 2 trang 92 Địa Lí 10:  Có những kiểu tháp dân số....",
        "url": "giai-dia-li-lop-10_bai-2-trang-92-dia-li-10",
        "level": 0
    },
    {
        "type": "category",
        "title": "Bài 3 trang 92 Địa Lí 10:  Cho bảng số liệu....",
        "url": "giai-dia-li-lop-10_bai-3-trang-92-dia-li-10",
        "level": 0
    }
]