[
    {
        "type": "category",
        "title": "Trả lời câu hỏi Địa Lí 10 Bài 35 trang 135:  Dựa vào sơ đồ trên, em hãy....",
        "url": "giai-dia-li-lop-10_tra-loi-cau-hoi-dia-li-10-bai-35-trang-135",
        "level": 0
    },
    {
        "type": "category",
        "title": "Trả lời câu hỏi Địa Lí 10 Bài 35 trang 136:  Dựa vào hình 35, hãy trình bày....",
        "url": "giai-dia-li-lop-10_tra-loi-cau-hoi-dia-li-10-bai-35-trang-136",
        "level": 0
    },
    {
        "type": "category",
        "title": "Bài 1 trang 137 Địa Lí 10:  Thế nào là ngành dịch vụ....",
        "url": "giai-dia-li-lop-10_bai-1-trang-137-dia-li-10",
        "level": 0
    },
    {
        "type": "category",
        "title": "Bài 2 trang 137 Địa Lí 10:  Trình bày tình hình phát triển....",
        "url": "giai-dia-li-lop-10_bai-2-trang-137-dia-li-10",
        "level": 0
    },
    {
        "type": "category",
        "title": "Bài 3 trang 137 Địa Lí 10:  Vẽ sơ đồ các nhân tố ảnh hưởng....",
        "url": "giai-dia-li-lop-10_bai-3-trang-137-dia-li-10",
        "level": 0
    },
    {
        "type": "category",
        "title": "Bài 4 trang 137 Địa Lí 10:  Dựa vào bảng số liệu....",
        "url": "giai-dia-li-lop-10_bai-4-trang-137-dia-li-10",
        "level": 0
    }
]