[
    {
        "type": "category",
        "title": "Trả lời câu hỏi Địa Lí 10 Bài 8 trang 31:  Dựa vào kiến thức đã học....",
        "url": "giai-dia-li-lop-10_tra-loi-cau-hoi-dia-li-10-bai-8-trang-31",
        "level": 0
    },
    {
        "type": "category",
        "title": "Bài 1 trang 31 Địa Lí 10:  Nội lực là gì....",
        "url": "giai-dia-li-lop-10_bai-1-trang-31-dia-li-10",
        "level": 0
    },
    {
        "type": "category",
        "title": "Bài 2 trang 31 Địa Lí 10:  Trình bày các vận động....",
        "url": "giai-dia-li-lop-10_bai-2-trang-31-dia-li-10",
        "level": 0
    }
]