[
    {
        "type": "category",
        "title": "Trả lời câu hỏi Địa Lí 10 Bài 37 trang 142:  Tại sao châu Âu và vùng....",
        "url": "giai-dia-li-lop-10_tra-loi-cau-hoi-dia-li-10-bai-37-trang-142",
        "level": 0
    },
    {
        "type": "category",
        "title": "Trả lời câu hỏi Địa Lí 10 Bài 37 trang 143:  Dựa vào hình 37.2....",
        "url": "giai-dia-li-lop-10_tra-loi-cau-hoi-dia-li-10-bai-37-trang-143",
        "level": 0
    },
    {
        "type": "category",
        "title": "Trả lời câu hỏi Địa Lí 10 Bài 37 trang 144:  Tại sao phần lớn các hải cảng....",
        "url": "giai-dia-li-lop-10_tra-loi-cau-hoi-dia-li-10-bai-37-trang-144",
        "level": 0
    },
    {
        "type": "category",
        "title": "Bài 1 trang 146 Địa Lí 10:  Hãy so sánh những ưu điểm....",
        "url": "giai-dia-li-lop-10_bai-1-trang-146-dia-li-10",
        "level": 0
    },
    {
        "type": "category",
        "title": "Bài 2 trang 146 Địa Lí 10:  Hãy nêu những ưu điểm....",
        "url": "giai-dia-li-lop-10_bai-2-trang-146-dia-li-10",
        "level": 0
    },
    {
        "type": "category",
        "title": "Bài 3 trang 146 Địa Lí 10:  Xác định trên bản đồ những....",
        "url": "giai-dia-li-lop-10_bai-3-trang-146-dia-li-10",
        "level": 0
    }
]