[
    {
        "type": "category",
        "title": "Trả lời câu hỏi Địa Lí 10 Bài 1 trang 5:  Dựa vào hình 1.3b....",
        "url": "giai-dia-li-lop-10_tra-loi-cau-hoi-dia-li-10-bai-1-trang-5",
        "level": 0
    },
    {
        "type": "category",
        "title": "Trả lời câu hỏi Địa Lí 10 Bài 1 trang 6:  Dựa vào hình 1.5a....",
        "url": "giai-dia-li-lop-10_tra-loi-cau-hoi-dia-li-10-bai-1-trang-6",
        "level": 0
    },
    {
        "type": "category",
        "title": "Bài 1 trang 8 Địa Lí 10:  Kẻ lại bảng và điền....",
        "url": "giai-dia-li-lop-10_bai-1-trang-8-dia-li-10",
        "level": 0
    },
    {
        "type": "category",
        "title": "Bài 2 trang 8 Địa Lí 10:  Hãy cho biết từng phép....",
        "url": "giai-dia-li-lop-10_bai-2-trang-8-dia-li-10",
        "level": 0
    }
]