[
    {
        "type": "category",
        "title": "Trả lời câu hỏi Địa Lí 10 Bài 39 trang 151:  Ngành thông tin liên lạc....",
        "url": "giai-dia-li-lop-10_tra-loi-cau-hoi-dia-li-10-bai-39-trang-151",
        "level": 0
    },
    {
        "type": "category",
        "title": "Trả lời câu hỏi Địa Lí 10 Bài 39 trang 152:  Theo em biết, thì internet...; Dựa vào hình 39....",
        "url": "giai-dia-li-lop-10_tra-loi-cau-hoi-dia-li-10-bai-39-trang-152",
        "level": 0
    },
    {
        "type": "category",
        "title": "Bài 1 trang 153 Địa Lí 10:  Vẽ biểu đồ thích hợp thể hiện....",
        "url": "giai-dia-li-lop-10_bai-1-trang-153-dia-li-10",
        "level": 0
    },
    {
        "type": "category",
        "title": "Bài 2 trang 153 Địa Lí 10:  Tìm các ví dụ chứng minh....",
        "url": "giai-dia-li-lop-10_bai-2-trang-153-dia-li-10",
        "level": 0
    }
]