[
    {
        "type": "category",
        "title": "Trả lời câu hỏi Địa Lí 10 Bài 33 trang 132:  Em nãy nêu ví dụ...; Quan sát bảng một số....",
        "url": "giai-dia-li-lop-10_tra-loi-cau-hoi-dia-li-10-bai-33-trang-132",
        "level": 0
    },
    {
        "type": "category",
        "title": "Bài 1 trang 132 Địa Lí 10:  Em hãy nêu những đặc điểm....",
        "url": "giai-dia-li-lop-10_bai-1-trang-132-dia-li-10",
        "level": 0
    },
    {
        "type": "category",
        "title": "Bài 2 trang 132 Địa Lí 10:  Tại sao ở các nước đang phát triển....",
        "url": "giai-dia-li-lop-10_bai-2-trang-132-dia-li-10",
        "level": 0
    },
    {
        "type": "category",
        "title": "Bài 3 trang 132 Địa Lí 10:  Em hãy sưu tầm tài liệu....",
        "url": "giai-dia-li-lop-10_bai-3-trang-132-dia-li-10",
        "level": 0
    }
]