[
    {
        "type": "category",
        "title": "Trả lời câu hỏi Địa Lí 10 Bài 9 trang 32:  Vì sao quá trình...; Vì sao phong hóa lí học....",
        "url": "giai-dia-li-lop-10_tra-loi-cau-hoi-dia-li-10-bai-9-trang-32",
        "level": 0
    },
    {
        "type": "category",
        "title": "Trả lời câu hỏi Địa Lí 10 Bài 9 trang 34:  Hãy kể tên một vài dạng....",
        "url": "giai-dia-li-lop-10_tra-loi-cau-hoi-dia-li-10-bai-9-trang-34",
        "level": 0
    },
    {
        "type": "category",
        "title": "Bài 1 trang 34 Địa Lí 10:  Ngoại lực là gì....",
        "url": "giai-dia-li-lop-10_bai-1-trang-34-dia-li-10",
        "level": 0
    },
    {
        "type": "category",
        "title": "Bài 2 trang 34 Địa Lí 10:  Sự khác nhau giữa....",
        "url": "giai-dia-li-lop-10_bai-2-trang-34-dia-li-10",
        "level": 0
    },
    {
        "type": "category",
        "title": "Bài 3 trang 34 Địa Lí 10:  Hãy nêu một vài hoạt động....",
        "url": "giai-dia-li-lop-10_bai-3-trang-34-dia-li-10",
        "level": 0
    }
]