[
    {
        "type": "category",
        "title": "Trả lời câu hỏi Địa Lí 10 Bài 13 trang 50:  Dựa vào kiến thức đã học....",
        "url": "giai-dia-li-lop-10_tra-loi-cau-hoi-dia-li-10-bai-13-trang-50",
        "level": 0
    },
    {
        "type": "category",
        "title": "Trả lời câu hỏi Địa Lí 10 Bài 13 trang 51:  Dựa vào kiến thức đã học....",
        "url": "giai-dia-li-lop-10_tra-loi-cau-hoi-dia-li-10-bai-13-trang-51",
        "level": 0
    },
    {
        "type": "category",
        "title": "Trả lời câu hỏi Địa Lí 10 Bài 13 trang 52:  Dựa vào hình 13.2 và....",
        "url": "giai-dia-li-lop-10_tra-loi-cau-hoi-dia-li-10-bai-13-trang-52",
        "level": 0
    },
    {
        "type": "category",
        "title": "Bài 1 trang 52 Địa Lí 10:  Hãy trình bày những nhân tố....",
        "url": "giai-dia-li-lop-10_bai-1-trang-52-dia-li-10",
        "level": 0
    },
    {
        "type": "category",
        "title": "Bài 2 trang 52 Địa Lí 10:  Dựa vào hình 13.1....",
        "url": "giai-dia-li-lop-10_bai-2-trang-52-dia-li-10",
        "level": 0
    },
    {
        "type": "category",
        "title": "Bài 3 trang 52 Địa Lí 10:  Dựa vào hình 13.2....",
        "url": "giai-dia-li-lop-10_bai-3-trang-52-dia-li-10",
        "level": 0
    }
]