[
    {
        "type": "category",
        "title": "Trả lời câu hỏi Địa Lí 10 Bài 26 trang 99:  Dựa vào sơ đồ trên....",
        "url": "giai-dia-li-lop-10_tra-loi-cau-hoi-dia-li-10-bai-26-trang-99",
        "level": 0
    },
    {
        "type": "category",
        "title": "Trả lời câu hỏi Địa Lí 10 Bài 26 trang 100:  Em hãy nêu ví dụ....",
        "url": "giai-dia-li-lop-10_tra-loi-cau-hoi-dia-li-10-bai-26-trang-100",
        "level": 0
    },
    {
        "type": "category",
        "title": "Trả lời câu hỏi Địa Lí 10 Bài 26 trang 101:  Dựa vào sơ đồ trên...; Dựa vào bảng 26....",
        "url": "giai-dia-li-lop-10_tra-loi-cau-hoi-dia-li-10-bai-26-trang-101",
        "level": 0
    },
    {
        "type": "category",
        "title": "Bài 1 trang 102 Địa Lí 10:  Phân biệt các loại nguồn lực....",
        "url": "giai-dia-li-lop-10_bai-1-trang-102-dia-li-10",
        "level": 0
    },
    {
        "type": "category",
        "title": "Bài 2 trang 102 Địa Lí 10:  Cho bảng số liệu....",
        "url": "giai-dia-li-lop-10_bai-2-trang-102-dia-li-10",
        "level": 0
    }
]