[
    {
        "type": "category",
        "title": "Trả lời câu hỏi Địa Lí 10 Bài 20 trang 76:  Việc phá rừng đầu nguồn sẽ gây ra....",
        "url": "giai-dia-li-lop-10_tra-loi-cau-hoi-dia-li-10-bai-20-trang-76",
        "level": 0
    },
    {
        "type": "category",
        "title": "Bài 1 trang 76 Địa Lí 10:  Nêu khái niệm về lớp vỏ....",
        "url": "giai-dia-li-lop-10_bai-1-trang-76-dia-li-10",
        "level": 0
    },
    {
        "type": "category",
        "title": "Bài 2 trang 76 Địa Lí 10:  Trình bày khái niệm....",
        "url": "giai-dia-li-lop-10_bai-2-trang-76-dia-li-10",
        "level": 0
    },
    {
        "type": "category",
        "title": "Bài 3 trang 76 Địa Lí 10:  Lấy một vài ví dụ minh họa....",
        "url": "giai-dia-li-lop-10_bai-3-trang-76-dia-li-10",
        "level": 0
    }
]