[
    {
        "type": "category",
        "title": "Trả lời câu hỏi Địa Lí 10 Bài 28 trang 108:  Em có nhận xét gì về....",
        "url": "giai-dia-li-lop-10_tra-loi-cau-hoi-dia-li-10-bai-28-trang-108",
        "level": 0
    },
    {
        "type": "category",
        "title": "Trả lời câu hỏi Địa Lí 10 Bài 28 trang 111:  Dựa vào hình 28.5, em hãy....",
        "url": "giai-dia-li-lop-10_tra-loi-cau-hoi-dia-li-10-bai-28-trang-111",
        "level": 0
    },
    {
        "type": "category",
        "title": "Bài 1 trang 112 Địa Lí 10:  Cho bảng số liệu....",
        "url": "giai-dia-li-lop-10_bai-1-trang-112-dia-li-10",
        "level": 0
    },
    {
        "type": "category",
        "title": "Bài 2 trang 112 Địa Lí 10:  Nêu rõ những đặc điểm....",
        "url": "giai-dia-li-lop-10_bai-2-trang-112-dia-li-10",
        "level": 0
    },
    {
        "type": "category",
        "title": "Bài 3 trang 112 Địa Lí 10:  Tại sao phải chú trọng....",
        "url": "giai-dia-li-lop-10_bai-3-trang-112-dia-li-10",
        "level": 0
    }
]