[
    {
        "type": "category",
        "title": "Trả lời câu hỏi Địa Lí 10 Bài 21 trang 77:  Dựa vào hình 12.1....",
        "url": "giai-dia-li-lop-10_tra-loi-cau-hoi-dia-li-10-bai-21-trang-77",
        "level": 0
    },
    {
        "type": "category",
        "title": "Trả lời câu hỏi Địa Lí 10 Bài 21 trang 78:  Dựa vào kiến thức đã học...; Dựa vào hình 19.1 và....",
        "url": "giai-dia-li-lop-10_tra-loi-cau-hoi-dia-li-10-bai-21-trang-78",
        "level": 0
    },
    {
        "type": "category",
        "title": "Trả lời câu hỏi Địa Lí 10 Bài 21 trang 79:  Quan sát hình 19.1....",
        "url": "giai-dia-li-lop-10_tra-loi-cau-hoi-dia-li-10-bai-21-trang-79",
        "level": 0
    },
    {
        "type": "category",
        "title": "Bài 1 trang 79 Địa Lí 10:  Trình bày khái niệm, nguyên nhân....",
        "url": "giai-dia-li-lop-10_bai-1-trang-79-dia-li-10",
        "level": 0
    },
    {
        "type": "category",
        "title": "Bài 2 trang 79 Địa Lí 10:  Hãy lấy những ví dụ chứng minh....",
        "url": "giai-dia-li-lop-10_bai-2-trang-79-dia-li-10",
        "level": 0
    }
]