[
    {
        "type": "category",
        "title": "Trả lời câu hỏi Địa Lí 10 Bài 15 trang 56:  Dựa vào hình 15....",
        "url": "giai-dia-li-lop-10_tra-loi-cau-hoi-dia-li-10-bai-15-trang-56",
        "level": 0
    },
    {
        "type": "category",
        "title": "Trả lời câu hỏi Địa Lí 10 Bài 15 trang 57:  Hãy nêu ví dụ minh họa...; Dựa vào kiến thức đã học....",
        "url": "giai-dia-li-lop-10_tra-loi-cau-hoi-dia-li-10-bai-15-trang-57",
        "level": 0
    },
    {
        "type": "category",
        "title": "Bài 1 trang 58 Địa Lí 10:  Dựa vào hình 15 hãy chứng minh....",
        "url": "giai-dia-li-lop-10_bai-1-trang-58-dia-li-10",
        "level": 0
    },
    {
        "type": "category",
        "title": "Bài 2 trang 58 Địa Lí 10:  Hãy trình bày những nhân tố....",
        "url": "giai-dia-li-lop-10_bai-2-trang-58-dia-li-10",
        "level": 0
    }
]