[
    {
        "type": "category",
        "title": "Phần một: Địa lí tự nhiên",
        "url": "",
        "level": 0
    },
    {
        "type": "category",
        "title": "Chương 1: Bản đồ",
        "url": "giai-dia-li-lop-10_chuong-1-ban-do",
        "level": 1
    },
    {
        "type": "category",
        "title": "Bài 1: Các phép chiếu hình bản đồ cơ bản",
        "url": "giai-dia-li-lop-10_bai-1-cac-phep-chieu-hinh-ban-do-co-ban",
        "level": 2
    },
    {
        "type": "category",
        "title": "Bài 2: Một số phương pháp biểu hiện các đối tượng địa lí trên bản đồ",
        "url": "giai-dia-li-lop-10_bai-2-mot-so-phuong-phap-bieu-hien-cac-doi-tuong-dia-li-tren-ban-do",
        "level": 2
    },
    {
        "type": "category",
        "title": "Bài 3: Sử dụng bản đồ trong học tập và đời sống",
        "url": "giai-dia-li-lop-10_bai-3-su-dung-ban-do-trong-hoc-tap-va-doi-song",
        "level": 2
    },
    {
        "type": "category",
        "title": "Bài 4: Thực hành: Xác định một số phương pháp biểu hiện các đối tượng địa lí trên bản đồ",
        "url": "giai-dia-li-lop-10_bai-4-thuc-hanh-xac-dinh-mot-so-phuong-phap-bieu-hien",
        "level": 2
    },
    {
        "type": "category",
        "title": "Chương 2: Vũ trụ. Hệ quả các chuyển động của trái đất",
        "url": "giai-dia-li-lop-10_chuong-2-vu-tru-he-qua-cac-chuyen-dong-cua-trai-dat",
        "level": 1
    },
    {
        "type": "category",
        "title": "Bài 5: Vũ Trụ. Hệ Mặt Trời và Trái Đất. Hệ quả của chuyển động tự quay quanh trục của Trái Đất",
        "url": "giai-dia-li-lop-10_bai-5-vu-tru-he-mat-troi-va-trai-dat-he-qua-cua-chuyen-dong",
        "level": 2
    },
    {
        "type": "category",
        "title": "Bài 6: Hệ quả chuyển động xung quanh Mặt Trời của Trái Đất",
        "url": "giai-dia-li-lop-10_bai-6-he-qua-chuyen-dong-xung-quanh-mat-troi-cua-trai-dat",
        "level": 2
    },
    {
        "type": "category",
        "title": "Chương 3: Cấu trúc của trái đất. Các quyển của lớp vỏ địa lí",
        "url": "giai-dia-li-lop-10_chuong-3-cau-truc-cua-trai-dat-cac-quyen-cua-lop-vo-dia-li",
        "level": 1
    },
    {
        "type": "category",
        "title": "Bài 7: Cấu trúc của Trái Đất. Thạch quyển. Thuyết kiến tạo mảng",
        "url": "giai-dia-li-lop-10_bai-7-cau-truc-cua-trai-dat-thach-quyen-thuyet-kien-tao-mang",
        "level": 2
    },
    {
        "type": "category",
        "title": "Bài 8: Tác động của nội lực đến địa hình bề mặt Trái Đất",
        "url": "giai-dia-li-lop-10_bai-8-tac-dong-cua-noi-luc-den-dia-hinh-be-mat-trai-dat",
        "level": 2
    },
    {
        "type": "category",
        "title": "Bài 9: Tác động của ngoại lực đến địa hình bề mặt Trái Đất",
        "url": "giai-dia-li-lop-10_bai-9-tac-dong-cua-ngoai-luc-den-dia-hinh-be-mat-trai-dat",
        "level": 2
    },
    {
        "type": "category",
        "title": "Bài 9: Tác động của ngoại lực đến địa hình bề mặt Trái Đất (tiếp)",
        "url": "giai-dia-li-lop-10_bai-9-tac-dong-cua-ngoai-luc-den-dia-hinh-be-mat-trai-dat-tiep",
        "level": 2
    },
    {
        "type": "category",
        "title": "Bài 10: Thực hành: Nhận xét về sự phân bố các vành đai động đất, núi lửa và các vùng núi trẻ trên bản đồ",
        "url": "giai-dia-li-lop-10_bai-10-thuc-hanh-nhan-xet-ve-su-phan-bo-cac-vanh-dai-dong-dat-nui-lua",
        "level": 2
    },
    {
        "type": "category",
        "title": "Bài 11: Khí quyển. Sự phân bố nhiệt độ không khí trên Trái Đất",
        "url": "giai-dia-li-lop-10_bai-11-khi-quyen-su-phan-bo-nhiet-do-khong-khi-tren-trai-dat",
        "level": 2
    },
    {
        "type": "category",
        "title": "Bài 12: Sự phân bố khí áp. Một số loại gió chính",
        "url": "giai-dia-li-lop-10_bai-12-su-phan-bo-khi-ap-mot-so-loai-gio-chinh",
        "level": 2
    },
    {
        "type": "category",
        "title": "Bài 13: Ngưng đọng hơi nước trong khí quyển. Mưa",
        "url": "giai-dia-li-lop-10_bai-13-ngung-dong-hoi-nuoc-trong-khi-quyen-mua",
        "level": 2
    },
    {
        "type": "category",
        "title": "Bài 14: Thực hành: Đọc bản đồ sự phân hóa các đới và các kiểu khí hậu trên Trái Đất. Phân tích biểu đồ một số kiểu khí hậu",
        "url": "giai-dia-li-lop-10_bai-14-thuc-hanh-doc-ban-do-su-phan-hoa-cac-doi-va-kieu-khi-hau",
        "level": 2
    },
    {
        "type": "category",
        "title": "Bài 15: Thủy quyển. Một số nhân tố ảnh hưởng đến chế độ nước sông. Một số sông lớn trên Trái Đất",
        "url": "giai-dia-li-lop-10_bai-15-thuy-quyen-mot-so-nhan-to-anh-huong-toi-che-do-nuoc",
        "level": 2
    },
    {
        "type": "category",
        "title": "Bài 16: Sông. Thủy triều. Dòng biển",
        "url": "giai-dia-li-lop-10_bai-16-song-thuy-trieu-dong-bien",
        "level": 2
    },
    {
        "type": "category",
        "title": "Bài 17: Thổ nhưỡng quyển. Các nhân tố hình thành thổ nhưỡng",
        "url": "giai-dia-li-lop-10_bai-17-tho-nhuong-quyen-cac-nhan-to-hinh-thanh-tho-nhuong",
        "level": 2
    },
    {
        "type": "category",
        "title": "Bài 18: Sinh quyển. Các nhân tố ảnh hưởng tới sự phát triển và phân bố của sinh vật",
        "url": "giai-dia-li-lop-10_bai-18-sinh-quyen-cac-nhan-to-anh-huong-toi-su-phat-trien",
        "level": 2
    },
    {
        "type": "category",
        "title": "Bài 19: Sự phân bố của sinh vật và đất trên Trái Đất",
        "url": "giai-dia-li-lop-10_bai-19-su-phan-bo-cua-sinh-vat-tren-trai-dat",
        "level": 2
    },
    {
        "type": "category",
        "title": "Chương 4: Một số quy luật của lớp vỏ địa lí",
        "url": "giai-dia-li-lop-10_chuong-4-mot-so-quy-luat-cua-lop-vo-dia-li",
        "level": 1
    },
    {
        "type": "category",
        "title": "Bài 20: Lớp vỏ địa lí. Quy luật thống nhất và hoàn chỉnh của lớp vỏ địa lí",
        "url": "giai-dia-li-lop-10_bai-20-lop-vo-dia-li-quy-luat-thong-nhat-va-hoan-chinh",
        "level": 2
    },
    {
        "type": "category",
        "title": "Bài 21: Quy luật địa đới và quy luật phi địa đới",
        "url": "giai-dia-li-lop-10_bai-21-quy-luat-dia-doi-va-quy-luat-phi-dia-doi",
        "level": 2
    },
    {
        "type": "category",
        "title": "Phần hai: Địa lí kinh tế - xã hội",
        "url": "",
        "level": 0
    },
    {
        "type": "category",
        "title": "Chương 5: Địa lí dân cư",
        "url": "giai-dia-li-lop-10_chuong-5-dia-li-dan-cu",
        "level": 1
    },
    {
        "type": "category",
        "title": "Bài 22: Dân số và sự gia tăng dân số",
        "url": "giai-dia-li-lop-10_bai-22-dan-so-va-su-gia-tang-dan-so",
        "level": 2
    },
    {
        "type": "category",
        "title": "Bài 23: Cơ cấu dân số",
        "url": "giai-dia-li-lop-10_bai-23-co-cau-dan-so",
        "level": 2
    },
    {
        "type": "category",
        "title": "Bài 24: Phân bố dân cư. Các loại hình quần cư và đô thị hóa",
        "url": "giai-dia-li-lop-10_bai-24-phan-bo-dan-cu-cac-loai-hinh-quan-cu-va-do-thi-hoa",
        "level": 2
    },
    {
        "type": "category",
        "title": "Bài 25: Thực hành: Phân tích bản đồ phân nố dân cư thế giới",
        "url": "giai-dia-li-lop-10_bai-25-thuc-hanh-phan-tich-ban-do-dan-cu-the-gioi",
        "level": 2
    },
    {
        "type": "category",
        "title": "Chương 6: Cơ cấu nền kinh tế",
        "url": "giai-dia-li-lop-10_chuong-6-co-cau-nen-kinh-te",
        "level": 1
    },
    {
        "type": "category",
        "title": "Bài 26: Cơ cấu nền kinh tế",
        "url": "giai-dia-li-lop-10_bai-26-co-cau-nen-kinh-te",
        "level": 2
    },
    {
        "type": "category",
        "title": "Chương 7: Địa lí nông nghiệp",
        "url": "giai-dia-li-lop-10_chuong-7-dia-li-nong-nghiep",
        "level": 1
    },
    {
        "type": "category",
        "title": "Bài 27: Vai trò, đặc điểm, các nhân tố ảnh hưởng tới phát triển và phân bố nông nghiệp. Một số hình thức tổ chức lãnh thổ nông nghiệp",
        "url": "giai-dia-li-lop-10_bai-27-vai-tro-dac-diem-cac-nhan-to-anh-huong-toi-su-phat-trien",
        "level": 2
    },
    {
        "type": "category",
        "title": "Bài 28: Địa lí ngành trồng trọt",
        "url": "giai-dia-li-lop-10_bai-28-dia-li-nganh-trong-trot",
        "level": 2
    },
    {
        "type": "category",
        "title": "Bài 29: Địa lí ngành chăn nuôi",
        "url": "giai-dia-li-lop-10_bai-29-dia-li-nganh-chan-nuoi",
        "level": 2
    },
    {
        "type": "category",
        "title": "Bài 30: Thực hành: Vẽ và phân tích biểu đồ về sản lượng lương thực, dân số của thế giới và một số quốc gia",
        "url": "giai-dia-li-lop-10_bai-30-thuc-hanh-ve-va-phan-tich-bieu-do-ve-san-luong-luong-thuc",
        "level": 2
    },
    {
        "type": "category",
        "title": "Chương 8: Địa lí công nghiệp",
        "url": "giai-dia-li-lop-10_chuong-8-dia-li-cong-nghiep",
        "level": 1
    },
    {
        "type": "category",
        "title": "Bài 31: Vai trò, đặc điểm của công nghiệp. Các nhân tố ảnh hưởng tới phát triển và phân bố công nghiệp",
        "url": "giai-dia-li-lop-10_bai-31-vai-tro-dac-diem-cua-cong-nghiep-cac-nhan-to-anh-huong",
        "level": 2
    },
    {
        "type": "category",
        "title": "Bài 32: Địa lí các ngành công nghiệp",
        "url": "giai-dia-li-lop-10_bai-32-dia-li-cac-nganh-cong-nghiep",
        "level": 2
    },
    {
        "type": "category",
        "title": "Bài 32: Địa lí các ngành công nghiệp (tiếp)",
        "url": "giai-dia-li-lop-10_bai-32-dia-li-cac-nganh-cong-nghiep-tiep",
        "level": 2
    },
    {
        "type": "category",
        "title": "Bài 33: Một số hình thức chủ yếu của tổ chức lãnh thổ công nghiệp",
        "url": "giai-dia-li-lop-10_bai-33-mot-so-hinh-thuc-chu-yeu-cua-to-chuc-lanh-tho-cong-nghiep",
        "level": 2
    },
    {
        "type": "category",
        "title": "Bài 34: Thực hành: Vẽ biểu đồ tình hình sản xuất một số sản phẩm công nghiệp trên thế giới",
        "url": "giai-dia-li-lop-10_bai-34-thuc-hanh-ve-bieu-do-tinh-hinh-san-xuat-mot-so-san-pham",
        "level": 2
    },
    {
        "type": "category",
        "title": "Chương 9: Địa lí dịch vụ",
        "url": "giai-dia-li-lop-10_chuong-9-dia-li-dich-vu",
        "level": 1
    },
    {
        "type": "category",
        "title": "Bài 35: Vai trò, các nhân tố ảnh hưởng và đặc điểm phân bố các ngành dịch vụ",
        "url": "giai-dia-li-lop-10_bai-35-vai-tro-cac-nhan-to-anh-huong-va-dac-diem-phan-bo",
        "level": 2
    },
    {
        "type": "category",
        "title": "Bài 36: Vai trò, đặc điểm  và các nhân tố ảnh hưởng đến phát triển, phân bố ngành giao thông vận tải",
        "url": "giai-dia-li-lop-10_bai-36-vai-tro-dac-diem-va-cac-nhan-to-anh-huong-den-phat-trien",
        "level": 2
    },
    {
        "type": "category",
        "title": "Bài 37: Địa lí các ngành giao thông vận tải",
        "url": "giai-dia-li-lop-10_bai-37-dia-li-cac-nganh-giao-thong-van-tai",
        "level": 2
    },
    {
        "type": "category",
        "title": "Bài 38: Thực hành: Viết báo cáo ngắn về kênh đào Xuy-ê và kênh dào Pa-na-ma",
        "url": "giai-dia-li-lop-10_bai-38-thuc-hanh-viet-bao-cao-ngan-ve-kenh-dao-xuye",
        "level": 2
    },
    {
        "type": "category",
        "title": "Bài 39: Địa lí ngành thông tin liên lạc",
        "url": "giai-dia-li-lop-10_bai-39-dia-li-nganh-thong-tin-lien-lac",
        "level": 2
    },
    {
        "type": "category",
        "title": "Bài 40: Địa lí ngành thương mại",
        "url": "giai-dia-li-lop-10_bai-40-dia-li-nganh-thuong-mai",
        "level": 2
    },
    {
        "type": "category",
        "title": "Chương 10: Môi trường và sự phát triển bền vững",
        "url": "giai-dia-li-lop-10_chuong-10-moi-truong-va-su-phat-trien-ben-vung",
        "level": 1
    },
    {
        "type": "category",
        "title": "Bài 41: Môi trường và tài nguyên thiên nhiên",
        "url": "giai-dia-li-lop-10_bai-41-moi-truong-va-tai-nguyen-thien-nhien",
        "level": 2
    },
    {
        "type": "category",
        "title": "Bài 42: Môi trường và sự phát triển bền vững",
        "url": "giai-dia-li-lop-10_bai-42-moi-truong-va-su-phat-trien-ben-vung",
        "level": 2
    }
]