[
    {
        "type": "category",
        "title": "Phần trả lời câu hỏi C SGK Vật Lý 10: C1. Em hãy cho biết giá trị nhiệt độ chỉ...",
        "url": "giai-bai-tap-vat-ly-10_tra-loi-cau-hoi-sgk-vat-ly-10-bai-7",
        "level": 0
    },
    {
        "type": "category",
        "title": "Bài 1 (trang 44 SGK Vật Lý 10): Hãy tính thời gian rơi trung bình, sai số ...",
        "url": "giai-bai-tap-vat-ly-10_bai-1-trang-44-sgk-vat-ly-10",
        "level": 0
    },
    {
        "type": "category",
        "title": "Bài 2 (trang 44 SGK Vật Lý 10): Dùng một thước milimet đo 5 lần  khoảng cách ...",
        "url": "giai-bai-tap-vat-ly-10_bai-2-trang-44-sgk-vat-ly-10",
        "level": 0
    },
    {
        "type": "category",
        "title": "Bài 3 (trang 44 SGK Vật Lý 10): Cho công thức tính vận tốc tại B : ...",
        "url": "giai-bai-tap-vat-ly-10_bai-3-trang-44-sgk-vat-ly-10",
        "level": 0
    }
]