[
    {
        "type": "category",
        "title": "Phần trả lời câu hỏi C SGK Vật Lý 10: C1. Cho biết hình tròn có diện tích lớn nhất  ... C2. Từ kết quả thí nghiệm theo  ...",
        "url": "giai-bai-tap-vat-ly-10_tra-loi-cau-hoi-sgk-vat-ly-10-bai-37",
        "level": 0
    },
    {
        "type": "category",
        "title": "Bài 1 (trang 202 SGK Vật Lý 10): Mô tả hiện tượng căng bề mặt của chất lỏng... ",
        "url": "giai-bai-tap-vat-ly-10_bai-1-trang-202-sgk-vat-ly-10",
        "level": 0
    },
    {
        "type": "category",
        "title": "Bài 2 (trang 202 SGK Vật Lý 10): Trình bày thí nghiệm xác định hệ số căng... ",
        "url": "giai-bai-tap-vat-ly-10_bai-2-trang-202-sgk-vat-ly-10",
        "level": 0
    },
    {
        "type": "category",
        "title": "Bài 3 (trang 202 SGK Vật Lý 10): Viết công thức xác định độ lớn của... ",
        "url": "giai-bai-tap-vat-ly-10_bai-3-trang-202-sgk-vat-ly-10",
        "level": 0
    },
    {
        "type": "category",
        "title": "Bài 4 (trang 202 SGK Vật Lý 10): Mô tả hiện tượng dính ướt và hiện tượng ...",
        "url": "giai-bai-tap-vat-ly-10_bai-4-trang-202-sgk-vat-ly-10",
        "level": 0
    },
    {
        "type": "category",
        "title": "Bài 5 (trang 202 SGK Vật Lý 10): Mô tả hiện tượng mao dẫn....",
        "url": "giai-bai-tap-vat-ly-10_bai-5-trang-202-sgk-vat-ly-10",
        "level": 0
    },
    {
        "type": "category",
        "title": "Bài 6 (trang 202 SGK Vật Lý 10): Câu nào dưới đây là không đúng ...",
        "url": "giai-bai-tap-vat-ly-10_bai-6-trang-202-sgk-vat-ly-10",
        "level": 0
    },
    {
        "type": "category",
        "title": "Bài 7 (trang 203 SGK Vật Lý 10): Tại sao chiếc kim khâu có thể nổi trên ...",
        "url": "giai-bai-tap-vat-ly-10_bai-7-trang-203-sgk-vat-ly-10",
        "level": 0
    },
    {
        "type": "category",
        "title": "Bài 8 (trang 203 SGK Vật Lý 10): Câu nào dưới đây là không đúng khi nói về ...",
        "url": "giai-bai-tap-vat-ly-10_bai-8-trang-203-sgk-vat-ly-10",
        "level": 0
    },
    {
        "type": "category",
        "title": "Bài 9 (trang 203 SGK Vật Lý 10): Tại sao nước mưa không lọt qua được ...",
        "url": "giai-bai-tap-vat-ly-10_bai-9-trang-203-sgk-vat-ly-10",
        "level": 0
    },
    {
        "type": "category",
        "title": "Bài 10 (trang 203 SGK Vật Lý 10): Tại sao giọt dầu lại có dạng khối cầu nằm ...",
        "url": "giai-bai-tap-vat-ly-10_bai-10-trang-203-sgk-vat-ly-10",
        "level": 0
    },
    {
        "type": "category",
        "title": "Bài 11 (trang 203 SGK Vật Lý 10): Một vòng xuyến có đường kính ngoài là ...",
        "url": "giai-bai-tap-vat-ly-10_bai-11-trang-203-sgk-vat-ly-10",
        "level": 0
    },
    {
        "type": "category",
        "title": "Bài 12 (trang 203 SGK Vật Lý 10): Một màng xà phòng được căng trên mặt khung ...",
        "url": "giai-bai-tap-vat-ly-10_bai-12-trang-203-sgk-vat-ly-10",
        "level": 0
    }
]