[
    {
        "type": "category",
        "title": "Phần trả lời câu hỏi C SGK Vật Lý 10: C1. Tinh thể của một chất được hình thành  ... C2. Tại sao chất rắn đơn tinh thể có tính  ...",
        "url": "giai-bai-tap-vat-ly-10_tra-loi-cau-hoi-sgk-vat-ly-10-bai-34",
        "level": 0
    },
    {
        "type": "category",
        "title": "Bài 1 (trang 186 SGK Vật Lý 10): Chất rắn kết tinh là gì? ...",
        "url": "giai-bai-tap-vat-ly-10_bai-1-trang-186-sgk-vat-ly-10",
        "level": 0
    },
    {
        "type": "category",
        "title": "Bài 2 (trang 186 SGK Vật Lý 10): Phân biệt chất rắn đơn tinh thể ...",
        "url": "giai-bai-tap-vat-ly-10_bai-2-trang-186-sgk-vat-ly-10",
        "level": 0
    },
    {
        "type": "category",
        "title": "Bài 3 (trang 186 SGK Vật Lý 10): Chất rắn vô định hình là gì? Hãy nêu các tính ...",
        "url": "giai-bai-tap-vat-ly-10_bai-3-trang-186-sgk-vat-ly-10",
        "level": 0
    },
    {
        "type": "category",
        "title": "Bài 4 (trang 187 SGK Vật Lý 10): Phân loại các chất rắn theo cách nào ...",
        "url": "giai-bai-tap-vat-ly-10_bai-4-trang-187-sgk-vat-ly-10",
        "level": 0
    },
    {
        "type": "category",
        "title": "Bài 5 (trang 187 SGK Vật Lý 10): Đặc điểm và tính chất nào dưới đây ...",
        "url": "giai-bai-tap-vat-ly-10_bai-5-trang-187-sgk-vat-ly-10",
        "level": 0
    },
    {
        "type": "category",
        "title": "Bài 6 (trang 187 SGK Vật Lý 10): Đặc điểm và tính chất nào dưới đây liên ...",
        "url": "giai-bai-tap-vat-ly-10_bai-6-trang-187-sgk-vat-ly-10",
        "level": 0
    },
    {
        "type": "category",
        "title": "Bài 7 (trang 187 SGK Vật Lý 10): Kích thước của các tinh thể phụ thuộc ...",
        "url": "giai-bai-tap-vat-ly-10_bai-7-trang-187-sgk-vat-ly-10",
        "level": 0
    },
    {
        "type": "category",
        "title": "Bài 8 (trang 187 SGK Vật Lý 10): Tại sao kim cương và than chì đều ...",
        "url": "giai-bai-tap-vat-ly-10_bai-8-trang-187-sgk-vat-ly-10",
        "level": 0
    },
    {
        "type": "category",
        "title": "Bài 9 (trang 187 SGK Vật Lý 10): Hãy lập bảng phân loại và so sánh các đặc tính ...",
        "url": "giai-bai-tap-vat-ly-10_bai-9-trang-187-sgk-vat-ly-10",
        "level": 0
    }
]