[
    {
        "type": "category",
        "title": "Phần trả lời câu hỏi C SGK Vật Lý 10: C1. Có nhận xét gì về phương của hai dây khi vật đứng yên? ... C2. Em hãy làm như Hình 17.3 và cho biết trọng tâm của  ...",
        "url": "giai-bai-tap-vat-ly-10_tra-loi-cau-hoi-sgk-vat-ly-10-bai-17",
        "level": 0
    },
    {
        "type": "category",
        "title": "Bài 1 (trang 99 SGK Vật Lý 10): Phát biểu điều kiện cân bằng của một vật rắn ...",
        "url": "giai-bai-tap-vat-ly-10_bai-1-trang-99-sgk-vat-ly-10",
        "level": 0
    },
    {
        "type": "category",
        "title": "Bài 2 (trang 99 SGK Vật Lý 10): Trọng tâm của một vật là gì? Trình bày phương pháp xác ...",
        "url": "giai-bai-tap-vat-ly-10_bai-2-trang-99-sgk-vat-ly-10",
        "level": 0
    },
    {
        "type": "category",
        "title": "Bài 3 (trang 100 SGK Vật Lý 10): Cho biết trọng tâm của một số vật đồng chất và có ...",
        "url": "giai-bai-tap-vat-ly-10_bai-3-trang-100-sgk-vat-ly-10",
        "level": 0
    },
    {
        "type": "category",
        "title": "Bài 4 (trang 100 SGK Vật Lý 10): Phát biểu qui tắc tổng hợp hai lực đồng qui...",
        "url": "giai-bai-tap-vat-ly-10_bai-4-trang-100-sgk-vat-ly-10",
        "level": 0
    },
    {
        "type": "category",
        "title": "Bài 5 (trang 100 SGK Vật Lý 10): Điều kiện cân bằng của một vật chịu tác dụng của ba lực ...",
        "url": "giai-bai-tap-vat-ly-10_bai-5-trang-100-sgk-vat-ly-10",
        "level": 0
    },
    {
        "type": "category",
        "title": "Bài 6 (trang 100 SGK Vật Lý 10): Một vật có khối lượng m =  2 kg được giữ yên ...",
        "url": "giai-bai-tap-vat-ly-10_bai-6-trang-100-sgk-vat-ly-10",
        "level": 0
    },
    {
        "type": "category",
        "title": "Bài 7 (trang 100 SGK Vật Lý 10): Hai mặt phẳng đỡ tạo với mặt phẳng ...",
        "url": "giai-bai-tap-vat-ly-10_bai-7-trang-100-sgk-vat-ly-10",
        "level": 0
    },
    {
        "type": "category",
        "title": "Bài 8 (trang 100 SGK Vật Lý 10): Một quả cầu đồng chất có khối lượng 3 kg được ...",
        "url": "giai-bai-tap-vat-ly-10_bai-8-trang-100-sgk-vat-ly-10",
        "level": 0
    }
]