[
    {
        "type": "category",
        "title": "Phần trả lời câu hỏi C SGK Vật Lý 10: C1. Con lắc đơn tạo bởi một vật nặng nhỏ gắn  ... C2. Một vật nhỏ trượt không vận tốc đầu  ...",
        "url": "giai-bai-tap-vat-ly-10_tra-loi-cau-hoi-sgk-vat-ly-10-bai-27",
        "level": 0
    },
    {
        "type": "category",
        "title": "Bài 1 (trang 144 SGK Vật Lý 10): Viết công thức tính cơ năng của vật chuyển ...",
        "url": "giai-bai-tap-vat-ly-10_bai-1-trang-144-sgk-vat-ly-10",
        "level": 0
    },
    {
        "type": "category",
        "title": "Bài 2 (trang 144 SGK Vật Lý 10): Viết công thức tính cơ năng của vật ...",
        "url": "giai-bai-tap-vat-ly-10_bai-2-trang-144-sgk-vat-ly-10",
        "level": 0
    },
    {
        "type": "category",
        "title": "Bài 3 (trang 144 SGK Vật Lý 10): Phát biểu định luật bảo toàn cơ năng...",
        "url": "giai-bai-tap-vat-ly-10_bai-3-trang-144-sgk-vat-ly-10",
        "level": 0
    },
    {
        "type": "category",
        "title": "Bài 4 (trang 144 SGK Vật Lý 10): Nêu một ví dụ về sự chuyển hóa giữa ...",
        "url": "giai-bai-tap-vat-ly-10_bai-4-trang-144-sgk-vat-ly-10",
        "level": 0
    },
    {
        "type": "category",
        "title": "Bài 5 (trang 144 SGK Vật Lý 10): Cơ năng là một đại lượng ...",
        "url": "giai-bai-tap-vat-ly-10_bai-5-trang-144-sgk-vat-ly-10",
        "level": 0
    },
    {
        "type": "category",
        "title": "Bài 6 (trang 144 SGK Vật Lý 10): Khi có tác dụng của cả trọng lực và ...",
        "url": "giai-bai-tap-vat-ly-10_bai-6-trang-144-sgk-vat-ly-10",
        "level": 0
    },
    {
        "type": "category",
        "title": "Bài 7 (trang 145 SGK Vật Lý 10): Một vật nhỏ được ném lên từ một điểm M phía ...",
        "url": "giai-bai-tap-vat-ly-10_bai-7-trang-145-sgk-vat-ly-10",
        "level": 0
    },
    {
        "type": "category",
        "title": "Bài 8 (trang 145 SGK Vật Lý 10): Từ điểm M (có độ cao so với mặt đất bằng 0,8 m)...",
        "url": "giai-bai-tap-vat-ly-10_bai-8-trang-145-sgk-vat-ly-10",
        "level": 0
    }
]