[
    {
        "type": "category",
        "title": "Phần trả lời câu hỏi C SGK Vật Lý 10: C1. Hãy nêu một vài ví dụ về chuyền động tròn đều. ... C2. Một chiếc xe đạp chuyển động đều trên một đường tròn bán ...",
        "url": "giai-bai-tap-vat-ly-10_tra-loi-cau-hoi-sgk-vat-ly-10-bai-5",
        "level": 0
    },
    {
        "type": "category",
        "title": "Bài 1 (trang 34 SGK Vật Lý 10): Chuyển động tròn đều là gì?...",
        "url": "giai-bai-tap-vat-ly-10_bai-1-trang-34-sgk-vat-ly-10",
        "level": 0
    },
    {
        "type": "category",
        "title": "Bài 2 (trang 34 SGK Vật Lý 10): Nêu những đặc điểm cả vecto vận tốc của chuyển động ...",
        "url": "giai-bai-tap-vat-ly-10_bai-2-trang-34-sgk-vat-ly-10",
        "level": 0
    },
    {
        "type": "category",
        "title": "Bài 3 (trang 34 SGK Vật Lý 10): Tốc độ góc là gì? Tốc độ góc được xác đinh ...",
        "url": "giai-bai-tap-vat-ly-10_bai-3-trang-34-sgk-vat-ly-10",
        "level": 0
    },
    {
        "type": "category",
        "title": "Bài 4 (trang 34 SGK Vật Lý 10): Viết công thức liên hệ giữa tốc độ dài và tốc độ góc trong ...",
        "url": "giai-bai-tap-vat-ly-10_bai-4-trang-34-sgk-vat-ly-10",
        "level": 0
    },
    {
        "type": "category",
        "title": "Bài 5 (trang 34 SGK Vật Lý 10): Chu kì của chuyển động tròn đều là gì?...",
        "url": "giai-bai-tap-vat-ly-10_bai-5-trang-34-sgk-vat-ly-10",
        "level": 0
    },
    {
        "type": "category",
        "title": "Bài 6 (trang 34 SGK Vật Lý 10): Tần số của chuyển động tròn đều là gì? ...",
        "url": "giai-bai-tap-vat-ly-10_bai-6-trang-34-sgk-vat-ly-10",
        "level": 0
    },
    {
        "type": "category",
        "title": "Bài 7 (trang 34 SGK Vật Lý 10): Nêu những đặc điểm và viết công thức tính gia tốc...",
        "url": "giai-bai-tap-vat-ly-10_bai-7-trang-34-sgk-vat-ly-10",
        "level": 0
    },
    {
        "type": "category",
        "title": "Bài 8 (trang 34 SGK Vật Lý 10): Chuyển động của vật nào dưới đây là chuyển động tròn đều?...",
        "url": "giai-bai-tap-vat-ly-10_bai-8-trang-34-sgk-vat-ly-10",
        "level": 0
    },
    {
        "type": "category",
        "title": "Bài 9 (trang 34 SGK Vật Lý 10): Câu nào đúng?...",
        "url": "giai-bai-tap-vat-ly-10_bai-9-trang-34-sgk-vat-ly-10",
        "level": 0
    },
    {
        "type": "category",
        "title": "Bài 10 (trang 34 SGK Vật Lý 10): Chỉ ra câu sai....",
        "url": "giai-bai-tap-vat-ly-10_bai-10-trang-34-sgk-vat-ly-10",
        "level": 0
    },
    {
        "type": "category",
        "title": "Bài 11 (trang 34 SGK Vật Lý 10): Một quạt máy quay với tần số 400 vòng/ phút....",
        "url": "giai-bai-tap-vat-ly-10_bai-11-trang-34-sgk-vat-ly-10",
        "level": 0
    },
    {
        "type": "category",
        "title": "Bài 12 (trang 34 SGK Vật Lý 10): Bánh xe đạp có đường kính 0,66 m.... ",
        "url": "giai-bai-tap-vat-ly-10_bai-12-trang-34-sgk-vat-ly-10",
        "level": 0
    },
    {
        "type": "category",
        "title": "Bài 13 (trang 34 SGK Vật Lý 10): Một đồng hồ treo tường có kim phút dài 10 cm và kim giờ... ",
        "url": "giai-bai-tap-vat-ly-10_bai-13-trang-34-sgk-vat-ly-10",
        "level": 0
    },
    {
        "type": "category",
        "title": "Bài 14 (trang 34 SGK Vật Lý 10): Một điểm nằm trên vành ngoài của một lốp xe máy cách.... ",
        "url": "giai-bai-tap-vat-ly-10_bai-14-trang-34-sgk-vat-ly-10",
        "level": 0
    },
    {
        "type": "category",
        "title": "Bài 15 (trang 34 SGK Vật Lý 10): Một chiếc tàu thủy neo tại một điểm trên đường xích đạo...",
        "url": "giai-bai-tap-vat-ly-10_bai-15-trang-34-sgk-vat-ly-10",
        "level": 0
    }
]