[
    {
        "type": "category",
        "title": "Phần trả lời câu hỏi C SGK Vật Lý 10: C1. Lượng khí được chuyển từ trạng thái ...  ",
        "url": "giai-bai-tap-vat-ly-10_tra-loi-cau-hoi-sgk-vat-ly-10-bai-31",
        "level": 0
    },
    {
        "type": "category",
        "title": "Bài 1 (trang 165 SGK Vật Lý 10): Khí lí tưởng là gì?...",
        "url": "giai-bai-tap-vat-ly-10_bai-1-trang-165-sgk-vat-ly-10",
        "level": 0
    },
    {
        "type": "category",
        "title": "Bài 2 (trang 165 SGK Vật Lý 10): Lập phương trình trạng thái của khí lí tưởng....",
        "url": "giai-bai-tap-vat-ly-10_bai-2-trang-165-sgk-vat-ly-10",
        "level": 0
    },
    {
        "type": "category",
        "title": "Bài 3 (trang 165 SGK Vật Lý 10): Viết hệ thức của sự nở đẳng áp của chất khí....",
        "url": "giai-bai-tap-vat-ly-10_bai-3-trang-165-sgk-vat-ly-10",
        "level": 0
    },
    {
        "type": "category",
        "title": "Bài 4 (trang 165 SGK Vật Lý 10): Hãy ghép các quá trình ghi bên trái với các ...",
        "url": "giai-bai-tap-vat-ly-10_bai-4-trang-165-sgk-vat-ly-10",
        "level": 0
    },
    {
        "type": "category",
        "title": "Bài 5 (trang 166 SGK Vật Lý 10): Trong hệ tọa độ (V, T), đường biểu diễn ...",
        "url": "giai-bai-tap-vat-ly-10_bai-5-trang-166-sgk-vat-ly-10",
        "level": 0
    },
    {
        "type": "category",
        "title": "Bài 6 (trang 166 SGK Vật Lý 10): Mối liên hệ giữa áp suất thể tích, nhiệt độ ...",
        "url": "giai-bai-tap-vat-ly-10_bai-6-trang-166-sgk-vat-ly-10",
        "level": 0
    },
    {
        "type": "category",
        "title": "Bài 7 (trang 166 SGK Vật Lý 10): Trong phòng thí nghiệm, người ta điều chế ...",
        "url": "giai-bai-tap-vat-ly-10_bai-7-trang-166-sgk-vat-ly-10",
        "level": 0
    },
    {
        "type": "category",
        "title": "Bài 8 (trang 166 SGK Vật Lý 10): Tính khối lượng riêng của không khí ở đỉnh núi ...",
        "url": "giai-bai-tap-vat-ly-10_bai-8-trang-166-sgk-vat-ly-10",
        "level": 0
    }
]