[
    {
        "type": "category",
        "title": "Phần trả lời câu hỏi C SGK Vật Lý 10: C1. Tại sao cho hai thỏi chì có mặt đáy  ... C2. Tại sao có thể sản xuất thuốc viên  ...",
        "url": "giai-bai-tap-vat-ly-10_tra-loi-cau-hoi-sgk-vat-ly-10-bai-28",
        "level": 0
    },
    {
        "type": "category",
        "title": "Bài 1 (trang 154 SGK Vật Lý 10): Tóm tắt nội dung về cấu tạo chất...",
        "url": "giai-bai-tap-vat-ly-10_bai-1-trang-154-sgk-vat-ly-10",
        "level": 0
    },
    {
        "type": "category",
        "title": "Bài 2 (trang 154 SGK Vật Lý 10): So sánh các thể khí, lỏng, rắn về các mặt sau đây:...",
        "url": "giai-bai-tap-vat-ly-10_bai-2-trang-154-sgk-vat-ly-10",
        "level": 0
    },
    {
        "type": "category",
        "title": "Bài 3 (trang 154 SGK Vật Lý 10): Nêu các tính chất của chuyển động của phân tử ...",
        "url": "giai-bai-tap-vat-ly-10_bai-3-trang-154-sgk-vat-ly-10",
        "level": 0
    },
    {
        "type": "category",
        "title": "Bài 4 (trang 154 SGK Vật Lý 10): Định nghĩa khí lí tưởng...",
        "url": "giai-bai-tap-vat-ly-10_bai-4-trang-154-sgk-vat-ly-10",
        "level": 0
    },
    {
        "type": "category",
        "title": "Bài 5 (trang 154 SGK Vật Lý 10): Tính chất nào sau đây không phải là của phân tử ?...",
        "url": "giai-bai-tap-vat-ly-10_bai-5-trang-154-sgk-vat-ly-10",
        "level": 0
    },
    {
        "type": "category",
        "title": "Bài 6 (trang 154 SGK Vật Lý 10): Khi khoảng các giữa các phân tử rất nhỏ,... ",
        "url": "giai-bai-tap-vat-ly-10_bai-6-trang-154-sgk-vat-ly-10",
        "level": 0
    },
    {
        "type": "category",
        "title": "Bài 7 (trang 155 SGK Vật Lý 10): Tính chất nào sau đây không phải là ...",
        "url": "giai-bai-tap-vat-ly-10_bai-7-trang-155-sgk-vat-ly-10",
        "level": 0
    },
    {
        "type": "category",
        "title": "Bài 8 (trang 155 SGK Vật Lý 10): Nêu ví dụ chứng tỏ giữa các phân tử ...",
        "url": "giai-bai-tap-vat-ly-10_bai-8-trang-155-sgk-vat-ly-10",
        "level": 0
    }
]