[
    {
        "type": "category",
        "title": "Phần trả lời câu hỏi C SGK Vật Lý 10: C1. Dựa vào bảng 39.1, hãy xác định độ ẩm... C2. Với cùng độ ẩm tuyệt đối a, ...",
        "url": "giai-bai-tap-vat-ly-10_tra-loi-cau-hoi-sgk-vat-ly-10-bai-39",
        "level": 0
    },
    {
        "type": "category",
        "title": "Bài 1 (trang 213 SGK Vật Lý 10): Độ ẩm tuyệt đối là gì? Độ ẩm cực đại là gì?...",
        "url": "giai-bai-tap-vat-ly-10_bai-1-trang-213-sgk-vat-ly-10",
        "level": 0
    },
    {
        "type": "category",
        "title": "Bài 2 (trang 213 SGK Vật Lý 10): Độ ẩm tỉ đối là gì? Viết công thức và ...",
        "url": "giai-bai-tap-vat-ly-10_bai-2-trang-213-sgk-vat-ly-10",
        "level": 0
    },
    {
        "type": "category",
        "title": "Bài 3 (trang 213 SGK Vật Lý 10): Viết công thức tính gần đúng của độ ẩm ...",
        "url": "giai-bai-tap-vat-ly-10_bai-3-trang-213-sgk-vat-ly-10",
        "level": 0
    },
    {
        "type": "category",
        "title": "Bài 4 (trang 213 SGK Vật Lý 10): Khi nói về độ ẩm tuyệt đối,...",
        "url": "giai-bai-tap-vat-ly-10_bai-4-trang-213-sgk-vat-ly-10",
        "level": 0
    },
    {
        "type": "category",
        "title": "Bài 5 (trang 214 SGK Vật Lý 10): Khi nói về độ ẩm cực đại, câu nào dưới ...",
        "url": "giai-bai-tap-vat-ly-10_bai-5-trang-214-sgk-vat-ly-10",
        "level": 0
    },
    {
        "type": "category",
        "title": "Bài 6 (trang 214 SGK Vật Lý 10): Ở cùng một nhiệt độ và áp suất,... ",
        "url": "giai-bai-tap-vat-ly-10_bai-6-trang-214-sgk-vat-ly-10",
        "level": 0
    },
    {
        "type": "category",
        "title": "Bài 7 (trang 214 SGK Vật Lý 10): Mặt ngoài của một cốc thủy tinh đang...",
        "url": "giai-bai-tap-vat-ly-10_bai-7-trang-214-sgk-vat-ly-10",
        "level": 0
    },
    {
        "type": "category",
        "title": "Bài 8 (trang 214 SGK Vật Lý 10): Không khí ở 30oC có độ ẩm tuyệt đối... ",
        "url": "giai-bai-tap-vat-ly-10_bai-8-trang-214-sgk-vat-ly-10",
        "level": 0
    },
    {
        "type": "category",
        "title": "Bài 9 (trang 214 SGK Vật Lý 10): Buổi sáng, nhiệt độ không khí là 23oC... ",
        "url": "giai-bai-tap-vat-ly-10_bai-9-trang-214-sgk-vat-ly-10",
        "level": 0
    }
]