[
    {
        "type": "category",
        "title": "Phần trả lời câu hỏi C SGK Vật Lý 10: C1. Dòng nào ở cột 1 ứng với dòng nào ở cột 2? ... C2. Chứng tỏ những vật sau đây có động năng, ...",
        "url": "giai-bai-tap-vat-ly-10_tra-loi-cau-hoi-sgk-vat-ly-10-bai-25",
        "level": 0
    },
    {
        "type": "category",
        "title": "Bài 1 (trang 136 SGK Vật Lý 10): Nêu định nghĩa và công thức của động năng...",
        "url": "giai-bai-tap-vat-ly-10_bai-1-trang-136-sgk-vat-ly-10",
        "level": 0
    },
    {
        "type": "category",
        "title": "Bài 2 (trang 136 SGK Vật Lý 10): Khi nào động năng của vật...",
        "url": "giai-bai-tap-vat-ly-10_bai-2-trang-136-sgk-vat-ly-10",
        "level": 0
    },
    {
        "type": "category",
        "title": "Bài 3 (trang 136 SGK Vật Lý 10): Câu nào sai trong các câu sau?...",
        "url": "giai-bai-tap-vat-ly-10_bai-3-trang-136-sgk-vat-ly-10",
        "level": 0
    },
    {
        "type": "category",
        "title": "Bài 4 (trang 136 SGK Vật Lý 10): Động năng của một vật tăng khi:...",
        "url": "giai-bai-tap-vat-ly-10_bai-4-trang-136-sgk-vat-ly-10",
        "level": 0
    },
    {
        "type": "category",
        "title": "Bài 5 (trang 136 SGK Vật Lý 10): Một vật trọng lượng 1,0 N có động năng ...",
        "url": "giai-bai-tap-vat-ly-10_bai-5-trang-136-sgk-vat-ly-10",
        "level": 0
    },
    {
        "type": "category",
        "title": "Bài 6 (trang 136 SGK Vật Lý 10): Một ô tô có khối lượng 1000 kg chuyển động... ",
        "url": "giai-bai-tap-vat-ly-10_bai-6-trang-136-sgk-vat-ly-10",
        "level": 0
    },
    {
        "type": "category",
        "title": "Bài 7 (trang 136 SGK Vật Lý 10): Tính động băng của một vận động viên có khối... ",
        "url": "giai-bai-tap-vat-ly-10_bai-7-trang-136-sgk-vat-ly-10",
        "level": 0
    },
    {
        "type": "category",
        "title": "Bài 8 (trang 136 SGK Vật Lý 10): Một vật khối lượng m = 2kg đang nằm yên ...",
        "url": "giai-bai-tap-vat-ly-10_bai-8-trang-136-sgk-vat-ly-10",
        "level": 0
    }
]