[
    {
        "type": "category",
        "title": "Phần trả lời câu hỏi C SGK Vật Lý 10: C1. Tại một điểm M trên đường đi, đồng hồ tốc độ ... C2. Hãy so sánh độ lớn vận tốc tức thời của xe tải và ... ",
        "url": "giai-bai-tap-vat-ly-10_tra-loi-cau-hoi-sgk-vat-ly-10-bai-3",
        "level": 0
    },
    {
        "type": "category",
        "title": "Bài 1 (trang 22 SGK Vật Lý 10) : Viết công thức tính vận tốc tức thời của một vật ...",
        "url": "giai-bai-tap-vat-ly-10_bai-1-trang-22-sgk-vat-ly-10",
        "level": 0
    },
    {
        "type": "category",
        "title": "Bài 2 (trang 22 SGK Vật Lý 10): Vecto vận tốc tức thời tại một điểm của một chuyển động ...",
        "url": "giai-bai-tap-vat-ly-10_bai-2-trang-22-sgk-vat-ly-10",
        "level": 0
    },
    {
        "type": "category",
        "title": "Bài 3 (trang 22 SGK Vật Lý 10): Chuyển động thẳng nhanh dần đều , chậm dần đều là gì?... ",
        "url": "giai-bai-tap-vat-ly-10_bai-3-trang-22-sgk-vat-ly-10",
        "level": 0
    },
    {
        "type": "category",
        "title": "Bài 4 (trang 22 SGK Vật Lý 10): Viết công thức tính vận tốc của chuyển động thẳng nhanh, ...",
        "url": "giai-bai-tap-vat-ly-10_bai-4-trang-22-sgk-vat-ly-10",
        "level": 0
    },
    {
        "type": "category",
        "title": "Bài 5 (trang 22 SGK Vật Lý 10): Gia tốc của chuyển động thẳng nhanh, chậm dần đều có đặc điểm gì? ...",
        "url": "giai-bai-tap-vat-ly-10_bai-5-trang-22-sgk-vat-ly-10",
        "level": 0
    },
    {
        "type": "category",
        "title": "Bài 6 (trang 22 SGK Vật Lý 10): Viết công thức tính quãng đường đi được của chuyển động thẳng nhanh, ...",
        "url": "giai-bai-tap-vat-ly-10_bai-6-trang-22-sgk-vat-ly-10",
        "level": 0
    },
    {
        "type": "category",
        "title": "Bài 7 (trang 22 SGK Vật Lý 10): Viết phương trình chuyển động của chuyển động thẳng nhanh, ...",
        "url": "giai-bai-tap-vat-ly-10_bai-7-trang-22-sgk-vat-ly-10",
        "level": 0
    },
    {
        "type": "category",
        "title": "Bài 8 (trang 22 SGK Vật Lý 10): Thiết lập công thức tính gia tốc của chuyển động thẳng biến đổi đều ...",
        "url": "giai-bai-tap-vat-ly-10_bai-8-trang-22-sgk-vat-ly-10",
        "level": 0
    },
    {
        "type": "category",
        "title": "Bài 9 (trang 22 SGK Vật Lý 10): Câu nào đúng? ...",
        "url": "giai-bai-tap-vat-ly-10_bai-9-trang-22-sgk-vat-ly-10",
        "level": 0
    },
    {
        "type": "category",
        "title": "Bài 10 (trang 22 SGK Vật Lý 10): Trong công thức tính vận tốc của chuyển động thẳng nhanh ...",
        "url": "giai-bai-tap-vat-ly-10_bai-10-trang-22-sgk-vat-ly-10",
        "level": 0
    },
    {
        "type": "category",
        "title": "Bài 11 (trang 22 SGK Vật Lý 10): Công thức nào dưới đây là công thức liên hệ giữa vận tốc, ...",
        "url": "giai-bai-tap-vat-ly-10_bai-11-trang-22-sgk-vat-ly-10",
        "level": 0
    },
    {
        "type": "category",
        "title": "Bài 12 (trang 22 SGK Vật Lý 10): Một đoàn tàu rời ga chuyển động thẳng nhanh dần đều ...",
        "url": "giai-bai-tap-vat-ly-10_bai-12-trang-22-sgk-vat-ly-10",
        "level": 0
    },
    {
        "type": "category",
        "title": "Bài 13 (trang 22 SGK Vật Lý 10): Một ô tô đang chạy thẳng đều với tốc độ 40 km/h ...",
        "url": "giai-bai-tap-vat-ly-10_bai-13-trang-22-sgk-vat-ly-10",
        "level": 0
    },
    {
        "type": "category",
        "title": "Bài 14 (trang 22 SGK Vật Lý 10): Một đoàn tàu đang chạy với tốc độ 40 km/h thì hãm phanh, ...",
        "url": "giai-bai-tap-vat-ly-10_bai-14-trang-22-sgk-vat-ly-10",
        "level": 0
    },
    {
        "type": "category",
        "title": "Bài 15 (trang 22 SGK Vật Lý 10): Một xe máy đang đi với tốc độ 36 km/h bỗng người lái xe...",
        "url": "giai-bai-tap-vat-ly-10_bai-15-trang-22-sgk-vat-ly-10",
        "level": 0
    }
]