[
    {
        "type": "category",
        "title": "Phần trả lời câu hỏi C SGK Vật Lý 10: C1. Người ngồi trên xe sẽ thấy đầu van chuyển  ... C2. Nêu một ví dụ khác về tính tương đối của vận tốc....",
        "url": "giai-bai-tap-vat-ly-10_tra-loi-cau-hoi-sgk-vat-ly-10-bai-6",
        "level": 0
    },
    {
        "type": "category",
        "title": "Bài 1 (trang 37 SGK Vật Lý 10): Nêu một ví dụ về tính tương đối của ...",
        "url": "giai-bai-tap-vat-ly-10_bai-1-trang-37-sgk-vat-ly-10",
        "level": 0
    },
    {
        "type": "category",
        "title": "Bài 2 (trang 37 SGK Vật Lý 10): Nêu một ví dụ về tính tương đối của vận tốc... ",
        "url": "giai-bai-tap-vat-ly-10_bai-2-trang-37-sgk-vat-ly-10",
        "level": 0
    },
    {
        "type": "category",
        "title": "Bài 3 (trang 37 SGK Vật Lý 10): Trình bày công thức cộng vận tốc trong trường hợp... ",
        "url": "giai-bai-tap-vat-ly-10_bai-3-trang-37-sgk-vat-ly-10",
        "level": 0
    },
    {
        "type": "category",
        "title": "Bài 4 (trang 37 SGK Vật Lý 10): Chọn câu khẳng định đúng. Đứng ở Trái Đất,... ",
        "url": "giai-bai-tap-vat-ly-10_bai-4-trang-37-sgk-vat-ly-10",
        "level": 0
    },
    {
        "type": "category",
        "title": "Bài 5 (trang 38 SGK Vật Lý 10): Một chiếc thuyền buồm chạy ngước dòng sông,... ",
        "url": "giai-bai-tap-vat-ly-10_bai-5-trang-38-sgk-vat-ly-10",
        "level": 0
    },
    {
        "type": "category",
        "title": "Bài 6 (trang 38 SGK Vật Lý 10): Một hành khách ngồi trong toa tàu H,... ",
        "url": "giai-bai-tap-vat-ly-10_bai-6-trang-38-sgk-vat-ly-10",
        "level": 0
    },
    {
        "type": "category",
        "title": "Bài 7 (trang 38 SGK Vật Lý 10): Một ô tô A chạy đều trên một đường thẳng với vận tốc ...",
        "url": "giai-bai-tap-vat-ly-10_bai-7-trang-38-sgk-vat-ly-10",
        "level": 0
    },
    {
        "type": "category",
        "title": "Bài 8 (trang 38 SGK Vật Lý 10): A ngồi trên một toa tàu chuyển động với vận tốc ...",
        "url": "giai-bai-tap-vat-ly-10_bai-8-trang-38-sgk-vat-ly-10",
        "level": 0
    }
]