[
    {
        "type": "category",
        "title": "Phần trả lời câu hỏi C SGK Vật Lý 10: C1. Nêu ba ví dụ về lực sinh công ... C2. Xác định dấu của công A trong những ...",
        "url": "giai-bai-tap-vat-ly-10_tra-loi-cau-hoi-sgk-vat-ly-10-bai-24",
        "level": 0
    },
    {
        "type": "category",
        "title": "Bài 1 (trang 132 SGK Vật Lý 10): Phát biểu định nghĩa công và đơn vị công... ",
        "url": "giai-bai-tap-vat-ly-10_bai-1-trang-132-sgk-vat-ly-10",
        "level": 0
    },
    {
        "type": "category",
        "title": "Bài 2 (trang 132 SGK Vật Lý 10): Phát biểu định nghĩa công suất và đơn vị... ",
        "url": "giai-bai-tap-vat-ly-10_bai-2-trang-132-sgk-vat-ly-10",
        "level": 0
    },
    {
        "type": "category",
        "title": "Bài 3 (trang 132 SGK Vật Lý 10): Đơn vị nào sau đây không phải là ...",
        "url": "giai-bai-tap-vat-ly-10_bai-3-trang-132-sgk-vat-ly-10",
        "level": 0
    },
    {
        "type": "category",
        "title": "Bài 4 (trang 132 SGK Vật Lý 10): Công có thể biểu thị bằng tích của ...",
        "url": "giai-bai-tap-vat-ly-10_bai-4-trang-132-sgk-vat-ly-10",
        "level": 0
    },
    {
        "type": "category",
        "title": "Bài 5 (trang 132 SGK Vật Lý 10): Một lực vector F không đổi liên tục kéo một vật ...",
        "url": "giai-bai-tap-vat-ly-10_bai-5-trang-132-sgk-vat-ly-10",
        "level": 0
    },
    {
        "type": "category",
        "title": "Bài 6 (trang 133 SGK Vật Lý 10): Một người kéo một hòm gỗ khối lượng 80 kg ...",
        "url": "giai-bai-tap-vat-ly-10_bai-6-trang-133-sgk-vat-ly-10",
        "level": 0
    },
    {
        "type": "category",
        "title": "Bài 7 (trang 133 SGK Vật Lý 10): Một động cơ điện cung cấp công suất ...",
        "url": "giai-bai-tap-vat-ly-10_bai-7-trang-133-sgk-vat-ly-10",
        "level": 0
    }
]