[
    {
        "type": "category",
        "title": "Phần trả lời câu hỏi C SGK Vật Lý 10: C1. Chứng minh rằng momen của ngẫu lực  ...",
        "url": "giai-bai-tap-vat-ly-10_tra-loi-cau-hoi-sgk-vat-ly-10-bai-22",
        "level": 0
    },
    {
        "type": "category",
        "title": "Bài 1 (trang 118 SGK Vật Lý 10): Ngẫu lực là gì? Nêu một vài ví dụ về ngẫu lực...",
        "url": "giai-bai-tap-vat-ly-10_bai-1-trang-118-sgk-vat-ly-10",
        "level": 0
    },
    {
        "type": "category",
        "title": "Bài 2 (trang 118 SGK Vật Lý 10): Nêu tác dụng của ngẫu lực đối với một vật rắn...",
        "url": "giai-bai-tap-vat-ly-10_bai-2-trang-118-sgk-vat-ly-10",
        "level": 0
    },
    {
        "type": "category",
        "title": "Bài 3 (trang 118 SGK Vật Lý 10): Viết công thức tính momen của ngẫu lực... ",
        "url": "giai-bai-tap-vat-ly-10_bai-3-trang-118-sgk-vat-ly-10",
        "level": 0
    },
    {
        "type": "category",
        "title": "Bài 4 (trang 118 SGK Vật Lý 10): Hai lực của một ngẫu lực có độ lớn F = 5,0 N...",
        "url": "giai-bai-tap-vat-ly-10_bai-4-trang-118-sgk-vat-ly-10",
        "level": 0
    },
    {
        "type": "category",
        "title": "Bài 5 (trang 118 SGK Vật Lý 10): Một ngẫu lực gồm hai lực ...",
        "url": "giai-bai-tap-vat-ly-10_bai-5-trang-118-sgk-vat-ly-10",
        "level": 0
    },
    {
        "type": "category",
        "title": "Bài 6 (trang 118 SGK Vật Lý 10): Một chiếc thước mảnh có trục quay nằm ngang đi... ",
        "url": "giai-bai-tap-vat-ly-10_bai-6-trang-118-sgk-vat-ly-10",
        "level": 0
    }
]