[
    {
        "type": "category",
        "title": "Phần trả lời câu hỏi C SGK Vật Lý 10: C1. a) Lực nào đã gây ra gia tốc hướng tâm cho vật? ...  ",
        "url": "giai-bai-tap-vat-ly-10_tra-loi-cau-hoi-sgk-vat-ly-10-bai-14",
        "level": 0
    },
    {
        "type": "category",
        "title": "Bài 1 (trang 82 SGK Vật Lý 10): Phát biểu và viết công thức của lực hướng tâm...",
        "url": "giai-bai-tap-vat-ly-10_bai-1-trang-82-sgk-vat-ly-10",
        "level": 0
    },
    {
        "type": "category",
        "title": "Bài 2 (trang 82 SGK Vật Lý 10): a) Lực hướng tâm có phải là một loại ...",
        "url": "giai-bai-tap-vat-ly-10_bai-2-trang-82-sgk-vat-ly-10",
        "level": 0
    },
    {
        "type": "category",
        "title": "Bài 3 (trang 82 SGK Vật Lý 10): Nêu một vài ứng dụng của chuyển động li tâm...",
        "url": "giai-bai-tap-vat-ly-10_bai-3-trang-82-sgk-vat-ly-10",
        "level": 0
    },
    {
        "type": "category",
        "title": "Bài 4 (trang 82 SGK Vật Lý 10): Một vật có khối lượng m = 20 g đặt ở mép một chiếc bàn quay... ",
        "url": "giai-bai-tap-vat-ly-10_bai-4-trang-82-sgk-vat-ly-10",
        "level": 0
    },
    {
        "type": "category",
        "title": "Bài 5 (trang 83 SGK Vật Lý 10): Một ô tô có khối lượng 1200 kg chuyển động đều ...",
        "url": "giai-bai-tap-vat-ly-10_bai-5-trang-83-sgk-vat-ly-10",
        "level": 0
    },
    {
        "type": "category",
        "title": "Bài 6 (trang 83 SGK Vật Lý 10): Một vệ tinh nhân tạo bay quanh Trái Đất ở độ cao h ...",
        "url": "giai-bai-tap-vat-ly-10_bai-6-trang-83-sgk-vat-ly-10",
        "level": 0
    },
    {
        "type": "category",
        "title": "Bài 7 (trang 83 SGK Vật Lý 10): Hãy giải thích các chuyện động sau đây ...",
        "url": "giai-bai-tap-vat-ly-10_bai-7-trang-83-sgk-vat-ly-10",
        "level": 0
    }
]