[
    {
        "type": "category",
        "title": "Phần trả lời câu hỏi C SGK Vật Lý 10: C1. Chuyển động của những vật sau đây có  ... C2. Tại sao khi hai vật có trọng lượng bằng nhau thì...",
        "url": "giai-bai-tap-vat-ly-10_tra-loi-cau-hoi-sgk-vat-ly-10-bai-21",
        "level": 0
    },
    {
        "type": "category",
        "title": "Bài 1 (trang 114 SGK Vật Lý 10): Thế nào là chuyển động tịnh tiến?...",
        "url": "giai-bai-tap-vat-ly-10_bai-1-trang-114-sgk-vat-ly-10",
        "level": 0
    },
    {
        "type": "category",
        "title": "Bài 2 (trang 114 SGK Vật Lý 10): Có thể áp dụng định luật II Niu – tơn ...",
        "url": "giai-bai-tap-vat-ly-10_bai-2-trang-114-sgk-vat-ly-10",
        "level": 0
    },
    {
        "type": "category",
        "title": "Bài 3 (trang 114 SGK Vật Lý 10): Momen lực có tác dụng như thế nào đối với ...",
        "url": "giai-bai-tap-vat-ly-10_bai-3-trang-114-sgk-vat-ly-10",
        "level": 0
    },
    {
        "type": "category",
        "title": "Bài 4 (trang 114 SGK Vật Lý 10): Mức quán tính của một vật quay quanh ...",
        "url": "giai-bai-tap-vat-ly-10_bai-4-trang-114-sgk-vat-ly-10",
        "level": 0
    },
    {
        "type": "category",
        "title": "Bài 5 (trang 114 SGK Vật Lý 10): Một vật có khối lượng m = 40 kg bắt đầu trượt ...",
        "url": "giai-bai-tap-vat-ly-10_bai-5-trang-114-sgk-vat-ly-10",
        "level": 0
    },
    {
        "type": "category",
        "title": "Bài 6 (trang 115 SGK Vật Lý 10): Một vật có khối lượng m = 4,0 kg chuyển động ...",
        "url": "giai-bai-tap-vat-ly-10_bai-6-trang-115-sgk-vat-ly-10",
        "level": 0
    },
    {
        "type": "category",
        "title": "Bài 7 (trang 115 SGK Vật Lý 10): Một xe ca có khối lượng 1250 kg được dùng để ...",
        "url": "giai-bai-tap-vat-ly-10_bai-7-trang-115-sgk-vat-ly-10",
        "level": 0
    },
    {
        "type": "category",
        "title": "Bài 8 (trang 115 SGK Vật Lý 10): Một vật đang quay quanh một trục với tốc độ góc ...",
        "url": "giai-bai-tap-vat-ly-10_bai-8-trang-115-sgk-vat-ly-10",
        "level": 0
    },
    {
        "type": "category",
        "title": "Bài 9 (trang 115 SGK Vật Lý 10): Đối với vật quay quanh một trục cố định, ...",
        "url": "giai-bai-tap-vat-ly-10_bai-9-trang-115-sgk-vat-ly-10",
        "level": 0
    },
    {
        "type": "category",
        "title": "Bài 10 (trang 115 SGK Vật Lý 10): Mức quán tính của một vật quay quanh một trục ...",
        "url": "giai-bai-tap-vat-ly-10_bai-10-trang-115-sgk-vat-ly-10",
        "level": 0
    }
]