[
    {
        "type": "category",
        "title": "Phần trả lời câu hỏi C SGK Vật Lý 10: C1. Hãy chứng tỏ nội năng của một vật phụ thuộc ... C2. Hãy chứng tỏ nội năng của một lượng khí lí  ...",
        "url": "giai-bai-tap-vat-ly-10_tra-loi-cau-hoi-sgk-vat-ly-10-bai-32",
        "level": 0
    },
    {
        "type": "category",
        "title": "Bài 1 (trang 173 SGK Vật Lý 10): Phát biểu định nghĩa nội năng...",
        "url": "giai-bai-tap-vat-ly-10_bai-1-trang-173-sgk-vat-ly-10",
        "level": 0
    },
    {
        "type": "category",
        "title": "Bài 2 (trang 173 SGK Vật Lý 10): Nội năng của một lượng khí lí tưởng ...",
        "url": "giai-bai-tap-vat-ly-10_bai-2-trang-173-sgk-vat-ly-10",
        "level": 0
    },
    {
        "type": "category",
        "title": "Bài 3 (trang 173 SGK Vật Lý 10): Nhiệt lượng là gì? Viết công thức tính ...",
        "url": "giai-bai-tap-vat-ly-10_bai-3-trang-173-sgk-vat-ly-10",
        "level": 0
    },
    {
        "type": "category",
        "title": "Bài 4 (trang 173 SGK Vật Lý 10): Nội năng của một vật là...",
        "url": "giai-bai-tap-vat-ly-10_bai-4-trang-173-sgk-vat-ly-10",
        "level": 0
    },
    {
        "type": "category",
        "title": "Bài 5 (trang 173 SGK Vật Lý 10): Câu nào sau đây nói về nội năng... ",
        "url": "giai-bai-tap-vat-ly-10_bai-5-trang-173-sgk-vat-ly-10",
        "level": 0
    },
    {
        "type": "category",
        "title": "Bài 6 (trang 173 SGK Vật Lý 10): Câu nào sau đây nói về nhiệt lượng ...",
        "url": "giai-bai-tap-vat-ly-10_bai-6-trang-173-sgk-vat-ly-10",
        "level": 0
    },
    {
        "type": "category",
        "title": "Bài 7 (trang 173 SGK Vật Lý 10): Một bình nhôm khối lượng 0,5 kg chứa 0,118 kg ...",
        "url": "giai-bai-tap-vat-ly-10_bai-7-trang-173-sgk-vat-ly-10",
        "level": 0
    },
    {
        "type": "category",
        "title": "Bài 8 (trang 173 SGK Vật Lý 10): Một nhiệt lượng kế bằng đồng thau khối lượng ...",
        "url": "giai-bai-tap-vat-ly-10_bai-8-trang-173-sgk-vat-ly-10",
        "level": 0
    }
]