[
    {
        "type": "category",
        "title": "Phần trả lời câu hỏi C SGK Vật Lý 10: C1. Hãy viết quy tắc momen lực cho chiếc  ... ",
        "url": "giai-bai-tap-vat-ly-10_tra-loi-cau-hoi-sgk-vat-ly-10-bai-18",
        "level": 0
    },
    {
        "type": "category",
        "title": "Bài 1 (trang 103 SGK Vật Lý 10): Momen lực đối với một trục quay là gì?... ",
        "url": "giai-bai-tap-vat-ly-10_bai-1-trang-103-sgk-vat-ly-10",
        "level": 0
    },
    {
        "type": "category",
        "title": "Bài 2 (trang 103 SGK Vật Lý 10): Phát biểu điều kiện cân bằng của một vật có trục... ",
        "url": "giai-bai-tap-vat-ly-10_bai-2-trang-103-sgk-vat-ly-10",
        "level": 0
    },
    {
        "type": "category",
        "title": "Bài 3 (trang 103 SGK Vật Lý 10): Hãy vận dụng qui tắc momen lực vào các trường hợp sau:...",
        "url": "giai-bai-tap-vat-ly-10_bai-3-trang-103-sgk-vat-ly-10",
        "level": 0
    },
    {
        "type": "category",
        "title": "Bài 4 (trang 103 SGK Vật Lý 10): Một người dùng búa để nhổ một chiếc đinh ...",
        "url": "giai-bai-tap-vat-ly-10_bai-4-trang-103-sgk-vat-ly-10",
        "level": 0
    },
    {
        "type": "category",
        "title": "Bài 5 (trang 103 SGK Vật Lý 10): Hãy giải thích nguyên tắc hoạt động của chiếc ...",
        "url": "giai-bai-tap-vat-ly-10_bai-5-trang-103-sgk-vat-ly-10",
        "level": 0
    }
]