[
    {
        "type": "category",
        "title": "Phần trả lời câu hỏi C SGK Vật Lý 10: C1. Chứng minh rằng đơn vị động lượng cũng có  ... C2. Một lực 50 N tác dụng vào một vật có khối lượng  ...",
        "url": "giai-bai-tap-vat-ly-10_tra-loi-cau-hoi-sgk-vat-ly-10-bai-23",
        "level": 0
    },
    {
        "type": "category",
        "title": "Bài 1 (trang 126 SGK Vật Lý 10): Nêu định nghĩa và ý nghĩa của động lượng.",
        "url": "giai-bai-tap-vat-ly-10_bai-1-trang-126-sgk-vat-ly-10",
        "level": 0
    },
    {
        "type": "category",
        "title": "Bài 2 (trang 126 SGK Vật Lý 10): Khi nào động lượng của một vật biến thiên?",
        "url": "giai-bai-tap-vat-ly-10_bai-2-trang-126-sgk-vat-ly-10",
        "level": 0
    },
    {
        "type": "category",
        "title": "Bài 3 (trang 126 SGK Vật Lý 10): Hệ cô lập là gì? ",
        "url": "giai-bai-tap-vat-ly-10_bai-3-trang-126-sgk-vat-ly-10",
        "level": 0
    },
    {
        "type": "category",
        "title": "Bài 4 (trang 126 SGK Vật Lý 10): Phát biểu định luật bảo toàn động lượng...",
        "url": "giai-bai-tap-vat-ly-10_bai-4-trang-126-sgk-vat-ly-10",
        "level": 0
    },
    {
        "type": "category",
        "title": "Bài 5 (trang 126 SGK Vật Lý 10): Động lượng được tính bằng ...",
        "url": "giai-bai-tap-vat-ly-10_bai-5-trang-126-sgk-vat-ly-10",
        "level": 0
    },
    {
        "type": "category",
        "title": "Bài 6 (trang 126 SGK Vật Lý 10): Một quả bóng đang bay ngang với ...",
        "url": "giai-bai-tap-vat-ly-10_bai-6-trang-126-sgk-vat-ly-10",
        "level": 0
    },
    {
        "type": "category",
        "title": "Bài 7 (trang 127 SGK Vật Lý 10): Một vật nhỏ khối lượng m = 2 kg ...",
        "url": "giai-bai-tap-vat-ly-10_bai-7-trang-127-sgk-vat-ly-10",
        "level": 0
    },
    {
        "type": "category",
        "title": "Bài 8 (trang 127 SGK Vật Lý 10): Xe A có khối lượng 1000 kg và vận tốc 60 km/h; ...",
        "url": "giai-bai-tap-vat-ly-10_bai-8-trang-127-sgk-vat-ly-10",
        "level": 0
    },
    {
        "type": "category",
        "title": "Bài 9 (trang 127 SGK Vật Lý 10): Một máy bay có khối lượng 160000 kg,... ",
        "url": "giai-bai-tap-vat-ly-10_bai-9-trang-127-sgk-vat-ly-10",
        "level": 0
    }
]