[
    {
        "type": "category",
        "title": "Phần trả lời câu hỏi C SGK Vật Lý 10: C1. Chứng tỏ rằng trọng trường đề mọi vật  ... C2. Tìm hai ví dụ chứng tỏ rằng một vật có  ...",
        "url": "giai-bai-tap-vat-ly-10_tra-loi-cau-hoi-sgk-vat-ly-10-bai-26",
        "level": 0
    },
    {
        "type": "category",
        "title": "Bài 1 (trang 141 SGK Vật Lý 10): Nêu định nghĩa và ý nghĩa của thế năng:...",
        "url": "giai-bai-tap-vat-ly-10_bai-1-trang-141-sgk-vat-ly-10",
        "level": 0
    },
    {
        "type": "category",
        "title": "Bài 2 (trang 141 SGK Vật Lý 10): Khi một vật từ độ cao z, với cùng vận tốc đầu, ...",
        "url": "giai-bai-tap-vat-ly-10_bai-2-trang-141-sgk-vat-ly-10",
        "level": 0
    },
    {
        "type": "category",
        "title": "Bài 3 (trang 141 SGK Vật Lý 10): Một vật khối lượng 1,0 kg có thế năng 1,0 J đối ...",
        "url": "giai-bai-tap-vat-ly-10_bai-3-trang-141-sgk-vat-ly-10",
        "level": 0
    },
    {
        "type": "category",
        "title": "Bài 4 (trang 141 SGK Vật Lý 10): Một vật khối lượng m gắn vào đầu một lò xo đàn ...",
        "url": "giai-bai-tap-vat-ly-10_bai-4-trang-141-sgk-vat-ly-10",
        "level": 0
    },
    {
        "type": "category",
        "title": "Bài 5 (trang 141 SGK Vật Lý 10): Trong hình 26.5, hai vật cùng khối lượng nằm ...",
        "url": "giai-bai-tap-vat-ly-10_bai-5-trang-141-sgk-vat-ly-10",
        "level": 0
    },
    {
        "type": "category",
        "title": "Bài 6 (trang 141 SGK Vật Lý 10): Lò xo có độ cứng k = 200 N/m, một đầu cố định, ...",
        "url": "giai-bai-tap-vat-ly-10_bai-6-trang-141-sgk-vat-ly-10",
        "level": 0
    }
]