[
    {
        "type": "category",
        "title": "Phần trả lời câu hỏi C SGK Vật Lý 10: C1. Dựa vào đồ thị trên Hình 38.2,  ... C2. Nhiệt độ của khối chất lỏng khi  ...",
        "url": "giai-bai-tap-vat-ly-10_tra-loi-cau-hoi-sgk-vat-ly-10-bai-38",
        "level": 0
    },
    {
        "type": "category",
        "title": "Bài 1 (trang 209 SGK Vật Lý 10): Sự nóng chảy là gì? Tên gọi...",
        "url": "giai-bai-tap-vat-ly-10_bai-1-trang-209-sgk-vat-ly-10",
        "level": 0
    },
    {
        "type": "category",
        "title": "Bài 2 (trang 209 SGK Vật Lý 10): Nhiệt nóng chảy là gì? Viết công thức ...",
        "url": "giai-bai-tap-vat-ly-10_bai-2-trang-209-sgk-vat-ly-10",
        "level": 0
    },
    {
        "type": "category",
        "title": "Bài 3 (trang 209 SGK Vật Lý 10): Sự bay hơi là gì? Tên gọi của quá trình ...",
        "url": "giai-bai-tap-vat-ly-10_bai-3-trang-209-sgk-vat-ly-10",
        "level": 0
    },
    {
        "type": "category",
        "title": "Bài 4 (trang 209 SGK Vật Lý 10): Phân biệt hơi bão hòa với hơi khôi. ...",
        "url": "giai-bai-tap-vat-ly-10_bai-4-trang-209-sgk-vat-ly-10",
        "level": 0
    },
    {
        "type": "category",
        "title": "Bài 5 (trang 209 SGK Vật Lý 10): Sự sôi là gì? Nêu các đặc điểm của sự sôi. ..",
        "url": "giai-bai-tap-vat-ly-10_bai-5-trang-209-sgk-vat-ly-10",
        "level": 0
    },
    {
        "type": "category",
        "title": "Bài 6 (trang 209 SGK Vật Lý 10): Viết công thức tính nhiệt hóa hơi của chất lỏng.... ",
        "url": "giai-bai-tap-vat-ly-10_bai-6-trang-209-sgk-vat-ly-10",
        "level": 0
    },
    {
        "type": "category",
        "title": "Bài 7 (trang 210 SGK Vật Lý 10): Câu nào dưới đây là không đúng khi nói về ...",
        "url": "giai-bai-tap-vat-ly-10_bai-7-trang-210-sgk-vat-ly-10",
        "level": 0
    },
    {
        "type": "category",
        "title": "Bài 8 (trang 210 SGK Vật Lý 10): Nhiệt nóng chảy riêng của đồng là...",
        "url": "giai-bai-tap-vat-ly-10_bai-8-trang-210-sgk-vat-ly-10",
        "level": 0
    },
    {
        "type": "category",
        "title": "Bài 9 (trang 210 SGK Vật Lý 10): Câu nào dưới đây là không đúng khi nói về ....",
        "url": "giai-bai-tap-vat-ly-10_bai-9-trang-210-sgk-vat-ly-10",
        "level": 0
    },
    {
        "type": "category",
        "title": "Bài 10 (trang 210 SGK Vật Lý 10): Nhiệt hóa hơi riêng của nước ....",
        "url": "giai-bai-tap-vat-ly-10_bai-10-trang-210-sgk-vat-ly-10",
        "level": 0
    },
    {
        "type": "category",
        "title": "Bài 11 (trang 210 SGK Vật Lý 10): Một bình cầu thủy tinh chứa (không đầy).... ",
        "url": "giai-bai-tap-vat-ly-10_bai-11-trang-210-sgk-vat-ly-10",
        "level": 0
    },
    {
        "type": "category",
        "title": "Bài 12 (trang 210 SGK Vật Lý 10): Ở áp suất chuẩn (1 atm) có thể đun nước nóng ...",
        "url": "giai-bai-tap-vat-ly-10_bai-12-trang-210-sgk-vat-ly-10",
        "level": 0
    },
    {
        "type": "category",
        "title": "Bài 13 (trang 210 SGK Vật Lý 10): Ở trên núi cao người ta không thể luộc... ",
        "url": "giai-bai-tap-vat-ly-10_bai-13-trang-210-sgk-vat-ly-10",
        "level": 0
    },
    {
        "type": "category",
        "title": "Bài 14 (trang 210 SGK Vật Lý 10): Tính nhiệt lượng cần cung cấp cho 4 kg nước đá ...",
        "url": "giai-bai-tap-vat-ly-10_bai-14-trang-210-sgk-vat-ly-10",
        "level": 0
    },
    {
        "type": "category",
        "title": "Bài 15 (trang 210 SGK Vật Lý 10): Tính nhiệt lượng cần cung cấp cho miếng ...",
        "url": "giai-bai-tap-vat-ly-10_bai-15-trang-210-sgk-vat-ly-10",
        "level": 0
    }
]