[
    {
        "type": "category",
        "title": "Phần trả lời câu hỏi C SGK Vật Lý 10: C1. a) Lực kế chỉ giá trị F bằng bao nhiêu? ... C2. Coi thước là một đoạn thẳng nằm ngang.  ...",
        "url": "giai-bai-tap-vat-ly-10_tra-loi-cau-hoi-sgk-vat-ly-10-bai-19",
        "level": 0
    },
    {
        "type": "category",
        "title": "Bài 1 (trang 106 SGK Vật Lý 10): Phát biểu qui tắc tổng hợp hai lực song song cùng chiều...",
        "url": "giai-bai-tap-vat-ly-10_bai-1-trang-106-sgk-vat-ly-10",
        "level": 0
    },
    {
        "type": "category",
        "title": "Bài 2 (trang 106 SGK Vật Lý 10): Một người gánh một thùng gạo nặng 300 N...",
        "url": "giai-bai-tap-vat-ly-10_bai-2-trang-106-sgk-vat-ly-10",
        "level": 0
    },
    {
        "type": "category",
        "title": "Bài 3 (trang 106 SGK Vật Lý 10): Hai người dùng một chiếc gậy để khiêng một cỗ ...",
        "url": "giai-bai-tap-vat-ly-10_bai-3-trang-106-sgk-vat-ly-10",
        "level": 0
    },
    {
        "type": "category",
        "title": "Bài 4 (trang 106 SGK Vật Lý 10): Một tấm ván nặng 240 N được bắc qua một con mương...",
        "url": "giai-bai-tap-vat-ly-10_bai-4-trang-106-sgk-vat-ly-10",
        "level": 0
    },
    {
        "type": "category",
        "title": "Bài 5 (trang 106 SGK Vật Lý 10): Hãy xác định trọng tâm của một ...",
        "url": "giai-bai-tap-vat-ly-10_bai-5-trang-106-sgk-vat-ly-10",
        "level": 0
    }
]