[
    {
        "type": "category",
        "title": "Phần trả lời câu hỏi C SGK Vật Lý 10: C1. Làm 4 thí nghiệm sau: ... C2. . Sự rơi của những vật nào trong bốn thí nghiệm  ...",
        "url": "giai-bai-tap-vat-ly-10_tra-loi-cau-hoi-sgk-vat-ly-10-bai-4",
        "level": 0
    },
    {
        "type": "category",
        "title": "Bài 1 (trang 27 SGK Vật Lý 10):  Yếu tố nào ảnh hưởng đến sự rơi nhanh, chậm ...",
        "url": "giai-bai-tap-vat-ly-10_bai-1-trang-27-sgk-vat-ly-10",
        "level": 0
    },
    {
        "type": "category",
        "title": "Bài 2 (trang 27 SGK Vật Lý 10): Nếu loại bỏ được ảnh hưởng của không khí thì ....",
        "url": "giai-bai-tap-vat-ly-10_bai-2-trang-27-sgk-vat-ly-10",
        "level": 0
    },
    {
        "type": "category",
        "title": "Bài 3 (trang 27 SGK Vật Lý 10): Sự rơi tự do là gì?...",
        "url": "giai-bai-tap-vat-ly-10_bai-3-trang-27-sgk-vat-ly-10",
        "level": 0
    },
    {
        "type": "category",
        "title": "Bài 4 (trang 27 SGK Vật Lý 10): Nêu các đặc điểm của sự rơi tự do...",
        "url": "giai-bai-tap-vat-ly-10_bai-4-trang-27-sgk-vat-ly-10",
        "level": 0
    },
    {
        "type": "category",
        "title": "Bài 5 (trang 27 SGK Vật Lý 10): Trong trường hợp nào các vật rơi tự do với... ",
        "url": "giai-bai-tap-vat-ly-10_bai-5-trang-27-sgk-vat-ly-10",
        "level": 0
    },
    {
        "type": "category",
        "title": "Bài 6 (trang 27 SGK Vật Lý 10): Viết các công thức vận tốc và quãng đường đi được.... ",
        "url": "giai-bai-tap-vat-ly-10_bai-6-trang-27-sgk-vat-ly-10",
        "level": 0
    },
    {
        "type": "category",
        "title": "Bài 7 (trang 27 SGK Vật Lý 10): Chuyển động của vật nào dưới đây sẽ được coi là....",
        "url": "giai-bai-tap-vat-ly-10_bai-7-trang-27-sgk-vat-ly-10",
        "level": 0
    },
    {
        "type": "category",
        "title": "Bài 8 (trang 27 SGK Vật Lý 10): Chuyển động nào dưới đây có thể coi như là ...",
        "url": "giai-bai-tap-vat-ly-10_bai-8-trang-27-sgk-vat-ly-10",
        "level": 0
    },
    {
        "type": "category",
        "title": "Bài 9 (trang 27 SGK Vật Lý 10): Thả một hòn đá từ một độ cao h xuống đất...",
        "url": "giai-bai-tap-vat-ly-10_bai-9-trang-27-sgk-vat-ly-10",
        "level": 0
    },
    {
        "type": "category",
        "title": "Bài 10 (trang 27 SGK Vật Lý 10): Một vật nặng  rơi từ độ cao 20 m xuống đất... ",
        "url": "giai-bai-tap-vat-ly-10_bai-10-trang-27-sgk-vat-ly-10",
        "level": 0
    },
    {
        "type": "category",
        "title": "Bài 11 (trang 27 SGK Vật Lý 10): Thả một hòn đá rơi từ miệng một cái giếng sâu...",
        "url": "giai-bai-tap-vat-ly-10_bai-11-trang-27-sgk-vat-ly-10",
        "level": 0
    },
    {
        "type": "category",
        "title": "Bài 12 (trang 27 SGK Vật Lý 10): Thả một hòn sỏi từ trên gác cao xuống đất ...",
        "url": "giai-bai-tap-vat-ly-10_bai-12-trang-27-sgk-vat-ly-10",
        "level": 0
    }
]