[
    {
        "type": "category",
        "title": "Phần trả lời câu hỏi C SGK Vật Lý 10: C1. Hãy tính các giá trị của tích pV  ... C2. Hãy dùng các số liệu trong bảng kết ...",
        "url": "giai-bai-tap-vat-ly-10_tra-loi-cau-hoi-sgk-vat-ly-10-bai-29",
        "level": 0
    },
    {
        "type": "category",
        "title": "Bài 1 (trang 159 SGK Vật Lý 10): Kể tên các thông số trạng thái ...",
        "url": "giai-bai-tap-vat-ly-10_bai-1-trang-159-sgk-vat-ly-10",
        "level": 0
    },
    {
        "type": "category",
        "title": "Bài 2 (trang 159 SGK Vật Lý 10): Thế nào là quá trình đẳng nhiệt?...",
        "url": "giai-bai-tap-vat-ly-10_bai-2-trang-159-sgk-vat-ly-10",
        "level": 0
    },
    {
        "type": "category",
        "title": "Bài 3 (trang 159 SGK Vật Lý 10): Phát biểu và viết hệ thức của định luật... ",
        "url": "giai-bai-tap-vat-ly-10_bai-3-trang-159-sgk-vat-ly-10",
        "level": 0
    },
    {
        "type": "category",
        "title": "Bài 4 (trang 159 SGK Vật Lý 10): Đường đẳng nhiệt trong hệ tọa độ (p, V)... ",
        "url": "giai-bai-tap-vat-ly-10_bai-4-trang-159-sgk-vat-ly-10",
        "level": 0
    },
    {
        "type": "category",
        "title": "Bài 5 (trang 159 SGK Vật Lý 10): Trong các đại lượng sau đây, đại lượng nào ...",
        "url": "giai-bai-tap-vat-ly-10_bai-5-trang-159-sgk-vat-ly-10",
        "level": 0
    },
    {
        "type": "category",
        "title": "Bài 6 (trang 159 SGK Vật Lý 10): Trong các hệ thức sau đây hệ thức nào... ",
        "url": "giai-bai-tap-vat-ly-10_bai-6-trang-159-sgk-vat-ly-10",
        "level": 0
    },
    {
        "type": "category",
        "title": "Bài 7 (trang 159 SGK Vật Lý 10): Hệ thức nào sau đây phù hợp với định luật ...",
        "url": "giai-bai-tap-vat-ly-10_bai-7-trang-159-sgk-vat-ly-10",
        "level": 0
    },
    {
        "type": "category",
        "title": "Bài 8 (trang 159 SGK Vật Lý 10): Một xilanh chứa 150 cm3 khí ở áp suất 2.105 ...",
        "url": "giai-bai-tap-vat-ly-10_bai-8-trang-159-sgk-vat-ly-10",
        "level": 0
    },
    {
        "type": "category",
        "title": "Bài 9 (trang 159 SGK Vật Lý 10): Một quả bóng có dung tích 2,5 lít. Người ta bơm...",
        "url": "giai-bai-tap-vat-ly-10_bai-9-trang-159-sgk-vat-ly-10",
        "level": 0
    }
]