[
    {
        "type": "category",
        "title": "Phần trả lời câu hỏi C SGK Vật Lý 10: C1. Nếu giữ chặt đầu A của thanh thép AB  ... C2. Dùng kìm kéo dãn một lò xo nhỏ ...",
        "url": "giai-bai-tap-vat-ly-10_tra-loi-cau-hoi-sgk-vat-ly-10-bai-35",
        "level": 0
    },
    {
        "type": "category",
        "title": "Bài 1 (trang 191 SGK Vật Lý 10): Biến dạng đàn hồi của vật rắn là gì? ...",
        "url": "giai-bai-tap-vat-ly-10_bai-1-trang-191-sgk-vat-ly-10",
        "level": 0
    },
    {
        "type": "category",
        "title": "Bài 2 (trang 191 SGK Vật Lý 10): Phát biểu và viết công thức của định luật Húc ...",
        "url": "giai-bai-tap-vat-ly-10_bai-2-trang-191-sgk-vat-ly-10",
        "level": 0
    },
    {
        "type": "category",
        "title": "Bài 3 (trang 191 SGK Vật Lý 10): Từ định luật Húc về biến dạng cơ của vật rắn, ...",
        "url": "giai-bai-tap-vat-ly-10_bai-3-trang-191-sgk-vat-ly-10",
        "level": 0
    },
    {
        "type": "category",
        "title": "Bài 4 (trang 192 SGK Vật Lý 10): Mức độ biến dạng của thanh rắn (bị kéo hoặc nén) ...",
        "url": "giai-bai-tap-vat-ly-10_bai-4-trang-192-sgk-vat-ly-10",
        "level": 0
    },
    {
        "type": "category",
        "title": "Bài 5 (trang 192 SGK Vật Lý 10): Trong giới hạn đàn hồi, độ biến dạng tỉ đối ...",
        "url": "giai-bai-tap-vat-ly-10_bai-5-trang-192-sgk-vat-ly-10",
        "level": 0
    },
    {
        "type": "category",
        "title": "Bài 6 (trang 192 SGK Vật Lý 10): Độ cứng (hay hệ số đàn hồi) của vật rắn ...",
        "url": "giai-bai-tap-vat-ly-10_bai-6-trang-192-sgk-vat-ly-10",
        "level": 0
    },
    {
        "type": "category",
        "title": "Bài 7 (trang 192 SGK Vật Lý 10): Một sợi dây thép đường kính 1,5 mm ...",
        "url": "giai-bai-tap-vat-ly-10_bai-7-trang-192-sgk-vat-ly-10",
        "level": 0
    },
    {
        "type": "category",
        "title": "Bài 8 (trang 192 SGK Vật Lý 10): Một thanh rắn đồng chất tiết diện đều ...",
        "url": "giai-bai-tap-vat-ly-10_bai-8-trang-192-sgk-vat-ly-10",
        "level": 0
    },
    {
        "type": "category",
        "title": "Bài 9 (trang 192 SGK Vật Lý 10): Một thanh thép tròn đường kính 20 mm có ...",
        "url": "giai-bai-tap-vat-ly-10_bai-9-trang-192-sgk-vat-ly-10",
        "level": 0
    }
]