[
    {
        "type": "category",
        "title": "Phần trả lời câu hỏi C SGK Vật Lý 10: C1. Tính hệ số α... C2. Dựa vào công thức α  ...",
        "url": "giai-bai-tap-vat-ly-10_tra-loi-cau-hoi-sgk-vat-ly-10-bai-36",
        "level": 0
    },
    {
        "type": "category",
        "title": "Bài 1 (trang 197 SGK Vật Lý 10): Phát biểu và viết công thức nở dài của vật rắn....",
        "url": "giai-bai-tap-vat-ly-10_bai-1-trang-197-sgk-vat-ly-10",
        "level": 0
    },
    {
        "type": "category",
        "title": "Bài 2 (trang 197 SGK Vật Lý 10): Viết công thức xác định quy luật phụ thuộc... ",
        "url": "giai-bai-tap-vat-ly-10_bai-2-trang-197-sgk-vat-ly-10",
        "level": 0
    },
    {
        "type": "category",
        "title": "Bài 3 (trang 197 SGK Vật Lý 10): Viết công thức xác định quy luật phụ thuộc ....",
        "url": "giai-bai-tap-vat-ly-10_bai-3-trang-197-sgk-vat-ly-10",
        "level": 0
    },
    {
        "type": "category",
        "title": "Bài 4 (trang 197 SGK Vật Lý 10): Tại sao khi đổ nước sôi vào trong cốc thủy... ",
        "url": "giai-bai-tap-vat-ly-10_bai-4-trang-197-sgk-vat-ly-10",
        "level": 0
    },
    {
        "type": "category",
        "title": "Bài 5 (trang 197 SGK Vật Lý 10): Một thước thép ở 20o C có độ dài 1000 mm.... ",
        "url": "giai-bai-tap-vat-ly-10_bai-5-trang-197-sgk-vat-ly-10",
        "level": 0
    },
    {
        "type": "category",
        "title": "Bài 6 (trang 197 SGK Vật Lý 10): Khối lượng riêng của sắt ở... ",
        "url": "giai-bai-tap-vat-ly-10_bai-6-trang-197-sgk-vat-ly-10",
        "level": 0
    },
    {
        "type": "category",
        "title": "Bài 7 (trang 197 SGK Vật Lý 10): Một dây tải điện ở 20o C có độ dài 1 800 m. ..",
        "url": "giai-bai-tap-vat-ly-10_bai-7-trang-197-sgk-vat-ly-10",
        "level": 0
    },
    {
        "type": "category",
        "title": "Bài 8 (trang 197 SGK Vật Lý 10): Mỗi thanh ray của đường sắt ở nhiệt độ... ",
        "url": "giai-bai-tap-vat-ly-10_bai-8-trang-197-sgk-vat-ly-10",
        "level": 0
    },
    {
        "type": "category",
        "title": "Bài 9 (trang 197 SGK Vật Lý 10): Xét một vật rắn đồng chất, đẳng hướng và ...",
        "url": "giai-bai-tap-vat-ly-10_bai-9-trang-197-sgk-vat-ly-10",
        "level": 0
    }
]