[
    {
        "type": "category",
        "title": "Phần trả lời câu hỏi C SGK Vật Lý 10: C1. Cho biết (một cách gần đúng): ... C2. Có thể lấy vật nào làm mốc ...",
        "url": "giai-bai-tap-vat-ly-10_tra-loi-cau-hoi-sgk-vat-ly-10-bai-1",
        "level": 0
    },
    {
        "type": "category",
        "title": "Bài 1 (trang 11 SGK Vật Lý 10): Chất điểm là gì?",
        "url": "giai-bai-tap-vat-ly-10_bai-1-trang-11-sgk-vat-ly-10",
        "level": 0
    },
    {
        "type": "category",
        "title": "Bài 2 (trang 11 SGK Vật Lý 10): Nêu cách xác định vị trí của một ô tô trên một quốc lộ?",
        "url": "giai-bai-tap-vat-ly-10_bai-2-trang-11-sgk-vat-ly-10",
        "level": 0
    },
    {
        "type": "category",
        "title": "Bài 3 (trang 11 SGK Vật Lý 10): Nêu cách xác định vị trí của một vật trên một mặt phẳng ?",
        "url": "giai-bai-tap-vat-ly-10_bai-3-trang-11-sgk-vat-ly-10",
        "level": 0
    },
    {
        "type": "category",
        "title": "Bài 4 (trang 11 SGK Vật Lý 10): Phân biệt hệ tọa độ và hệ quy chiếu ?",
        "url": "giai-bai-tap-vat-ly-10_bai-4-trang-11-sgk-vat-ly-10",
        "level": 0
    },
    {
        "type": "category",
        "title": "Bài 5 (trang 11 SGK Vật Lý 10): Trường hợp nào dưới đây có thể coi vật là chất điểm ?...",
        "url": "giai-bai-tap-vat-ly-10_bai-5-trang-11-sgk-vat-ly-10",
        "level": 0
    },
    {
        "type": "category",
        "title": "Bài 6 (trang 11 SGK Vật Lý 10): Một người chỉ đường cho một khách du lịch như sau: ...",
        "url": "giai-bai-tap-vat-ly-10_bai-6-trang-11-sgk-vat-ly-10",
        "level": 0
    },
    {
        "type": "category",
        "title": "Bài 7 (trang 11 SGK Vật Lý 10): Trong các cách chọn hệ trục tọa độ và mốc thời gian dưới đây ...",
        "url": "giai-bai-tap-vat-ly-10_bai-7-trang-11-sgk-vat-ly-10",
        "level": 0
    },
    {
        "type": "category",
        "title": "Bài 8 (trang 11 SGK Vật Lý 10): Để xác định vị trí của một tàu biển giữa đại dương, người ta dùng ...",
        "url": "giai-bai-tap-vat-ly-10_bai-8-trang-11-sgk-vat-ly-10",
        "level": 0
    },
    {
        "type": "category",
        "title": "Bài 9 (trang 11 SGK Vật Lý 10): Nếu lấy mốc thời gian là lúc 5 giờ 15 phút thì sau ít nhất bao lâu ...",
        "url": "giai-bai-tap-vat-ly-10_bai-9-trang-11-sgk-vat-ly-10",
        "level": 0
    }
]