[
    {
        "type": "category",
        "title": "Phần trả lời câu hỏi C SGK Vật Lý 10 : C1. Dựa vào giờ tàu ở Bảng 1.1, hãy tính tốc độ trung bình của...",
        "url": "giai-bai-tap-vat-ly-10_tra-loi-cau-hoi-sgk-vat-ly-10-bai-2",
        "level": 0
    },
    {
        "type": "category",
        "title": "Bài 1 (trang 15 SGK Vật Lý 10): Chuyển động thẳng đều là gì?",
        "url": "giai-bai-tap-vat-ly-10_bai-1-trang-15-sgk-vat-ly-10",
        "level": 0
    },
    {
        "type": "category",
        "title": "Bài 2 (trang 15 SGK Vật Lý 10): Nêu những đặt điểm của chuyển động thẳng đều ?",
        "url": "giai-bai-tap-vat-ly-10_bai-2-trang-15-sgk-vat-ly-10",
        "level": 0
    },
    {
        "type": "category",
        "title": "Bài 3 (trang 15 SGK Vật Lý 10): Tốc độ trung bình là gì?",
        "url": "giai-bai-tap-vat-ly-10_bai-3-trang-15-sgk-vat-ly-10",
        "level": 0
    },
    {
        "type": "category",
        "title": "Bài 4 (trang 15 SGK Vật Lý 10): Viết công thức tính quãng đường đi được và phương trình  ...",
        "url": "giai-bai-tap-vat-ly-10_bai-4-trang-15-sgk-vat-ly-10",
        "level": 0
    },
    {
        "type": "category",
        "title": "Bài 5 (trang 15 SGK Vật Lý 10): Nêu cách vẽ đồ thị tọa độ - thời gian của một chuyển động thẳng đều .",
        "url": "giai-bai-tap-vat-ly-10_bai-5-trang-15-sgk-vat-ly-10",
        "level": 0
    },
    {
        "type": "category",
        "title": "Bài 6 (trang 15 SGK Vật Lý 10): Trong chuyển động thẳng đều ...",
        "url": "giai-bai-tap-vat-ly-10_bai-6-trang-15-sgk-vat-ly-10",
        "level": 0
    },
    {
        "type": "category",
        "title": "Bài 7 (trang 15 SGK Vật Lý 10): Chỉ ra câu sai. Chuyển động thẳng đều có những đặc điểm sau :... ",
        "url": "giai-bai-tap-vat-ly-10_bai-7-trang-15-sgk-vat-ly-10",
        "level": 0
    },
    {
        "type": "category",
        "title": "Bài 8 (trang 15 SGK Vật Lý 10): Đồ thị tọa độ - thời gian trong chuyển động thẳng của một chiếc xe có dạng như ...",
        "url": "giai-bai-tap-vat-ly-10_bai-8-trang-15-sgk-vat-ly-10",
        "level": 0
    },
    {
        "type": "category",
        "title": "Bài 9 (trang 15 SGK Vật Lý 10): Hai ô tô xuất phát cùng một lúc từ hai địa điểm A và B cách nhau 10 km trên ...",
        "url": "giai-bai-tap-vat-ly-10_bai-9-trang-15-sgk-vat-ly-10",
        "level": 0
    },
    {
        "type": "category",
        "title": "Bài 10 (trang 15 SGK Vật Lý 10): Một ô tô tải xuất phát từ thành phố H chuyển động thẳng đều về phía thành phố ...",
        "url": "giai-bai-tap-vat-ly-10_bai-10-trang-15-sgk-vat-ly-10",
        "level": 0
    }
]