[
    {
        "type": "category",
        "title": "Phần trả lời câu hỏi C SGK Vật Lý 10: C1. Độ lớn của lực ma sát trượt phụ thuộc vào  ... C2. Búng cho hòn bi lăn trên mặt sàn nằm ngang. ...",
        "url": "giai-bai-tap-vat-ly-10_tra-loi-cau-hoi-sgk-vat-ly-10-bai-13",
        "level": 0
    },
    {
        "type": "category",
        "title": "Bài 1 (trang 78 SGK Vật Lý 10): Nêu những đặc điểm của lực ma sát trượt...",
        "url": "giai-bai-tap-vat-ly-10_bai-1-trang-78-sgk-vat-ly-10",
        "level": 0
    },
    {
        "type": "category",
        "title": "Bài 2 (trang 78 SGK Vật Lý 10): Hệ số ma sát trượt là gì? Nó phụ thuộc vào những ...",
        "url": "giai-bai-tap-vat-ly-10_bai-2-trang-78-sgk-vat-ly-10",
        "level": 0
    },
    {
        "type": "category",
        "title": "Bài 3 (trang 78 SGK Vật Lý 10): Nêu những đặc điểm của lực ma sát nghỉ...",
        "url": "giai-bai-tap-vat-ly-10_bai-3-trang-78-sgk-vat-ly-10",
        "level": 0
    },
    {
        "type": "category",
        "title": "Bài 4 (trang 78 SGK Vật Lý 10): Trong các cách viết công thức của lực ma sát ...",
        "url": "giai-bai-tap-vat-ly-10_bai-4-trang-78-sgk-vat-ly-10",
        "level": 0
    },
    {
        "type": "category",
        "title": "Bài 5 (trang 79 SGK Vật Lý 10): Quyển sách nằm yên trên mặt bàn nằm ngang ...",
        "url": "giai-bai-tap-vat-ly-10_bai-5-trang-79-sgk-vat-ly-10",
        "level": 0
    },
    {
        "type": "category",
        "title": "Bài 6 (trang 79 SGK Vật Lý 10): Điều gì xảy ra đối với hệ số ma sát giữa hai ...",
        "url": "giai-bai-tap-vat-ly-10_bai-6-trang-79-sgk-vat-ly-10",
        "level": 0
    },
    {
        "type": "category",
        "title": "Bài 7 (trang 79 SGK Vật Lý 10): Một vận động viên môn hốc cây (môn khúc quân cầu) ...",
        "url": "giai-bai-tap-vat-ly-10_bai-7-trang-79-sgk-vat-ly-10",
        "level": 0
    },
    {
        "type": "category",
        "title": "Bài 8 (trang 79 SGK Vật Lý 10): Một tủ lạnh có trọng lượng 890 N chuyển động thẳng ...",
        "url": "giai-bai-tap-vat-ly-10_bai-8-trang-79-sgk-vat-ly-10",
        "level": 0
    }
]