[
    {
        "type": "category",
        "title": "Phần trả lời câu hỏi C SGK Vật Lý 10: C1. Hãy áp dụng định luật II Niu – Tơn  ... C2. Một vật được ném ngang ở độ cao h = 80 m ...",
        "url": "giai-bai-tap-vat-ly-10_tra-loi-cau-hoi-sgk-vat-ly-10-bai-15",
        "level": 0
    },
    {
        "type": "category",
        "title": "Bài 1 (trang 88 SGK Vật Lý 10): Để khảo sát chuyển động ném ngang, ta chọn hệ tọa độ Đề - các...",
        "url": "giai-bai-tap-vat-ly-10_bai-1-trang-88-sgk-vat-ly-10",
        "level": 0
    },
    {
        "type": "category",
        "title": "Bài 2 (trang 88 SGK Vật Lý 10): Viết các chương trình của hai chuyển động thành...",
        "url": "giai-bai-tap-vat-ly-10_bai-2-trang-88-sgk-vat-ly-10",
        "level": 0
    },
    {
        "type": "category",
        "title": "Bài 3 (trang 88 SGK Vật Lý 10): Lập phương trình quỹ đạo của chuyển động ném ngang,...",
        "url": "giai-bai-tap-vat-ly-10_bai-3-trang-88-sgk-vat-ly-10",
        "level": 0
    },
    {
        "type": "category",
        "title": "Bài 4 (trang 88 SGK Vật Lý 10): Bi A có khối lượng lớn gấp đôi bi B. Cùng một lúc tại mái nhà,....",
        "url": "giai-bai-tap-vat-ly-10_bai-4-trang-88-sgk-vat-ly-10",
        "level": 0
    },
    {
        "type": "category",
        "title": "Bài 5 (trang 88 SGK Vật Lý 10): Một máy bay bay theo phương ngang ở độ cao 10 km.... ",
        "url": "giai-bai-tap-vat-ly-10_bai-5-trang-88-sgk-vat-ly-10",
        "level": 0
    },
    {
        "type": "category",
        "title": "Bài 6 (trang 88 SGK Vật Lý 10): Một hòn bi lăn dọc theo một cạnh của một mặt bàn hình chữ nhật...",
        "url": "giai-bai-tap-vat-ly-10_bai-6-trang-88-sgk-vat-ly-10",
        "level": 0
    },
    {
        "type": "category",
        "title": "Bài 7 (trang 88 SGK Vật Lý 10): Với số liệu của bài 6, hỏi tốc độ của viên bi lúc rời khỏi bàn?...",
        "url": "giai-bai-tap-vat-ly-10_bai-7-trang-88-sgk-vat-ly-10",
        "level": 0
    }
]