[
    {
        "type": "category",
        "title": "Phần trả lời câu hỏi C SGK Vật Lý 10: C1. Vật nào tác dụng vào cung làm ... C2. Vẽ các lực cân bằng tác dụng lên ...",
        "url": "giai-bai-tap-vat-ly-10_tra-loi-cau-hoi-sgk-vat-ly-10-bai-9",
        "level": 0
    },
    {
        "type": "category",
        "title": "Bài 1 (trang 58 SGK Vật Lý 10): Phát biểu định nghĩa của lực và điều kiện cân bằng ...",
        "url": "giai-bai-tap-vat-ly-10_bai-1-trang-58-sgk-vat-ly-10",
        "level": 0
    },
    {
        "type": "category",
        "title": "Bài 2 (trang 58 SGK Vật Lý 10): Tổng hợp lực là gì? Phát biểu quy tắc hình ...",
        "url": "giai-bai-tap-vat-ly-10_bai-2-trang-58-sgk-vat-ly-10",
        "level": 0
    },
    {
        "type": "category",
        "title": "Bài 3 (trang 58 SGK Vật Lý 10): Hợp lực F của hai lực đồng qui F1 và  F2 ... ",
        "url": "giai-bai-tap-vat-ly-10_bai-3-trang-58-sgk-vat-ly-10",
        "level": 0
    },
    {
        "type": "category",
        "title": "Bài 4 (trang 58 SGK Vật Lý 10): Phân tích lực là gì? Nêu cách phân tích một lực ...",
        "url": "giai-bai-tap-vat-ly-10_bai-4-trang-58-sgk-vat-ly-10",
        "level": 0
    },
    {
        "type": "category",
        "title": "Bài 5 (trang 58 SGK Vật Lý 10): Cho hai lực đồng quy có độ lớn bằng ...",
        "url": "giai-bai-tap-vat-ly-10_bai-5-trang-58-sgk-vat-ly-10",
        "level": 0
    },
    {
        "type": "category",
        "title": "Bài 6 (trang 58 SGK Vật Lý 10): Cho hai lực đồng quy có cùng độ lớn 10 N...",
        "url": "giai-bai-tap-vat-ly-10_bai-6-trang-58-sgk-vat-ly-10",
        "level": 0
    },
    {
        "type": "category",
        "title": "Bài 7 (trang 58 SGK Vật Lý 10): Phân tích lực F thành lực ...",
        "url": "giai-bai-tap-vat-ly-10_bai-7-trang-58-sgk-vat-ly-10",
        "level": 0
    },
    {
        "type": "category",
        "title": "Bài 8 (trang 58 SGK Vật Lý 10): Một vật có trọng lượng P =  20 N được treo...",
        "url": "giai-bai-tap-vat-ly-10_bai-8-trang-58-sgk-vat-ly-10",
        "level": 0
    },
    {
        "type": "category",
        "title": "Bài 9 (trang 58 SGK Vật Lý 10): Em hãy đứng vào giữa hai chiếc bàn đặt gần nhau,... ",
        "url": "giai-bai-tap-vat-ly-10_bai-9-trang-58-sgk-vat-ly-10",
        "level": 0
    }
]