[
    {
        "type": "category",
        "title": "Phần trả lời câu hỏi C SGK Vật Lý 10: C1. Dùng hai tay kéo dãn một lò xo (Hình 12.1a). ... C2. Lực của lò xo ở Hình 12.2b có độ ...",
        "url": "giai-bai-tap-vat-ly-10_tra-loi-cau-hoi-sgk-vat-ly-10-bai-12",
        "level": 0
    },
    {
        "type": "category",
        "title": "Bài 1 (trang 74 SGK Vật Lý 10): Nêu những đặc điểm (về phương, chiều, điểm đặt )... ",
        "url": "giai-bai-tap-vat-ly-10_bai-1-trang-74-sgk-vat-ly-10",
        "level": 0
    },
    {
        "type": "category",
        "title": "Bài 2 (trang 74 SGK Vật Lý 10): Phát biểu định luật Húc...",
        "url": "giai-bai-tap-vat-ly-10_bai-2-trang-74-sgk-vat-ly-10",
        "level": 0
    },
    {
        "type": "category",
        "title": "Bài 3 (trang 74 SGK Vật Lý 10): Phải treo một vật có khối lượng bằng bao nhiêu ...",
        "url": "giai-bai-tap-vat-ly-10_bai-3-trang-74-sgk-vat-ly-10",
        "level": 0
    },
    {
        "type": "category",
        "title": "Bài 4 (trang 74 SGK Vật Lý 10): Một lò xo có chiều dài tự nhiên bằng 15 cm... ",
        "url": "giai-bai-tap-vat-ly-10_bai-4-trang-74-sgk-vat-ly-10",
        "level": 0
    },
    {
        "type": "category",
        "title": "Bài 5 (trang 74 SGK Vật Lý 10): Một lò xo có chiều dài tụ nhiên 30 cm, khi bị nén lò... ",
        "url": "giai-bai-tap-vat-ly-10_bai-5-trang-74-sgk-vat-ly-10",
        "level": 0
    },
    {
        "type": "category",
        "title": "Bài 6 (trang 74 SGK Vật Lý 10): Treo một vật có trọng lượng 2,0 N vào một lò xo,... ",
        "url": "giai-bai-tap-vat-ly-10_bai-6-trang-74-sgk-vat-ly-10",
        "level": 0
    }
]