[
    {
        "type": "category",
        "title": "Bài 1 (trang 69 SGK Vật Lý 10): Phát biểu định luật vạn vật hấp dẫn và ...",
        "url": "giai-bai-tap-vat-ly-10_bai-1-trang-69-sgk-vat-ly-10",
        "level": 0
    },
    {
        "type": "category",
        "title": "Bài 2 (trang 69 SGK Vật Lý 10): Nêu định nghĩa trọng tâm của vật...",
        "url": "giai-bai-tap-vat-ly-10_bai-2-trang-69-sgk-vat-ly-10",
        "level": 0
    },
    {
        "type": "category",
        "title": "Bài 3 (trang 69 SGK Vật Lý 10): Tại sao gia tốc rơi tự do và trọng lượng của ...",
        "url": "giai-bai-tap-vat-ly-10_bai-3-trang-69-sgk-vat-ly-10",
        "level": 0
    },
    {
        "type": "category",
        "title": "Bài 4 (trang 69 SGK Vật Lý 10): Một vật khối lượng 1 kg, ở trên mặt đất có trọng lượng 10 N.... ",
        "url": "giai-bai-tap-vat-ly-10_bai-4-trang-69-sgk-vat-ly-10",
        "level": 0
    },
    {
        "type": "category",
        "title": "Bài 5 (trang 70 SGK Vật Lý 10): Hai tàu thủy, mỗi chiếc có khối lượng 50 000 tấn ở cách nhau 1 km... ",
        "url": "giai-bai-tap-vat-ly-10_bai-5-trang-70-sgk-vat-ly-10",
        "level": 0
    },
    {
        "type": "category",
        "title": "Bài 6 (trang 70 SGK Vật Lý 10): Trái Đất hút Mặt Trăng với một lực bằng bao nhiêu? ...",
        "url": "giai-bai-tap-vat-ly-10_bai-6-trang-70-sgk-vat-ly-10",
        "level": 0
    },
    {
        "type": "category",
        "title": "Bài 7 (trang 70 SGK Vật Lý 10): Tính trọng lượng của một nhà du hành vũ trụ có ...",
        "url": "giai-bai-tap-vat-ly-10_bai-7-trang-70-sgk-vat-ly-10",
        "level": 0
    }
]