[
    {
        "type": "category",
        "title": "Phần trả lời câu hỏi C SGK Vật Lý 10: C1. Hãy xác định mặt chân đế của  ... C2. Hãy trả lời các câu hỏi ở phần mở bài. ...",
        "url": "giai-bai-tap-vat-ly-10_tra-loi-cau-hoi-sgk-vat-ly-10-bai-20",
        "level": 0
    },
    {
        "type": "category",
        "title": "Bài 1 (trang 110 SGK Vật Lý 10): Thế nào là dạng cân bằng bền?... ",
        "url": "giai-bai-tap-vat-ly-10_bai-1-trang-110-sgk-vat-ly-10",
        "level": 0
    },
    {
        "type": "category",
        "title": "Bài 2 (trang 110 SGK Vật Lý 10): Vị trí trọng tâm của vật có vai trò gì.... ",
        "url": "giai-bai-tap-vat-ly-10_bai-2-trang-110-sgk-vat-ly-10",
        "level": 0
    },
    {
        "type": "category",
        "title": "Bài 3 (trang 110 SGK Vật Lý 10): Điều kiện cân bằng của một vật có ....",
        "url": "giai-bai-tap-vat-ly-10_bai-3-trang-110-sgk-vat-ly-10",
        "level": 0
    },
    {
        "type": "category",
        "title": "Bài 4 (trang 110 SGK Vật Lý 10): Hãy chỉ rõ dạng cân bằng của:...",
        "url": "giai-bai-tap-vat-ly-10_bai-4-trang-110-sgk-vat-ly-10",
        "level": 0
    },
    {
        "type": "category",
        "title": "Bài 5 (trang 110 SGK Vật Lý 10): Người ta đã làm thế nào để thực hiện được mức ...",
        "url": "giai-bai-tap-vat-ly-10_bai-5-trang-110-sgk-vat-ly-10",
        "level": 0
    },
    {
        "type": "category",
        "title": "Bài 6 (trang 110 SGK Vật Lý 10): Một xe tải lần lượt chở các vật liệu sau với khối ... ",
        "url": "giai-bai-tap-vat-ly-10_bai-6-trang-110-sgk-vat-ly-10",
        "level": 0
    }
]