[
    {
        "type": "category",
        "title": "Phần trả lời câu hỏi C SGK Vật Lý 10: C1. Xác định dấu của các đại lượng  ... C2. Các hệ thứ sau đây diễn tả những quá trình nào? ...",
        "url": "giai-bai-tap-vat-ly-10_tra-loi-cau-hoi-sgk-vat-ly-10-bai-33",
        "level": 0
    },
    {
        "type": "category",
        "title": "Bài 1 (trang 179 SGK Vật Lý 10): Phát biểu và viết hệ thức của nguyên lí ...",
        "url": "giai-bai-tap-vat-ly-10_bai-1-trang-179-sgk-vat-ly-10",
        "level": 0
    },
    {
        "type": "category",
        "title": "Bài 2 (trang 179 SGK Vật Lý 10): Phát biểu nguyên lí II NĐLH...",
        "url": "giai-bai-tap-vat-ly-10_bai-2-trang-179-sgk-vat-ly-10",
        "level": 0
    },
    {
        "type": "category",
        "title": "Bài 3 (trang 179 SGK Vật Lý 10): Trong các hệ thức sau, hệ thức nào diễn tả ...",
        "url": "giai-bai-tap-vat-ly-10_bai-3-trang-179-sgk-vat-ly-10",
        "level": 0
    },
    {
        "type": "category",
        "title": "Bài 4 (trang 180 SGK Vật Lý 10): Trong quá trình chất khí nhận nhiệt và sinh công.... ",
        "url": "giai-bai-tap-vat-ly-10_bai-4-trang-180-sgk-vat-ly-10",
        "level": 0
    },
    {
        "type": "category",
        "title": "Bài 5 (trang 180 SGK Vật Lý 10): Trường hợp nào sau đây ứng với quá trình ....",
        "url": "giai-bai-tap-vat-ly-10_bai-5-trang-180-sgk-vat-ly-10",
        "level": 0
    },
    {
        "type": "category",
        "title": "Bài 6 (trang 180 SGK Vật Lý 10): Người ta thực hiện công 100 J để nén khí ...",
        "url": "giai-bai-tap-vat-ly-10_bai-6-trang-180-sgk-vat-ly-10",
        "level": 0
    },
    {
        "type": "category",
        "title": "Bài 7 (trang 180 SGK Vật Lý 10): Người ta truyền cho khí trong xilanh ...",
        "url": "giai-bai-tap-vat-ly-10_bai-7-trang-180-sgk-vat-ly-10",
        "level": 0
    },
    {
        "type": "category",
        "title": "Bài 8 (trang 180 SGK Vật Lý 10): Khi truyền nhiệt lượng ...",
        "url": "giai-bai-tap-vat-ly-10_bai-8-trang-180-sgk-vat-ly-10",
        "level": 0
    }
]