[
    {
        "type": "category",
        "title": "Phần trả lời câu hỏi C SGK Vật Lý 10: C1. Hãy tính các giá trị của ... C2. Hãy dùng các số liệu trong bảng  ...",
        "url": "giai-bai-tap-vat-ly-10_tra-loi-cau-hoi-sgk-vat-ly-10-bai-30",
        "level": 0
    },
    {
        "type": "category",
        "title": "Bài 1 (trang 162 SGK Vật Lý 10): Thế nào là quá trình đẳng tích? ...",
        "url": "giai-bai-tap-vat-ly-10_bai-1-trang-162-sgk-vat-ly-10",
        "level": 0
    },
    {
        "type": "category",
        "title": "Bài 2 (trang 162 SGK Vật Lý 10): Viết hệ thức liên hệ giữa P và T trong ...",
        "url": "giai-bai-tap-vat-ly-10_bai-2-trang-162-sgk-vat-ly-10",
        "level": 0
    },
    {
        "type": "category",
        "title": "Bài 3 (trang 162 SGK Vật Lý 10): Phát biểu định luật Sác-lơ...",
        "url": "giai-bai-tap-vat-ly-10_bai-3-trang-162-sgk-vat-ly-10",
        "level": 0
    },
    {
        "type": "category",
        "title": "Bài 4 (trang 162 SGK Vật Lý 10): Trong các hệ thức sau đây, hệ thức nào ...",
        "url": "giai-bai-tap-vat-ly-10_bai-4-trang-162-sgk-vat-ly-10",
        "level": 0
    },
    {
        "type": "category",
        "title": "Bài 5 (trang 162 SGK Vật Lý 10): Trong hệ tọa độ (p, T), đường biểu diễn ...",
        "url": "giai-bai-tap-vat-ly-10_bai-5-trang-162-sgk-vat-ly-10",
        "level": 0
    },
    {
        "type": "category",
        "title": "Bài 6 (trang 162 SGK Vật Lý 10): Hệ thức nào sau đây phù hợp ...",
        "url": "giai-bai-tap-vat-ly-10_bai-6-trang-162-sgk-vat-ly-10",
        "level": 0
    },
    {
        "type": "category",
        "title": "Bài 7 (trang 162 SGK Vật Lý 10): Một bình chứa một lượng khí ở nhiệt độ...",
        "url": "giai-bai-tap-vat-ly-10_bai-7-trang-162-sgk-vat-ly-10",
        "level": 0
    },
    {
        "type": "category",
        "title": "Bài 8 (trang 162 SGK Vật Lý 10): Một chiếc lốp ô tô chứa không khí có áp suất ...",
        "url": "giai-bai-tap-vat-ly-10_bai-8-trang-162-sgk-vat-ly-10",
        "level": 0
    }
]