[
    {
        "type": "category",
        "title": "Phần trả lời câu hỏi C SGK Vật Lý 10: C1. Tại sao xe đạp chạy thêm được một quãng đường nữa  ... C2. Cho hai vật chịu tác dụng của những lực có độ lớn bằng nhau.  ...",
        "url": "giai-bai-tap-vat-ly-10_tra-loi-cau-hoi-sgk-vat-ly-10-bai-10",
        "level": 0
    },
    {
        "type": "category",
        "title": "Bài 1 (trang 64 SGK Vật Lý 10): Phát biểu định luật I Niu – Tơn. Quán tính là gì? ...",
        "url": "giai-bai-tap-vat-ly-10_bai-1-trang-64-sgk-vat-ly-10",
        "level": 0
    },
    {
        "type": "category",
        "title": "Bài 2 (trang 64 SGK Vật Lý 10): Phát biểu và viết hệ thức của định luật II Niu – tơn...",
        "url": "giai-bai-tap-vat-ly-10_bai-2-trang-64-sgk-vat-ly-10",
        "level": 0
    },
    {
        "type": "category",
        "title": "Bài 3 (trang 64 SGK Vật Lý 10): Nêu định luật và các tính chất của khối lượng...",
        "url": "giai-bai-tap-vat-ly-10_bai-3-trang-64-sgk-vat-ly-10",
        "level": 0
    },
    {
        "type": "category",
        "title": "Bài 4 (trang 64 SGK Vật Lý 10): Trọng lượng của một vật là gì? Viết công thức của trọng lực... ",
        "url": "giai-bai-tap-vat-ly-10_bai-4-trang-64-sgk-vat-ly-10",
        "level": 0
    },
    {
        "type": "category",
        "title": "Bài 5 (trang 64 SGK Vật Lý 10): Phát biểu và viết hệ thức của định luật III Niu – Tơn...",
        "url": "giai-bai-tap-vat-ly-10_bai-5-trang-64-sgk-vat-ly-10",
        "level": 0
    },
    {
        "type": "category",
        "title": "Bài 6 (trang 64 SGK Vật Lý 10): Nêu những đặc điểm của cặp \"lực và phản lực\" ...",
        "url": "giai-bai-tap-vat-ly-10_bai-6-trang-64-sgk-vat-ly-10",
        "level": 0
    },
    {
        "type": "category",
        "title": "Bài 7 (trang 65 SGK Vật Lý 10): Một vật đang chuyển động với vận tốc 3 m/s... ",
        "url": "giai-bai-tap-vat-ly-10_bai-7-trang-65-sgk-vat-ly-10",
        "level": 0
    },
    {
        "type": "category",
        "title": "Bài 8 (trang 65 SGK Vật Lý 10): Câu nào đúng? A. Nếu không chịu lực nào tác dụng thì mọi vật phải đứng yên ...",
        "url": "giai-bai-tap-vat-ly-10_bai-8-trang-65-sgk-vat-ly-10",
        "level": 0
    },
    {
        "type": "category",
        "title": "Bài 9 (trang 65 SGK Vật Lý 10): Một vật đang nằm yên trên mặt bàn nằm ngang. ..",
        "url": "giai-bai-tap-vat-ly-10_bai-9-trang-65-sgk-vat-ly-10",
        "level": 0
    },
    {
        "type": "category",
        "title": "Bài 10 (trang 65 SGK Vật Lý 10): Trong các cách viết hệ thức của định luật II ...",
        "url": "giai-bai-tap-vat-ly-10_bai-10-trang-65-sgk-vat-ly-10",
        "level": 0
    },
    {
        "type": "category",
        "title": "Bài 11 (trang 65 SGK Vật Lý 10): Một vật có khối lượng 8,0 kg trượt xuống một mặt ...",
        "url": "giai-bai-tap-vat-ly-10_bai-11-trang-65-sgk-vat-ly-10",
        "level": 0
    },
    {
        "type": "category",
        "title": "Bài 12 (trang 65 SGK Vật Lý 10): Một quả bóng, khối lượng 0,50 kg đang nằm yên trên mặt đất... ",
        "url": "giai-bai-tap-vat-ly-10_bai-12-trang-65-sgk-vat-ly-10",
        "level": 0
    },
    {
        "type": "category",
        "title": "Bài 13 (trang 65 SGK Vật Lý 10): Trong một tai nạn giao thông, một ô tô tải đâm vào một ô tô ...",
        "url": "giai-bai-tap-vat-ly-10_bai-13-trang-65-sgk-vat-ly-10",
        "level": 0
    },
    {
        "type": "category",
        "title": "Bài 14 (trang 65 SGK Vật Lý 10): Để xách một túi đựng thức ăn, một người tác dụng vào ...",
        "url": "giai-bai-tap-vat-ly-10_bai-14-trang-65-sgk-vat-ly-10",
        "level": 0
    },
    {
        "type": "category",
        "title": "Bài 15 (trang 65 SGK Vật Lý 10): Hãy chỉ ra căp \"lực và phản lực\" trong các tình huống sau:...",
        "url": "giai-bai-tap-vat-ly-10_bai-15-trang-65-sgk-vat-ly-10",
        "level": 0
    }
]