[
    {
        "type": "category",
        "title": "Phần 1: Cơ học",
        "url": "giai-bai-tap-vat-ly-10_phan-1-co-hoc",
        "level": 0
    },
    {
        "type": "category",
        "title": "Chương 1: Động học chất điểm",
        "url": "giai-bai-tap-vat-ly-10_chuong-1-dong-hoc-chat-diem",
        "level": 1
    },
    {
        "type": "category",
        "title": "Bài 1: Chuyển động cơ ",
        "url": "giai-bai-tap-vat-ly-10_bai-1-chuyen-dong-co",
        "level": 2
    },
    {
        "type": "category",
        "title": "Bài 2: Chuyển động thẳng đều",
        "url": "giai-bai-tap-vat-ly-10_bai-2-chuyen-dong-thang-deu",
        "level": 2
    },
    {
        "type": "category",
        "title": "Bài 3: Chuyển động thẳng biến đổi đều",
        "url": "giai-bai-tap-vat-ly-10_bai-3-chuyen-dong-thang-bien-doi-deu",
        "level": 2
    },
    {
        "type": "category",
        "title": "Bài 4: Sự rơi tự do",
        "url": "giai-bai-tap-vat-ly-10_bai-4-su-roi-tu-do",
        "level": 2
    },
    {
        "type": "category",
        "title": "Bài 5: Chuyển động tròn đều",
        "url": "giai-bai-tap-vat-ly-10_bai-5-chuyen-dong-tron-deu",
        "level": 2
    },
    {
        "type": "category",
        "title": "Bài 6: Tính tương đối của chuyển động. Công thức cộng vận tốc",
        "url": "giai-bai-tap-vat-ly-10_bai-6-tinh-tuong-doi-cua-chuyen-dong-cong-thuc-cong-van-toc",
        "level": 2
    },
    {
        "type": "category",
        "title": "Bài 7: Sai số của phép đo các đại lượng vật lí",
        "url": "giai-bai-tap-vat-ly-10_bai-7-sai-so-cua-phep-do-cac-dai-luong-vat-li",
        "level": 2
    },
    {
        "type": "category",
        "title": "Bài 8: Thực hành: Khảo sát chuyển động rơi tự do. Xác định gia tốc rơi tự do",
        "url": "giai-bai-tap-vat-ly-10_bai-8-thuc-hanh-khao-sat-chuyen-dong-roi-tu-do-xac-dinh-gia-toc-roi-tu-do",
        "level": 2
    },
    {
        "type": "category",
        "title": "Chương 2: Động lực học chất điểm",
        "url": "giai-bai-tap-vat-ly-10_chuong-2-dong-luc-hoc-chat-diem",
        "level": 1
    },
    {
        "type": "category",
        "title": "Bài 9 : Tổng hợp và phân tích lực. Điều kiện cân bằng của chất điểm",
        "url": "giai-bai-tap-vat-ly-10_bai-9-tong-hop-va-phan-tich-luc-dieu-kien-can-bang-cua-chat-diem",
        "level": 2
    },
    {
        "type": "category",
        "title": "Bài 10 : Ba định luật Niu-tơn",
        "url": "giai-bai-tap-vat-ly-10_bai-10-ba-dinh-luat-niu-ton",
        "level": 2
    },
    {
        "type": "category",
        "title": "Bài 11 : Lực hấp dẫn. Định luật vạn vật hấp dẫn",
        "url": "giai-bai-tap-vat-ly-10_bai-11-luc-hap-dan-dinh-luat-van-vat-hap-dan",
        "level": 2
    },
    {
        "type": "category",
        "title": "Bài 12 : Lực đàn hồi của lò xo. Định luật Húc",
        "url": "giai-bai-tap-vat-ly-10_bai-12-luc-dan-hoi-cua-lo-xo-dinh-luat-huc",
        "level": 2
    },
    {
        "type": "category",
        "title": "Bài 13 : Lực ma sát",
        "url": "giai-bai-tap-vat-ly-10_bai-13-luc-ma-sat",
        "level": 2
    },
    {
        "type": "category",
        "title": "Bài 14 : Lực hướng tâm",
        "url": "giai-bai-tap-vat-ly-10_bai-14-luc-huong-tam",
        "level": 2
    },
    {
        "type": "category",
        "title": "Bài 15 : Bài toán về chuyển động ném ngang",
        "url": "giai-bai-tap-vat-ly-10_bai-15-bai-toan-ve-chuyen-dong-nem-ngang",
        "level": 2
    },
    {
        "type": "category",
        "title": "Bài 16 : Thực hành : Xác định hệ số ma sát",
        "url": "giai-bai-tap-vat-ly-10_bai-16-thuc-hanh-xac-dinh-he-so-ma-sat",
        "level": 2
    },
    {
        "type": "category",
        "title": "Chương 3: Cân bằng và chuyển động của vật rắn",
        "url": "giai-bai-tap-vat-ly-10_chuong-3-can-bang-va-chuyen-dong-cua-vat-ran",
        "level": 1
    },
    {
        "type": "category",
        "title": "Bài 17 : Cân bằng của một vật chịu tác dụng của hai lực và của ba lực không song song ",
        "url": "giai-bai-tap-vat-ly-10_bai-17-can-bang-cua-mot-vat-chiu-tac-dung-cua-hai-luc-la-cua-ba-luc-khong-song-song",
        "level": 2
    },
    {
        "type": "category",
        "title": "Bài 18 : Cân bằng của một vật có trục quay cố định. Momen lực",
        "url": "giai-bai-tap-vat-ly-10_bai-18-can-bang-cua-mot-vat-co-truc-quay-co-dinh-momen-luc",
        "level": 2
    },
    {
        "type": "category",
        "title": "Bài 19 : Quy tắc hợp lực song song cùng chiều ",
        "url": "giai-bai-tap-vat-ly-10_bai-19-quy-tac-hop-luc-song-song-cung-chieu",
        "level": 2
    },
    {
        "type": "category",
        "title": "Bài 20 : Các dạng cân bằng. Cân bằng của một vật có mặt chân đế",
        "url": "giai-bai-tap-vat-ly-10_bai-20-cac-dang-can-bang-can-bang-cua-mot-vat-co-mat-chan-de",
        "level": 2
    },
    {
        "type": "category",
        "title": "Bài 21 : Chuyển động tịnh tiến của vật rắn. Chuyển động quay của vật rắn quanh một trục cố định",
        "url": "giai-bai-tap-vat-ly-10_bai-21-chuyen-dong-tinh-tien-cua-vat-ran-chuyen-dong-quay-cua-vat-ran-quanh-mot-truc-co-dinh",
        "level": 2
    },
    {
        "type": "category",
        "title": "Bài 22 : Ngẫu lực ",
        "url": "giai-bai-tap-vat-ly-10_bai-22-ngau-luc",
        "level": 2
    },
    {
        "type": "category",
        "title": "Chương 4: Các định luật bảo toàn",
        "url": "giai-bai-tap-vat-ly-10_chuong-4-cac-dinh-luat-bao-toan",
        "level": 1
    },
    {
        "type": "category",
        "title": "Bài 23 : Động lượng. Định luật bảo toàn động lượng ",
        "url": "giai-bai-tap-vat-ly-10_bai-23-dong-luong-dinh-luat-bao-toan-dong-luong",
        "level": 2
    },
    {
        "type": "category",
        "title": "Bài 24 : Công và Công suất",
        "url": "giai-bai-tap-vat-ly-10_bai-24-cong-va-cong-suat",
        "level": 2
    },
    {
        "type": "category",
        "title": "Bài 25 : Động năng",
        "url": "giai-bai-tap-vat-ly-10_bai-25-dong-nang",
        "level": 2
    },
    {
        "type": "category",
        "title": "Bài 26 : Thế năng",
        "url": "giai-bai-tap-vat-ly-10_bai-26-the-nang",
        "level": 2
    },
    {
        "type": "category",
        "title": "Bài 27 : Cơ năng",
        "url": "giai-bai-tap-vat-ly-10_bai-27-co-nang",
        "level": 2
    },
    {
        "type": "category",
        "title": "Phần 2: Nhiệt học",
        "url": "giai-bai-tap-vat-ly-10_phan-2-nhiet-hoc",
        "level": 0
    },
    {
        "type": "category",
        "title": "Chương 5: Chất khí",
        "url": "giai-bai-tap-vat-ly-10_chuong-5-chat-khi",
        "level": 1
    },
    {
        "type": "category",
        "title": "Bài 28 : Cấu tạo chất. Thuyết động học phân tử chất khí ",
        "url": "giai-bai-tap-vat-ly-10_bai-28-cau-tao-chat-thuyet-dong-hoc-phan-tu-chat-khi",
        "level": 2
    },
    {
        "type": "category",
        "title": "Bài 29 : Quá trình đẳng nhiệt. Định luật Bôi-lơ-Ma-ri-ốt ",
        "url": "giai-bai-tap-vat-ly-10_bai-29-qua-trinh-dang-nhiet-dinh-luat-boi-lo-ma-ri-ot",
        "level": 2
    },
    {
        "type": "category",
        "title": "Bài 30 : Quá trình đẳng tích. Định luật Sác-lơ",
        "url": "giai-bai-tap-vat-ly-10_bai-30-qua-trinh-dang-tich-dinh-luat-sac-lo",
        "level": 2
    },
    {
        "type": "category",
        "title": "Bài 31 : Phương trình trạng thái của khí lí tưởng ",
        "url": "giai-bai-tap-vat-ly-10_bai-31-phuong-trinh-trang-thai-cua-khi-li-tuong",
        "level": 2
    },
    {
        "type": "category",
        "title": "Chương 6: Cơ sở của nhiệt động lực học ",
        "url": "giai-bai-tap-vat-ly-10_chuong-6-co-so-cua-nhiet-dong-luc-hoc",
        "level": 1
    },
    {
        "type": "category",
        "title": "Bài 32 : Nội năng và sự biến thiên nội năng ",
        "url": "giai-bai-tap-vat-ly-10_bai-32-noi-nang-va-su-bien-thien-noi-nang",
        "level": 2
    },
    {
        "type": "category",
        "title": "Bài 33 : Các nguyên lí của nhiệt động lực học ",
        "url": "giai-bai-tap-vat-ly-10_bai-33-cac-nguyen-li-cua-nhiet-dong-luc-hoc",
        "level": 2
    },
    {
        "type": "category",
        "title": "Chương 7: Chất rắn và chất lỏng. Sự chuyển thể",
        "url": "giai-bai-tap-vat-ly-10_chuong-7-chat-ran-va-chat-long-su-chuyen-the",
        "level": 1
    },
    {
        "type": "category",
        "title": "Bài 34 : Chất rắn kết tinh. Chất rắn vô định hình ",
        "url": "giai-bai-tap-vat-ly-10_bai-34-chat-ran-ket-tinh-chat-ran-vo-dinh-hinh",
        "level": 2
    },
    {
        "type": "category",
        "title": "Bài 35 : Biến dạng cơ của vật rắn ",
        "url": "giai-bai-tap-vat-ly-10_bai-35-bien-dang-co-cua-vat-ran",
        "level": 2
    },
    {
        "type": "category",
        "title": "Bài 36 : Sự nở vì nhiệt của vật rắn ",
        "url": "giai-bai-tap-vat-ly-10_bai-36-su-no-vi-nhiet-cua-vat-ran",
        "level": 2
    },
    {
        "type": "category",
        "title": "Bài 37 : Các hiện tượng bề mặt của chất lỏng ",
        "url": "giai-bai-tap-vat-ly-10_bai-37-cac-hien-tuong-be-mat-cua-chat-long",
        "level": 2
    },
    {
        "type": "category",
        "title": "Bài 38 : Sự chuyển thể của các chất ",
        "url": "giai-bai-tap-vat-ly-10_bai-38-su-chuyen-the-cua-cac-chat",
        "level": 2
    },
    {
        "type": "category",
        "title": "Bài 39 : Độ ẩm của không khí ",
        "url": "giai-bai-tap-vat-ly-10_bai-39-do-am-cua-khong-khi",
        "level": 2
    },
    {
        "type": "category",
        "title": "Bài 40 : Thực hành : Xác định hệ số căng bề mặt của chất lỏng ",
        "url": "giai-bai-tap-vat-ly-10_bai-40-thuc-hanh-xac-dinh-he-so-cang-be-mat-cua-chat-long",
        "level": 2
    }
]