[
    {
        "type": "category",
        "title": "Bài 1 trang 17 Tin học 10:  Hãy nêu một vài ví dụ về...",
        "url": "giai-bai-tap-tin-hoc-10_bai-1-trang-17-tin-hoc-10",
        "level": 0
    },
    {
        "type": "category",
        "title": "Bài 2 trang 17 Tin học 10:  Hãy phân biệt bộ mã ASCII...",
        "url": "giai-bai-tap-tin-hoc-10_bai-2-trang-17-tin-hoc-10",
        "level": 0
    },
    {
        "type": "category",
        "title": "Bài 3 trang 17 Tin học 10:  Hệ đếm cơ số 16 sử dụng...",
        "url": "giai-bai-tap-tin-hoc-10_bai-3-trang-17-tin-hoc-10",
        "level": 0
    },
    {
        "type": "category",
        "title": "Bài 4 trang 17 Tin học 10:  Hãy nêu cách biểu diễn số...",
        "url": "giai-bai-tap-tin-hoc-10_bai-4-trang-17-tin-hoc-10",
        "level": 0
    },
    {
        "type": "category",
        "title": "Bài 5 trang 17 Tin học 10:  Phát biểu \"Ngôn ngữ máy tính...",
        "url": "giai-bai-tap-tin-hoc-10_bai-5-trang-17-tin-hoc-10",
        "level": 0
    }
]