[
    {
        "type": "category",
        "title": "Bài 1 trang 46 Tin học 10:  Em hiểu ngôn ngữ lập trình là gì...",
        "url": "giai-bai-tap-tin-hoc-10_bai-1-trang-46-tin-hoc-10",
        "level": 0
    },
    {
        "type": "category",
        "title": "Bài 2 trang 46 Tin học 10:  Chương trình dịch dùng để làm gì...",
        "url": "giai-bai-tap-tin-hoc-10_bai-2-trang-46-tin-hoc-10",
        "level": 0
    },
    {
        "type": "category",
        "title": "Bài 3 trang 46 Tin học 10:  Vì sao phát triển các ngôn ngữ...",
        "url": "giai-bai-tap-tin-hoc-10_bai-3-trang-46-tin-hoc-10",
        "level": 0
    }
]