[
    {
        "type": "category",
        "title": "Bài 1 trang 144 Tin học 10:  Internet là gì?...",
        "url": "giai-bai-tap-tin-hoc-10_bai-1-trang-144-tin-hoc-10",
        "level": 0
    },
    {
        "type": "category",
        "title": "Bài 2 trang 144 Tin học 10:  Có những cách nào để kết nối...",
        "url": "giai-bai-tap-tin-hoc-10_bai-2-trang-144-tin-hoc-10",
        "level": 0
    },
    {
        "type": "category",
        "title": "Bài 3 trang 144 Tin học 10:  Hãy giới thiệu giao thức...",
        "url": "giai-bai-tap-tin-hoc-10_bai-3-trang-144-tin-hoc-10",
        "level": 0
    },
    {
        "type": "category",
        "title": "Bài 4 trang 144 Tin học 10:  Em biết gì về địa chỉ IP...",
        "url": "giai-bai-tap-tin-hoc-10_bai-4-trang-144-tin-hoc-10",
        "level": 0
    }
]