[
    {
        "type": "category",
        "title": "Bài 1 trang 28 Tin học 10:  Một máy tính chưa có phần mềm...",
        "url": "giai-bai-tap-tin-hoc-10_bai-1-trang-28-tin-hoc-10",
        "level": 0
    },
    {
        "type": "category",
        "title": "Bài 2 trang 28 Tin học 10:  Hãy giới thiệu và vẽ sơ đồ...",
        "url": "giai-bai-tap-tin-hoc-10_bai-2-trang-28-tin-hoc-10",
        "level": 0
    },
    {
        "type": "category",
        "title": "Bài 3 trang 28 Tin học 10:  Hãy trình chức năng từng...",
        "url": "giai-bai-tap-tin-hoc-10_bai-3-trang-28-tin-hoc-10",
        "level": 0
    },
    {
        "type": "category",
        "title": "Bài 4 trang 28 Tin học 10:  Em biết gì khái niệm:...",
        "url": "giai-bai-tap-tin-hoc-10_bai-4-trang-28-tin-hoc-10",
        "level": 0
    },
    {
        "type": "category",
        "title": "Bài 5 trang 28 Tin học 10:  Em có thiết bị nào ...",
        "url": "giai-bai-tap-tin-hoc-10_bai-5-trang-28-tin-hoc-10",
        "level": 0
    },
    {
        "type": "category",
        "title": "Bài 6 trang 28 Tin học 10:  Hãy trình bày hiểu biết...",
        "url": "giai-bai-tap-tin-hoc-10_bai-6-trang-28-tin-hoc-10",
        "level": 0
    }
]