[
    {
        "type": "category",
        "title": "Bài 1 trang 71 Tin học 10:  Tệp là gì?...",
        "url": "giai-bai-tap-tin-hoc-10_bai-1-trang-71-tin-hoc-10",
        "level": 0
    },
    {
        "type": "category",
        "title": "Bài 2 trang 71 Tin học 10:  Vì sao có thể nói...",
        "url": "giai-bai-tap-tin-hoc-10_bai-2-trang-71-tin-hoc-10",
        "level": 0
    },
    {
        "type": "category",
        "title": "Bài 3 trang 71 Tin học 10:  Em hãy cho biết quy tắc đặt tên...",
        "url": "giai-bai-tap-tin-hoc-10_bai-3-trang-71-tin-hoc-10",
        "level": 0
    },
    {
        "type": "category",
        "title": "Bài 4 trang 71 Tin học 10:  Có thể lưu hai tệp với...",
        "url": "giai-bai-tap-tin-hoc-10_bai-4-trang-71-tin-hoc-10",
        "level": 0
    },
    {
        "type": "category",
        "title": "Bài 5 trang 71 Tin học 10:  Hãy nêu các đặc trưng của...",
        "url": "giai-bai-tap-tin-hoc-10_bai-5-trang-71-tin-hoc-10",
        "level": 0
    },
    {
        "type": "category",
        "title": "Bài 6 trang 71 Tin học 10:  Trong hệ điều hành Windows,...",
        "url": "giai-bai-tap-tin-hoc-10_bai-6-trang-71-tin-hoc-10",
        "level": 0
    },
    {
        "type": "category",
        "title": "Bài 7 trang 71 Tin học 10:  Cho cây thư mục như hình...",
        "url": "giai-bai-tap-tin-hoc-10_bai-7-trang-71-tin-hoc-10",
        "level": 0
    },
    {
        "type": "category",
        "title": "Bài 1 trang 84 Tin học 10:  Có bao nhiêu cách ra khỏi...",
        "url": "giai-bai-tap-tin-hoc-10_bai-1-trang-84-tin-hoc-10",
        "level": 0
    },
    {
        "type": "category",
        "title": "Bài 2 trang 84 Tin học 10:  Hãy nêu hai cách đưa yêu cầu...",
        "url": "giai-bai-tap-tin-hoc-10_bai-2-trang-84-tin-hoc-10",
        "level": 0
    },
    {
        "type": "category",
        "title": "Bài 3 trang 84 Tin học 10:  Liệt kê thứ tự thao tác...",
        "url": "giai-bai-tap-tin-hoc-10_bai-3-trang-84-tin-hoc-10",
        "level": 0
    },
    {
        "type": "category",
        "title": "Bài 4 trang 84 Tin học 10:  Hãy nêu cách tìm tất cả...",
        "url": "giai-bai-tap-tin-hoc-10_bai-4-trang-84-tin-hoc-10",
        "level": 0
    },
    {
        "type": "category",
        "title": "Bài 5 trang 84 Tin học 10:  Hãy nêu cách tìm tất cả...",
        "url": "giai-bai-tap-tin-hoc-10_bai-5-trang-84-tin-hoc-10",
        "level": 0
    },
    {
        "type": "category",
        "title": "Bài 6 trang 84 Tin học 10:  Nêu các bước cần thực hiện...",
        "url": "giai-bai-tap-tin-hoc-10_bai-6-trang-84-tin-hoc-10",
        "level": 0
    }
]