[
    {
        "type": "category",
        "title": "Bài 1 trang 60 Tin học 10:  Nếu có điều kiện, em muốn...",
        "url": "giai-bai-tap-tin-hoc-10_bai-1-trang-60-tin-hoc-10",
        "level": 0
    },
    {
        "type": "category",
        "title": "Bài 2 trang 60 Tin học 10:  Em thích học qua mạng hay...",
        "url": "giai-bai-tap-tin-hoc-10_bai-2-trang-60-tin-hoc-10",
        "level": 0
    },
    {
        "type": "category",
        "title": "Bài 3 trang 60 Tin học 10:  Em có suy nghĩ gì về trách nhiệm...",
        "url": "giai-bai-tap-tin-hoc-10_bai-3-trang-60-tin-hoc-10",
        "level": 0
    }
]