[
    {
        "type": "category",
        "title": "Bài 1 trang 118 Tin học 10:  Hãy nêu các bước cần thực hiện để...",
        "url": "giai-bai-tap-tin-hoc-10_bai-1-trang-118-tin-hoc-10",
        "level": 0
    },
    {
        "type": "category",
        "title": "Bài 2 trang 118 Tin học 10:  Có thể tạo danh sách các kiểu số thứ tự...",
        "url": "giai-bai-tap-tin-hoc-10_bai-2-trang-118-tin-hoc-10",
        "level": 0
    },
    {
        "type": "category",
        "title": "Bài 3 trang 118 Tin học 10:  Có những cách nào để chỉ in một trang...",
        "url": "giai-bai-tap-tin-hoc-10_bai-3-trang-118-tin-hoc-10",
        "level": 0
    },
    {
        "type": "category",
        "title": "Bài 4 trang 118 Tin học 10:  Nêu ưu và nhược điểm khi sử dụng...",
        "url": "giai-bai-tap-tin-hoc-10_bai-4-trang-118-tin-hoc-10",
        "level": 0
    }
]
