[
    {
        "type": "category",
        "title": "Bài 1 trang 57 Tin học 10:  Hãy kể một số ứng dụng của tin học...",
        "url": "giai-bai-tap-tin-hoc-10_bai-1-trang-57-tin-hoc-10",
        "level": 0
    },
    {
        "type": "category",
        "title": "Bài 2 trang 57 Tin học 10:  Hãy cho biết ứng dụng của tin học...",
        "url": "giai-bai-tap-tin-hoc-10_bai-2-trang-57-tin-hoc-10",
        "level": 0
    },
    {
        "type": "category",
        "title": "Bài 3 trang 57 Tin học 10:  Theo em có lĩnh vực nào mà tin học...",
        "url": "giai-bai-tap-tin-hoc-10_bai-3-trang-57-tin-hoc-10",
        "level": 0
    },
    {
        "type": "category",
        "title": "Bài 4 trang 57 Tin học 10:  Hãy kể tên một số phần mềm...",
        "url": "giai-bai-tap-tin-hoc-10_bai-4-trang-57-tin-hoc-10",
        "level": 0
    }
]