[
    {
        "type": "category",
        "title": "Bài 1 trang 87 Tin học 10:  Hãy nêu tên các hệ điều hành...",
        "url": "giai-bai-tap-tin-hoc-10_bai-1-trang-87-tin-hoc-10",
        "level": 0
    },
    {
        "type": "category",
        "title": "Bài 2 trang 87 Tin học 10:  Hãy nhận xét ưu và nhược điểm...",
        "url": "giai-bai-tap-tin-hoc-10_bai-2-trang-87-tin-hoc-10",
        "level": 0
    },
    {
        "type": "category",
        "title": "Bài 3 trang 87 Tin học 10:  Nêu và so sánh các đặc trưng...",
        "url": "giai-bai-tap-tin-hoc-10_bai-3-trang-87-tin-hoc-10",
        "level": 0
    }
]
