[
    {
        "type": "category",
        "title": "Bài 1 trang 6 Tin học 10:  Hãy nói về một đặc điểm nổi bật...",
        "url": "giai-bai-tap-tin-hoc-10_bai-1-trang-6-tin-hoc-10",
        "level": 0
    },
    {
        "type": "category",
        "title": "Bài 2 trang 6 Tin học 10:  Vì sao tin học được hình thành...",
        "url": "giai-bai-tap-tin-hoc-10_bai-2-trang-6-tin-hoc-10",
        "level": 0
    },
    {
        "type": "category",
        "title": "Bài 3 trang 6 Tin học 10:  Hãy nêu những đặc tính ưu việt...",
        "url": "giai-bai-tap-tin-hoc-10_bai-3-trang-6-tin-hoc-10",
        "level": 0
    },
    {
        "type": "category",
        "title": "Bài 4 trang 6 Tin học 10:  Hãy cho biết việc nghiên cứu chế tạo...",
        "url": "giai-bai-tap-tin-hoc-10_bai-4-trang-6-tin-hoc-10",
        "level": 0
    },
    {
        "type": "category",
        "title": "Bài 5 trang 6 Tin học 10:  Hãy nêu một ví dụ mà mạng máy tính...",
        "url": "giai-bai-tap-tin-hoc-10_bai-5-trang-6-tin-hoc-10",
        "level": 0
    }
]