[
    {
        "type": "category",
        "title": "Bài 1 trang 128 Tin học 10:  Nêu các thao tác tạo bảng và...",
        "url": "giai-bai-tap-tin-hoc-10_bai-1-trang-128-tin-hoc-10",
        "level": 0
    },
    {
        "type": "category",
        "title": "Bài 2 trang 128 Tin học 10:  Khi con trỏ văn bản đang ở trong...",
        "url": "giai-bai-tap-tin-hoc-10_bai-2-trang-128-tin-hoc-10",
        "level": 0
    },
    {
        "type": "category",
        "title": "Bài 3 trang 128 Tin học 10:  Khi nào thì cần tách hay gộp các ô...",
        "url": "giai-bai-tap-tin-hoc-10_bai-3-trang-128-tin-hoc-10",
        "level": 0
    },
    {
        "type": "category",
        "title": "Bài 4 trang 128 Tin học 10:  Nêu một số ví dụ văn bản dùng bảng...",
        "url": "giai-bai-tap-tin-hoc-10_bai-4-trang-128-tin-hoc-10",
        "level": 0
    },
    {
        "type": "category",
        "title": "Bài 5 trang 128 Tin học 10:  Hãy nêu các công cụ soạn thảo...",
        "url": "giai-bai-tap-tin-hoc-10_bai-5-trang-128-tin-hoc-10",
        "level": 0
    }
]