[
    {
        "type": "category",
        "title": "Bài 1 trang 140 Tin học 10:  Mạng máy tính là gì?...",
        "url": "giai-bai-tap-tin-hoc-10_bai-1-trang-140-tin-hoc-10",
        "level": 0
    },
    {
        "type": "category",
        "title": "Bài 2 trang 140 Tin học 10:  Hãy trình bày sự hiểu biết của em...",
        "url": "giai-bai-tap-tin-hoc-10_bai-2-trang-140-tin-hoc-10",
        "level": 0
    },
    {
        "type": "category",
        "title": "Bài 3 trang 140 Tin học 10:  Hãy nêu sự giống nhau và khác nhau...",
        "url": "giai-bai-tap-tin-hoc-10_bai-3-trang-140-tin-hoc-10",
        "level": 0
    },
    {
        "type": "category",
        "title": "Bài 4 trang 140 Tin học 10:  Hãy mô tả các kiểu bố trí...",
        "url": "giai-bai-tap-tin-hoc-10_bai-4-trang-140-tin-hoc-10",
        "level": 0
    },
    {
        "type": "category",
        "title": "Bài 5 trang 140 Tin học 10:  Nêu hai loại mô hình mạng...",
        "url": "giai-bai-tap-tin-hoc-10_bai-5-trang-140-tin-hoc-10",
        "level": 0
    },
    {
        "type": "category",
        "title": "Bài 6 trang 140 Tin học 10:  Hãy nêu sự giống và khác nhau...",
        "url": "giai-bai-tap-tin-hoc-10_bai-6-trang-140-tin-hoc-10",
        "level": 0
    },
    {
        "type": "category",
        "title": "Bài 7 trang 140 Tin học 10:  Điều kiện để các máy tính...",
        "url": "giai-bai-tap-tin-hoc-10_bai-7-trang-140-tin-hoc-10",
        "level": 0
    }
]