[
    {
        "type": "category",
        "title": "Bài 1 trang 114 Tin học 10:  Thế nào là định dạng văn bản?...",
        "url": "giai-bai-tap-tin-hoc-10_bai-1-trang-114-tin-hoc-10",
        "level": 0
    },
    {
        "type": "category",
        "title": "Bài 2 trang 114 Tin học 10:  Hãy kể tên những định dạng...",
        "url": "giai-bai-tap-tin-hoc-10_bai-2-trang-114-tin-hoc-10",
        "level": 0
    },
    {
        "type": "category",
        "title": "Bài 3 trang 114 Tin học 10:  Hãy kể tên những khả năng...",
        "url": "giai-bai-tap-tin-hoc-10_bai-3-trang-114-tin-hoc-10",
        "level": 0
    },
    {
        "type": "category",
        "title": "Bài 4 trang 114 Tin học 10:  Hãy phân biệt lề trang văn bản...",
        "url": "giai-bai-tap-tin-hoc-10_bai-4-trang-114-tin-hoc-10",
        "level": 0
    },
    {
        "type": "category",
        "title": "Bài 5 trang 114 Tin học 10:  Trong bài thực hành 7,...",
        "url": "giai-bai-tap-tin-hoc-10_bai-5-trang-114-tin-hoc-10",
        "level": 0
    }
]