[
    {
        "type": "category",
        "title": "Bài 1 trang 44 Tin học 10:  Hãy phát biểu một bài toán...",
        "url": "giai-bai-tap-tin-hoc-10_bai-1-trang-44-tin-hoc-10",
        "level": 0
    },
    {
        "type": "category",
        "title": "Bài 2 trang 44 Tin học 10:  Dãy các thao tác sau:...",
        "url": "giai-bai-tap-tin-hoc-10_bai-2-trang-44-tin-hoc-10",
        "level": 0
    },
    {
        "type": "category",
        "title": "Bài 3 trang 44 Tin học 10:  Hãy chỉ ra tính dừng...",
        "url": "giai-bai-tap-tin-hoc-10_bai-3-trang-44-tin-hoc-10",
        "level": 0
    },
    {
        "type": "category",
        "title": "Bài 4 trang 44 Tin học 10:  Cho N và dãy số a1,...,aN...",
        "url": "giai-bai-tap-tin-hoc-10_bai-4-trang-44-tin-hoc-10",
        "level": 0
    },
    {
        "type": "category",
        "title": "Bài 5 trang 44 Tin học 10:  Tìm nghiệm của phương trình...",
        "url": "giai-bai-tap-tin-hoc-10_bai-5-trang-44-tin-hoc-10",
        "level": 0
    },
    {
        "type": "category",
        "title": "Bài 6 trang 44 Tin học 10:  Cho N và dãy số a1,...,aN...",
        "url": "giai-bai-tap-tin-hoc-10_bai-6-trang-44-tin-hoc-10",
        "level": 0
    },
    {
        "type": "category",
        "title": "Bài 7 trang 44 Tin học 10:  Cho N và dãy số a1,...,aN...",
        "url": "giai-bai-tap-tin-hoc-10_bai-7-trang-44-tin-hoc-10",
        "level": 0
    }
]