[
    {
        "type": "category",
        "title": "Bài 1 trang 51 Tin học 10:  Hãy nêu tiêu chuẩn lựa chọn...",
        "url": "giai-bai-tap-tin-hoc-10_bai-1-trang-51-tin-hoc-10",
        "level": 0
    },
    {
        "type": "category",
        "title": "Bài 2 trang 51 Tin học 10:  Hãy nêu nội dung và mục đích...",
        "url": "giai-bai-tap-tin-hoc-10_bai-2-trang-51-tin-hoc-10",
        "level": 0
    },
    {
        "type": "category",
        "title": "Bài 3 trang 51 Tin học 10:  Hãy viết thuật toán giải phương trình...",
        "url": "giai-bai-tap-tin-hoc-10_bai-3-trang-51-tin-hoc-10",
        "level": 0
    }
]