[
    {
        "type": "category",
        "title": "Bài 1 trang 64 Tin học 10:  Hệ điều hành là gì?...",
        "url": "giai-bai-tap-tin-hoc-10_bai-1-trang-64-tin-hoc-10",
        "level": 0
    },
    {
        "type": "category",
        "title": "Bài 2 trang 64 Tin học 10:  Em hãy cho biết các chức năng...",
        "url": "giai-bai-tap-tin-hoc-10_bai-2-trang-64-tin-hoc-10",
        "level": 0
    },
    {
        "type": "category",
        "title": "Bài 3 trang 64 Tin học 10:  Hãy phân biệt các loại hệ điều hành...",
        "url": "giai-bai-tap-tin-hoc-10_bai-3-trang-64-tin-hoc-10",
        "level": 0
    }
]