[
    {
        "type": "category",
        "title": "Bài 1 trang 98 Tin học 10:  Hãy mô tả các chức năng chung...",
        "url": "giai-bai-tap-tin-hoc-10_bai-1-trang-98-tin-hoc-10",
        "level": 0
    },
    {
        "type": "category",
        "title": "Bài 2 trang 98 Tin học 10:  Giải thích lí do vì sao cần tuân thủ...",
        "url": "giai-bai-tap-tin-hoc-10_bai-2-trang-98-tin-hoc-10",
        "level": 0
    },
    {
        "type": "category",
        "title": "Bài 3 trang 98 Tin học 10:  Để có thể soạn thảo văn bản...",
        "url": "giai-bai-tap-tin-hoc-10_bai-3-trang-98-tin-hoc-10",
        "level": 0
    },
    {
        "type": "category",
        "title": "Bài 4 trang 98 Tin học 10:  Hãy viết dãy kí tự cần gõ...",
        "url": "giai-bai-tap-tin-hoc-10_bai-4-trang-98-tin-hoc-10",
        "level": 0
    },
    {
        "type": "category",
        "title": "Bài 5 trang 98 Tin học 10:  Hãy chuyển sang Tiếng Việt...",
        "url": "giai-bai-tap-tin-hoc-10_bai-5-trang-98-tin-hoc-10",
        "level": 0
    },
    {
        "type": "category",
        "title": "Bài 6 trang 98 Tin học 10:  Hãy chuyển sang Tiếng Việt......",
        "url": "giai-bai-tap-tin-hoc-10_bai-6-trang-98-tin-hoc-10",
        "level": 0
    }
]