[
    {
        "type": "category",
        "title": "Bài 1 trang 162 Tin học 10:  Hãy trình bày các khái niệm...",
        "url": "giai-bai-tap-tin-hoc-10_bai-1-trang-162-tin-hoc-10",
        "level": 0
    },
    {
        "type": "category",
        "title": "Bài 2 trang 162 Tin học 10:  Địa chỉ thư điện tử bao gồm...",
        "url": "giai-bai-tap-tin-hoc-10_bai-2-trang-162-tin-hoc-10",
        "level": 0
    },
    {
        "type": "category",
        "title": "Bài 3 trang 162 Tin học 10:  Máy tìm kiếm là gì?...",
        "url": "giai-bai-tap-tin-hoc-10_bai-3-trang-162-tin-hoc-10",
        "level": 0
    },
    {
        "type": "category",
        "title": "Bài 4 trang 162 Tin học 10:  Kể tên một số máy tìm kiếm...",
        "url": "giai-bai-tap-tin-hoc-10_bai-4-trang-162-tin-hoc-10",
        "level": 0
    },
    {
        "type": "category",
        "title": "Bài 5 trang 162 Tin học 10:  Hãy kể thêm tên các dịch vụ...",
        "url": "giai-bai-tap-tin-hoc-10_bai-5-trang-162-tin-hoc-10",
        "level": 0
    },
    {
        "type": "category",
        "title": "Bài 6 trang 162 Tin học 10:  Có những cách nào để bảo vệ...",
        "url": "giai-bai-tap-tin-hoc-10_bai-6-trang-162-tin-hoc-10",
        "level": 0
    },
    {
        "type": "category",
        "title": "Bài 7 trang 162 Tin học 10:  Hãy tình bày một số điều...",
        "url": "giai-bai-tap-tin-hoc-10_bai-7-trang-162-tin-hoc-10",
        "level": 0
    }
]