[
    {
        "type": "category",
        "title": "Chương 1: Một số khái niệm cơ bản của tin học",
        "url": "giai-bai-tap-tin-hoc-10_chuong-1-mot-so-khai-niem-co-ban-cua-tin-hoc",
        "level": 0
    },
    {
        "type": "category",
        "title": "Bài 1: Tin học là một ngành khoa học",
        "url": "giai-bai-tap-tin-hoc-10_bai-1-tin-hoc-la-mot-nganh-khoa-hoc",
        "level": 1
    },
    {
        "type": "category",
        "title": "Bài 2: Thông tin và dữ liệu",
        "url": "giai-bai-tap-tin-hoc-10_bai-2-thong-tin-va-du-lieu",
        "level": 1
    },
    {
        "type": "category",
        "title": "Bài tập và thực hành số 1: Làm quen với thông tin và mã hóa thông tin",
        "url": "giai-bai-tap-tin-hoc-10_bai-tap-va-thuc-hanh-1-lam-quen-voi-thong-tin-va-ma-hoa-thong-tin",
        "level": 1
    },
    {
        "type": "category",
        "title": "Bài 3: Giới thiệu về máy tính",
        "url": "giai-bai-tap-tin-hoc-10_bai-3-gioi-thieu-ve-may-tinh",
        "level": 1
    },
    {
        "type": "category",
        "title": "Bài thực hành 2: Làm quen với máy tính",
        "url": "giai-bai-tap-tin-hoc-10_bai-tap-va-thuc-hanh-2-lam-quen-voi-may-tinh",
        "level": 1
    },
    {
        "type": "category",
        "title": "Bài 4: Bài toán và thuật toán",
        "url": "giai-bai-tap-tin-hoc-10_bai-4-bai-toan-va-thuat-toan",
        "level": 1
    },
    {
        "type": "category",
        "title": "Bài 5: Ngôn ngữ lập trình",
        "url": "giai-bai-tap-tin-hoc-10_bai-5-ngon-ngu-lap-trinh",
        "level": 1
    },
    {
        "type": "category",
        "title": "Bài 6: Giải bài toán trên máy tính",
        "url": "giai-bai-tap-tin-hoc-10_bai-6-giai-bai-toan-tren-may-tinh",
        "level": 1
    },
    {
        "type": "category",
        "title": "Bài 7: Phần mềm máy tính",
        "url": "giai-bai-tap-tin-hoc-10_bai-7-phan-mem-may-tinh",
        "level": 1
    },
    {
        "type": "category",
        "title": "Bài 8: Những ứng dụng của tin học",
        "url": "giai-bai-tap-tin-hoc-10_bai-8-nhung-ung-dung-cua-tin-hoc",
        "level": 1
    },
    {
        "type": "category",
        "title": "Bài 9: Tin học và xã hội",
        "url": "giai-bai-tap-tin-hoc-10_bai-9-tin-hoc-va-xa-hoi",
        "level": 1
    },
    {
        "type": "category",
        "title": "Chương 2: Hệ điều hành",
        "url": "giai-bai-tap-tin-hoc-10_chuong-2-he-dieu-hanh",
        "level": 0
    },
    {
        "type": "category",
        "title": "Bài 10: Khái niệm về hệ điều hành",
        "url": "giai-bai-tap-tin-hoc-10_bai-10-khai-niem-ve-he-dieu-hanh",
        "level": 1
    },
    {
        "type": "category",
        "title": "Bài 11: Tệp và quản lí tệp",
        "url": "giai-bai-tap-tin-hoc-10_bai-11-tep-va-quan-li-tep",
        "level": 1
    },
    {
        "type": "category",
        "title": "Bài 12: Giao tiếp với hệ điều hành",
        "url": "giai-bai-tap-tin-hoc-10_bai-12-giao-tiep-voi-he-dieu-hanh",
        "level": 1
    },
    {
        "type": "category",
        "title": "Bài tập và thực hành 3: Làm quen vói hệ điều hành",
        "url": "giai-bai-tap-tin-hoc-10_bai-tap-va-thuc-hanh-3-lam-quen-voi-he-dieu-hanh",
        "level": 1
    },
    {
        "type": "category",
        "title": "Bài tập và thực hành 4: Làm quen với hệ điều hành windows",
        "url": "giai-bai-tap-tin-hoc-10_bai-tap-va-thuc-hanh-4-giao-tiep-voi-he-windows",
        "level": 1
    },
    {
        "type": "category",
        "title": "Bài tập và thực hành 5: Thao tác với tệp và thư mục",
        "url": "giai-bai-tap-tin-hoc-10_bai-tap-va-thuc-hanh-5-thao-tac-voi-tep-va-thu-muc",
        "level": 1
    },
    {
        "type": "category",
        "title": "Bài 13: Một số hệ điều hành thông dụng",
        "url": "giai-bai-tap-tin-hoc-10_bai-13-mot-so-he-dieu-hanh-thong-dung",
        "level": 1
    },
    {
        "type": "category",
        "title": "Chương 3: Soạn thảo văn bản",
        "url": "giai-bai-tap-tin-hoc-10_chuong-3-soan-thao-van-ban",
        "level": 0
    },
    {
        "type": "category",
        "title": "Bài 14: Khái niệm về soạn thảo văn bản",
        "url": "giai-bai-tap-tin-hoc-10_bai-14-khai-niem-ve-soan-thao-van-ban",
        "level": 1
    },
    {
        "type": "category",
        "title": "Bài 15: Làm quen với Microsoft Word",
        "url": "giai-bai-tap-tin-hoc-10_bai-15-lam-quen-voi-microsoft-word",
        "level": 1
    },
    {
        "type": "category",
        "title": "Bài tập và thực hành 6: Làm quen với word",
        "url": "giai-bai-tap-tin-hoc-10_bai-tap-va-thuc-hanh-6-lam-quen-voi-word",
        "level": 1
    },
    {
        "type": "category",
        "title": "Bài 16: Định dạng văn bản",
        "url": "giai-bai-tap-tin-hoc-10_bai-16-dinh-dang-van-ban",
        "level": 1
    },
    {
        "type": "category",
        "title": "Bài tập và thực hành 7: Định dạng văn bản",
        "url": "giai-bai-tap-tin-hoc-10_bai-tap-va-thuc-hanh-7-dinh-dang-van-ban",
        "level": 1
    },
    {
        "type": "category",
        "title": "Bài 17: Một số chức năng khác",
        "url": "giai-bai-tap-tin-hoc-10_bai-17-mot-so-chuc-nang-khac",
        "level": 1
    },
    {
        "type": "category",
        "title": "Bài 18: Các công cụ trợ giúp soạn thảo",
        "url": "giai-bai-tap-tin-hoc-10_bai-18-cac-cong-cu-tro-giup-soan-thao",
        "level": 1
    },
    {
        "type": "category",
        "title": "Bài tập và thực hành 8: Sử dụng một số công cụ trợ giúp soạn thảo ",
        "url": "giai-bai-tap-tin-hoc-10_bai-tap-va-thuc-hanh-8-su-dung-mot-so-cong-cu-tro-giup-soan-thao",
        "level": 1
    },
    {
        "type": "category",
        "title": "Bài 19: Tạo và làm việc với bảng",
        "url": "giai-bai-tap-tin-hoc-10_bai-19-tao-va-lam-viec-voi-bang",
        "level": 1
    },
    {
        "type": "category",
        "title": "Bài tập và thực hành 9: Bài tập và thực hành tổng hợp",
        "url": "giai-bai-tap-tin-hoc-10_bai-tap-va-thuc-hanh-9-bai-tap-va-thuc-hanh-tong-hop",
        "level": 1
    },
    {
        "type": "category",
        "title": "Chương 4: Mạng máy tính và Internet",
        "url": "giai-bai-tap-tin-hoc-10_chuong-4-mang-may-tinh-va-internet",
        "level": 0
    },
    {
        "type": "category",
        "title": "Bài 20: Mạng máy tính",
        "url": "giai-bai-tap-tin-hoc-10_bai-20-mang-may-tinh",
        "level": 1
    },
    {
        "type": "category",
        "title": "Bài 21: Mạng thông tin toàn cầu Internet",
        "url": "giai-bai-tap-tin-hoc-10_bai-21-mang-thong-tin-toan-cau-internet",
        "level": 1
    },
    {
        "type": "category",
        "title": "Bài 22: Một số dịch vụ cơ bản của Internet",
        "url": "giai-bai-tap-tin-hoc-10_bai-22-mot-so-dich-vu-co-ban-cua-internet",
        "level": 1
    },
    {
        "type": "category",
        "title": "Bài tập và thực hành 10: Sử dụng trình duyệt internet explorer",
        "url": "giai-bai-tap-tin-hoc-10_bai-tap-va-thuc-hanh-10-su-dung-trinh-duyet-internet-explorer",
        "level": 1
    },
    {
        "type": "category",
        "title": "Bài tập và thực hành 11: Thư điện tử và máy tính tìm kiếm",
        "url": "giai-bai-tap-tin-hoc-10_bai-tap-va-thuc-hanh-11-thu-dien-tu-va-may-tim-kiem-thong-tin",
        "level": 1
    }
]