[
    {
        "type": "category",
        "title": "Trả lời câu hỏi Lịch Sử 10 Bài 29 trang 144: Hãy nêu đặc điểm tình hình kinh tế, .... Trình bày diễn biến chính của cách mạng ....",
        "url": "giai-lich-su-lop-10_tra-loi-cau-hoi-lich-su-10-bai-29-trang-144",
        "level": 0
    },
    {
        "type": "category",
        "title": "Trả lời câu hỏi Lịch Sử 10 Bài 29 trang 145: Hãy nêu đặc điểm tình hình Anh trước ....",
        "url": "giai-lich-su-lop-10_tra-loi-cau-hoi-lich-su-10-bai-29-trang-145",
        "level": 0
    },
    {
        "type": "category",
        "title": "Bài 1 trang 145 Lịch Sử 10: Hãy nêu tính chất và ý nghĩa của ....",
        "url": "giai-lich-su-lop-10_bai-1-trang-145-lich-su-10",
        "level": 0
    },
    {
        "type": "category",
        "title": "Bài 2 trang 145 Lịch Sử 10: Trình bày diễn biến và kết quả của ....",
        "url": "giai-lich-su-lop-10_bai-2-trang-145-lich-su-10",
        "level": 0
    }
]