[
    {
        "type": "category",
        "title": "Trả lời câu hỏi Lịch Sử 10 Bài 37 trang 189: Trình bày những nét chính về buổi đầu ....",
        "url": "giai-lich-su-lop-10_tra-loi-cau-hoi-lich-su-10-bai-37-trang-189",
        "level": 0
    },
    {
        "type": "category",
        "title": "Trả lời câu hỏi Lịch Sử 10 Bài 37 trang 191: “Đồng minh những người cộng sản” ra đời ....",
        "url": "giai-lich-su-lop-10_tra-loi-cau-hoi-lich-su-10-bai-37-trang-191",
        "level": 0
    },
    {
        "type": "category",
        "title": "Bài 1 trang 191 Lịch Sử 10: Vai trò của C.Mac và Ăng-ghen trong ....",
        "url": "giai-lich-su-lop-10_bai-1-trang-191-lich-su-10",
        "level": 0
    },
    {
        "type": "category",
        "title": "Bài 2 trang 191 Lịch Sử 10: Hãy nêu nội dung cơ bản và ý nghĩa ....",
        "url": "giai-lich-su-lop-10_bai-2-trang-191-lich-su-10",
        "level": 0
    }
]