[
    {
        "type": "category",
        "title": "Trả lời câu hỏi Lịch Sử 10 Bài 6 trang 39: Quá trình hình thành và phát triển của ....",
        "url": "giai-lich-su-lop-10_tra-loi-cau-hoi-lich-su-10-bai-6-trang-39",
        "level": 0
    },
    {
        "type": "category",
        "title": "Trả lời câu hỏi Lịch Sử 10 Bài 6 trang 40: Trình bày sự phát triển của văn hóa ....",
        "url": "giai-lich-su-lop-10_tra-loi-cau-hoi-lich-su-10-bai-6-trang-40",
        "level": 0
    },
    {
        "type": "category",
        "title": "Bài 1 trang 40 Lịch Sử 10: Tại sao nói thời Gúp-ta là thời kì ....",
        "url": "giai-lich-su-lop-10_bai-1-trang-40-lich-su-10",
        "level": 0
    },
    {
        "type": "category",
        "title": "Bài 2 trang 40 Lịch Sử 10: Những yếu tố văn hóa truyền thống nào ....",
        "url": "giai-lich-su-lop-10_bai-2-trang-40-lich-su-10",
        "level": 0
    }
]