[
    {
        "type": "category",
        "title": "Trả lời câu hỏi Lịch Sử 10 Bài 11 trang 62: Hãy cho biết nguyên nhân của các cuộc .... Hãy chỉ trên lược đồ những cuộc ....",
        "url": "giai-lich-su-lop-10_tra-loi-cau-hoi-lich-su-10-bai-11-trang-62",
        "level": 0
    },
    {
        "type": "category",
        "title": "Trả lời câu hỏi Lịch Sử 10 Bài 11 trang 63: Những biểu hiện của sự nảy sinh chủ nghĩa ....",
        "url": "giai-lich-su-lop-10_tra-loi-cau-hoi-lich-su-10-bai-11-trang-63",
        "level": 0
    },
    {
        "type": "category",
        "title": "Trả lời câu hỏi Lịch Sử 10 Bài 11 trang 64: Vì sao có sự xuất hiện của phong trào ....",
        "url": "giai-lich-su-lop-10_tra-loi-cau-hoi-lich-su-10-bai-11-trang-64",
        "level": 0
    },
    {
        "type": "category",
        "title": "Trả lời câu hỏi Lịch Sử 10 Bài 11 trang 65: Hãy trình bày những nét chính của chiến tranh ....",
        "url": "giai-lich-su-lop-10_tra-loi-cau-hoi-lich-su-10-bai-11-trang-65",
        "level": 0
    },
    {
        "type": "category",
        "title": "Bài 1 trang 65 Lịch Sử 10: Hệ quả của các cuộc phát kiến địa lí ....",
        "url": "giai-lich-su-lop-10_bai-1-trang-65-lich-su-10",
        "level": 0
    },
    {
        "type": "category",
        "title": "Bài 2 trang 65 Lịch Sử 10: Tại sao vào thời hậu kì trung đại, ....",
        "url": "giai-lich-su-lop-10_bai-2-trang-65-lich-su-10",
        "level": 0
    },
    {
        "type": "category",
        "title": "Bài 3 trang 65 Lịch Sử 10: Hãy nêu tính chất của phong trào Văn hóa ....",
        "url": "giai-lich-su-lop-10_bai-3-trang-65-lich-su-10",
        "level": 0
    },
    {
        "type": "category",
        "title": "Bài 4 trang 65 Lịch Sử 10: Trình bày đặc điểm và ý nghĩa của ....",
        "url": "giai-lich-su-lop-10_bai-4-trang-65-lich-su-10",
        "level": 0
    },
    {
        "type": "category",
        "title": "Bài 5 trang 65 Lịch Sử 10: Ý nghĩa của cuộc Chiến tranh nông dân ....",
        "url": "giai-lich-su-lop-10_bai-5-trang-65-lich-su-10",
        "level": 0
    }
]