[
    {
        "type": "category",
        "title": "Trả lời câu hỏi Lịch Sử 10 Bài 7 trang 41: Sự phát triển văn hóa thời Gúp-ta ....",
        "url": "giai-lich-su-lop-10_tra-loi-cau-hoi-lich-su-10-bai-7-trang-41",
        "level": 0
    },
    {
        "type": "category",
        "title": "Trả lời câu hỏi Lịch Sử 10 Bài 7 trang 42: Những nét chính về vương triều Hồi giáo ....",
        "url": "giai-lich-su-lop-10_tra-loi-cau-hoi-lich-su-10-bai-7-trang-42",
        "level": 0
    },
    {
        "type": "category",
        "title": "Trả lời câu hỏi Lịch Sử 10 Bài 7 trang 44: Những nét chính về vương triều Mô-gôn ....",
        "url": "giai-lich-su-lop-10_tra-loi-cau-hoi-lich-su-10-bai-7-trang-44",
        "level": 0
    },
    {
        "type": "category",
        "title": "Bài 1 trang 44 Lịch Sử 10: Trình bày những chính sách của A-cơ-ba ....",
        "url": "giai-lich-su-lop-10_bai-1-trang-44-lich-su-10",
        "level": 0
    },
    {
        "type": "category",
        "title": "Bài 2 trang 44 Lịch Sử 10: Hãy cho biết vị trí của Vương triều ....",
        "url": "giai-lich-su-lop-10_bai-2-trang-44-lich-su-10",
        "level": 0
    }
]