[
    {
        "type": "category",
        "title": "Trả lời câu hỏi Lịch Sử 10 Bài 28 trang 138: Phân tích những biểu hiện của lòng yêu nước ....",
        "url": "giai-lich-su-lop-10_tra-loi-cau-hoi-lich-su-10-bai-28-trang-138",
        "level": 0
    },
    {
        "type": "category",
        "title": "Trả lời câu hỏi Lịch Sử 10 Bài 28 trang 139: Tại sao yêu nước lại gắn liền với ....",
        "url": "giai-lich-su-lop-10_tra-loi-cau-hoi-lich-su-10-bai-28-trang-139",
        "level": 0
    },
    {
        "type": "category",
        "title": "Trả lời câu hỏi Lịch Sử 10 Bài 28 trang 140: Hãy điểm lại các cuộc kháng chiến và .... Nêu một vài biểu hiện của lòng yêu nước ....",
        "url": "giai-lich-su-lop-10_tra-loi-cau-hoi-lich-su-10-bai-28-trang-140",
        "level": 0
    },
    {
        "type": "category",
        "title": "Bài 1 trang 140 Lịch Sử 10: Truyền thống yêu nước của dân tộc Việt Nam ....",
        "url": "giai-lich-su-lop-10_bai-1-trang-140-lich-su-10",
        "level": 0
    },
    {
        "type": "category",
        "title": "Bài 2 trang 140 Lịch Sử 10: Những nét mới trong truyền thống yêu nước ....",
        "url": "giai-lich-su-lop-10_bai-2-trang-140-lich-su-10",
        "level": 0
    },
    {
        "type": "category",
        "title": "Bài 3 trang 140 Lịch Sử 10: Hãy sưu tầm những câu ca dao về ....",
        "url": "giai-lich-su-lop-10_bai-3-trang-140-lich-su-10",
        "level": 0
    },
    {
        "type": "category",
        "title": "Bài 4 trang 140 Lịch Sử 10: Tại sao có thể xem xét đặc trưng ....",
        "url": "giai-lich-su-lop-10_bai-4-trang-140-lich-su-10",
        "level": 0
    }
]