[
    {
        "type": "category",
        "title": "Trả lời câu hỏi Lịch Sử 10 Bài 26 trang 131: Em nghĩ thế nào về cuộc sống của ....",
        "url": "giai-lich-su-lop-10_tra-loi-cau-hoi-lich-su-10-bai-26-trang-131",
        "level": 0
    },
    {
        "type": "category",
        "title": "Trả lời câu hỏi Lịch Sử 10 Bài 26 trang 132: So với các triều đại trước, cuộc đấu tranh ....",
        "url": "giai-lich-su-lop-10_tra-loi-cau-hoi-lich-su-10-bai-26-trang-132",
        "level": 0
    },
    {
        "type": "category",
        "title": "Bài 1 trang 132 Lịch Sử 10: So sánh tình hình xã hội nước ta ở ....",
        "url": "giai-lich-su-lop-10_bai-1-trang-132-lich-su-10",
        "level": 0
    },
    {
        "type": "category",
        "title": "Bài 2 trang 132 Lịch Sử 10: Những nguyên nhân nào gây nên tình trạng ....",
        "url": "giai-lich-su-lop-10_bai-2-trang-132-lich-su-10",
        "level": 0
    },
    {
        "type": "category",
        "title": "Bài 3 trang 132 Lịch Sử 10: Trình bày đặc điểm của phong trào đấu tranh ....",
        "url": "giai-lich-su-lop-10_bai-3-trang-132-lich-su-10",
        "level": 0
    }
]