[
    {
        "type": "category",
        "title": "Trả lời câu hỏi Lịch Sử 10 Bài 38 trang 192: Quốc tế thứ nhất ra đời trong hoàn cảnh ....",
        "url": "giai-lich-su-lop-10_tra-loi-cau-hoi-lich-su-10-bai-38-trang-192",
        "level": 0
    },
    {
        "type": "category",
        "title": "Trả lời câu hỏi Lịch Sử 10 Bài 38 trang 194: Vai trò của Quốc tế thứ nhất đối với ....",
        "url": "giai-lich-su-lop-10_tra-loi-cau-hoi-lich-su-10-bai-38-trang-194",
        "level": 0
    },
    {
        "type": "category",
        "title": "Trả lời câu hỏi Lịch Sử 10 Bài 38 trang 195: Cuộc cách mạng 18 – 3 – 1871 ở Pa-ri ....",
        "url": "giai-lich-su-lop-10_tra-loi-cau-hoi-lich-su-10-bai-38-trang-195",
        "level": 0
    },
    {
        "type": "category",
        "title": "Trả lời câu hỏi Lịch Sử 10 Bài 38 trang 196: Trình bày những chính sách thể hiện bản chất ....",
        "url": "giai-lich-su-lop-10_tra-loi-cau-hoi-lich-su-10-bai-38-trang-196",
        "level": 0
    },
    {
        "type": "category",
        "title": "Bài 1 trang 196 Lịch Sử 10: Trình bày sự thành lập và hoạt động của ....",
        "url": "giai-lich-su-lop-10_bai-1-trang-196-lich-su-10",
        "level": 0
    },
    {
        "type": "category",
        "title": "Bài 2 trang 196 Lịch Sử 10: Chứng minh rằng: Công xã Pa-ri là ....",
        "url": "giai-lich-su-lop-10_bai-2-trang-196-lich-su-10",
        "level": 0
    }
]