[
    {
        "type": "category",
        "title": "Trả lời câu hỏi Lịch Sử 10 Bài 30 trang 147: Hãy trình bày chính sách của Chính phủ  ....",
        "url": "giai-lich-su-lop-10_tra-loi-cau-hoi-lich-su-10-bai-30-trang-147",
        "level": 0
    },
    {
        "type": "category",
        "title": "Trả lời câu hỏi Lịch Sử 10 Bài 30 trang 149: Nước Mĩ được thành lập trong hoàn cảnh .... Tuyên ngôn độc lập năm 1776 có những .... Yếu tố nào giúp nghĩa quân Bắc Mĩ ....",
        "url": "giai-lich-su-lop-10_tra-loi-cau-hoi-lich-su-10-bai-30-trang-149",
        "level": 0
    },
    {
        "type": "category",
        "title": "Bài 1 trang 150 Lịch Sử 10: Hãy trình bày diễn biến chính cuộc Chiến tranh ....",
        "url": "giai-lich-su-lop-10_bai-1-trang-150-lich-su-10",
        "level": 0
    },
    {
        "type": "category",
        "title": "Bài 2 trang 150 Lịch Sử 10: Trình bày kết quả và ý nghĩa của ....",
        "url": "giai-lich-su-lop-10_bai-2-trang-150-lich-su-10",
        "level": 0
    }
]