[
    {
        "type": "category",
        "title": "Trả lời câu hỏi Lịch Sử 10 Bài 22 trang 111: Nêu các điểm tích cực và hạn chế của ....",
        "url": "giai-lich-su-lop-10_tra-loi-cau-hoi-lich-su-10-bai-22-trang-111",
        "level": 0
    },
    {
        "type": "category",
        "title": "Trả lời câu hỏi Lịch Sử 10 Bài 22 trang 112: Nhận xét về thế mạnh của thủ công nghiệp .... Sự phát triển của làng nghề thủ công ....",
        "url": "giai-lich-su-lop-10_tra-loi-cau-hoi-lich-su-10-bai-22-trang-112",
        "level": 0
    },
    {
        "type": "category",
        "title": "Trả lời câu hỏi Lịch Sử 10 Bài 22 trang 114: Phân tích tác dụng của sự phát triển .... Vào các thế kỉ XV-XVI, trên thế giới .... Sự phát triển của ngoại thương có tác dụng ....",
        "url": "giai-lich-su-lop-10_tra-loi-cau-hoi-lich-su-10-bai-22-trang-114",
        "level": 0
    },
    {
        "type": "category",
        "title": "Trả lời câu hỏi Lịch Sử 10 Bài 22 trang 115: Hãy nhận xét về các đô thị thế kỉ ....",
        "url": "giai-lich-su-lop-10_tra-loi-cau-hoi-lich-su-10-bai-22-trang-115",
        "level": 0
    },
    {
        "type": "category",
        "title": "Bài 1 trang 115 Lịch Sử 10: Những biểu hiện của sự phát triển thủ công ....",
        "url": "giai-lich-su-lop-10_bai-1-trang-115-lich-su-10",
        "level": 0
    },
    {
        "type": "category",
        "title": "Bài 2 trang 115 Lịch Sử 10: Nguyên nhân của sự phát triển kinh tế ....",
        "url": "giai-lich-su-lop-10_bai-2-trang-115-lich-su-10",
        "level": 0
    },
    {
        "type": "category",
        "title": "Bài 3 trang 115 Lịch Sử 10: Sự hưng khởi của các đô thị thể hiện ....",
        "url": "giai-lich-su-lop-10_bai-3-trang-115-lich-su-10",
        "level": 0
    },
    {
        "type": "category",
        "title": "Bài 4 trang 115 Lịch Sử 10: Hãy nêu những câu ca dao về nghề ....",
        "url": "giai-lich-su-lop-10_bai-4-trang-115-lich-su-10",
        "level": 0
    }
]