[
    {
        "type": "category",
        "title": "Trả lời câu hỏi Lịch Sử 10 Bài 31 trang 152: Trước cách mạng tình hình kinh tế - xã hội .... Những nhà tư tưởng tiến bộ Pháp đã ....",
        "url": "giai-lich-su-lop-10_tra-loi-cau-hoi-lich-su-10-bai-31-trang-152",
        "level": 0
    },
    {
        "type": "category",
        "title": "Trả lời câu hỏi Lịch Sử 10 Bài 31 trang 155: Cách mạng tư sản Pháp 1789 bùng nổ .... Hãy nêu những việc làm của phái Lập hiến .... Vì sao quần chúng cách mạng Pháp tiếp tục ....",
        "url": "giai-lich-su-lop-10_tra-loi-cau-hoi-lich-su-10-bai-31-trang-155",
        "level": 0
    },
    {
        "type": "category",
        "title": "Trả lời câu hỏi Lịch Sử 10 Bài 31 trang 156: Phái Gia-cô-banh lên nắm chính quyền ....",
        "url": "giai-lich-su-lop-10_tra-loi-cau-hoi-lich-su-10-bai-31-trang-156",
        "level": 0
    },
    {
        "type": "category",
        "title": "Trả lời câu hỏi Lịch Sử 10 Bài 31 trang 157: Chính quyền Gia-cô-banh đã thực hiện ....",
        "url": "giai-lich-su-lop-10_tra-loi-cau-hoi-lich-su-10-bai-31-trang-157",
        "level": 0
    },
    {
        "type": "category",
        "title": "Trả lời câu hỏi Lịch Sử 10 Bài 31 trang 158: Hãy cho biết tình hình nước Pháp sau cuộc ....",
        "url": "giai-lich-su-lop-10_tra-loi-cau-hoi-lich-su-10-bai-31-trang-158",
        "level": 0
    },
    {
        "type": "category",
        "title": "Bài 1 trang 158 Lịch Sử 10: Cách mạng tư sản Pháp nổ ra trong ....",
        "url": "giai-lich-su-lop-10_bai-1-trang-158-lich-su-10",
        "level": 0
    },
    {
        "type": "category",
        "title": "Bài 2 trang 158 Lịch Sử 10: Lập niên biểu diễn biến cách mạng qua các ....",
        "url": "giai-lich-su-lop-10_bai-2-trang-158-lich-su-10",
        "level": 0
    },
    {
        "type": "category",
        "title": "Bài 3 trang 158 Lịch Sử 10: Hãy nêu ý nghĩa lịch sử của Cách mạng ....",
        "url": "giai-lich-su-lop-10_bai-3-trang-158-lich-su-10",
        "level": 0
    }
]