[
    {
        "type": "category",
        "title": "Trả lời câu hỏi Lịch Sử 10 Bài 21 trang 108: Nêu nguyên nhân của sự chia cắt đất nước ....",
        "url": "giai-lich-su-lop-10_tra-loi-cau-hoi-lich-su-10-bai-21-trang-108",
        "level": 0
    },
    {
        "type": "category",
        "title": "Trả lời câu hỏi Lịch Sử 10 Bài 21 trang 109: Nhận xét về bộ máy nhà nước thời ....",
        "url": "giai-lich-su-lop-10_tra-loi-cau-hoi-lich-su-10-bai-21-trang-109",
        "level": 0
    },
    {
        "type": "category",
        "title": "Trả lời câu hỏi Lịch Sử 10 Bài 21 trang 110: Em có nhận xét gì về việc làm của .... Điểm khác biệt của chính quyền Đàng Trong với ....",
        "url": "giai-lich-su-lop-10_tra-loi-cau-hoi-lich-su-10-bai-21-trang-110",
        "level": 0
    },
    {
        "type": "category",
        "title": "Bài 1 trang 110 Lịch Sử 10: Em hãy cho biết nguyên nhân suy sụp của ....",
        "url": "giai-lich-su-lop-10_bai-1-trang-110-lich-su-10",
        "level": 0
    },
    {
        "type": "category",
        "title": "Bài 2 trang 110 Lịch Sử 10: Hãy đánh giá vai trò của vương triều Mạc ....",
        "url": "giai-lich-su-lop-10_bai-2-trang-110-lich-su-10",
        "level": 0
    },
    {
        "type": "category",
        "title": "Bài 3 trang 110 Lịch Sử 10: Nêu nguyên nhân của các cuộc chiến tranh ....",
        "url": "giai-lich-su-lop-10_bai-3-trang-110-lich-su-10",
        "level": 0
    },
    {
        "type": "category",
        "title": "Bài 4 trang 110 Lịch Sử 10: Vẽ sơ đồ tổ chức chính quyền ở ....",
        "url": "giai-lich-su-lop-10_bai-4-trang-110-lich-su-10",
        "level": 0
    }
]