[
    {
        "type": "category",
        "title": "Trả lời câu hỏi Lịch Sử 10 Bài 15 trang 81: Chính quyền đô hộ truyền bá Nho giáo ....",
        "url": "giai-lich-su-lop-10_tra-loi-cau-hoi-lich-su-10-bai-15-trang-81",
        "level": 0
    },
    {
        "type": "category",
        "title": "Trả lời câu hỏi Lịch Sử 10 Bài 15 trang 82: Vì sao người Việt vẫn giữ được tiếng nói ....",
        "url": "giai-lich-su-lop-10_tra-loi-cau-hoi-lich-su-10-bai-15-trang-82",
        "level": 0
    },
    {
        "type": "category",
        "title": "Bài 1 trang 82 Lịch Sử 10: Trình bày những chính sách độ hộ của ....",
        "url": "giai-lich-su-lop-10_bai-1-trang-82-lich-su-10",
        "level": 0
    },
    {
        "type": "category",
        "title": "Bài 2 trang 82 Lịch Sử 10: Mục đích của chính sách đô hộ đó ....",
        "url": "giai-lich-su-lop-10_bai-2-trang-82-lich-su-10",
        "level": 0
    },
    {
        "type": "category",
        "title": "Bài 3 trang 82 Lịch Sử 10: Hãy cho biết những chuyền biến về các mặt ....",
        "url": "giai-lich-su-lop-10_bai-3-trang-82-lich-su-10",
        "level": 0
    }
]