[
    {
        "type": "category",
        "title": "Trả lời câu hỏi Lịch Sử 10 Bài 27 trang 135: Nêu một vài thành tựu tiêu biểu thời .... Nhà nước phong kiến Đại Việt được hoàn chỉnh ....",
        "url": "giai-lich-su-lop-10_tra-loi-cau-hoi-lich-su-10-bai-27-trang-135",
        "level": 0
    },
    {
        "type": "category",
        "title": "Trả lời câu hỏi Lịch Sử 10 Bài 27 trang 136: Hãy trình bày một cuộc kháng chiến tiêu biểu .... Nêu tên và sự nghiệp một số anh hùng ....",
        "url": "giai-lich-su-lop-10_tra-loi-cau-hoi-lich-su-10-bai-27-trang-136",
        "level": 0
    },
    {
        "type": "category",
        "title": "Bài 1 trang 136 Lịch Sử 10: Thống kê các triều đại trong lịch sử ....",
        "url": "giai-lich-su-lop-10_bai-1-trang-136-lich-su-10",
        "level": 0
    },
    {
        "type": "category",
        "title": "Bài 2 trang 136 Lịch Sử 10: Vẽ sơ đồ tổ chức nhà nước thời Nguyễn ....",
        "url": "giai-lich-su-lop-10_bai-2-trang-136-lich-su-10",
        "level": 0
    },
    {
        "type": "category",
        "title": "Bài 3 trang 136 Lịch Sử 10: Thống kê các thành tựu văn học, nghệ thuật ....",
        "url": "giai-lich-su-lop-10_bai-3-trang-136-lich-su-10",
        "level": 0
    },
    {
        "type": "category",
        "title": "Bài 4 trang 136 Lịch Sử 10: Thống kê các cuộc kháng chiến trong lịch sử ....",
        "url": "giai-lich-su-lop-10_bai-4-trang-136-lich-su-10",
        "level": 0
    }
]