[
    {
        "type": "category",
        "title": "Trả lời câu hỏi Lịch Sử 10 Bài 3 trang 13: Tại sao xã hội có giai cấp và .... Hãy nêu các ngành kinh tế chính ở ....",
        "url": "giai-lich-su-lop-10_tra-loi-cau-hoi-lich-su-10-bai-3-trang-13",
        "level": 0
    },
    {
        "type": "category",
        "title": "Trả lời câu hỏi Lịch Sử 10 Bài 3 trang 14: Các quốc gia cổ đại phương Đông đã ....",
        "url": "giai-lich-su-lop-10_tra-loi-cau-hoi-lich-su-10-bai-3-trang-14",
        "level": 0
    },
    {
        "type": "category",
        "title": "Trả lời câu hỏi Lịch Sử 10 Bài 3 trang 15: Hãy trình bày vai trò của nông dân ....",
        "url": "giai-lich-su-lop-10_tra-loi-cau-hoi-lich-su-10-bai-3-trang-15",
        "level": 0
    },
    {
        "type": "category",
        "title": "Trả lời câu hỏi Lịch Sử 10 Bài 3 trang 16: Ở các nước phương Đông, vua có những .... Tại sao gọi chế độ nhà nước phương Đông ....",
        "url": "giai-lich-su-lop-10_tra-loi-cau-hoi-lich-su-10-bai-3-trang-16",
        "level": 0
    },
    {
        "type": "category",
        "title": "Trả lời câu hỏi Lịch Sử 10 Bài 3 trang 19: Hãy cho biết những thành tựu văn hóa ....",
        "url": "giai-lich-su-lop-10_tra-loi-cau-hoi-lich-su-10-bai-3-trang-19",
        "level": 0
    },
    {
        "type": "category",
        "title": "Bài 1 trang 19 Lịch Sử 10: Tại sao cư dân trên lưu vực các dòng sông ....",
        "url": "giai-lich-su-lop-10_bai-1-trang-19-lich-su-10",
        "level": 0
    },
    {
        "type": "category",
        "title": "Bài 2 trang 19 Lịch Sử 10: Xã hội cổ đại phương Đông gồm những ....",
        "url": "giai-lich-su-lop-10_bai-2-trang-19-lich-su-10",
        "level": 0
    },
    {
        "type": "category",
        "title": "Bài 3 trang 19 Lịch Sử 10: Em hiểu thế nào là chế độ chuyên chế ....",
        "url": "giai-lich-su-lop-10_bai-3-trang-19-lich-su-10",
        "level": 0
    },
    {
        "type": "category",
        "title": "Bài 4 trang 19 Lịch Sử 10: Cư dân phương Đông thời cổ đại đã có ....",
        "url": "giai-lich-su-lop-10_bai-4-trang-19-lich-su-10",
        "level": 0
    }
]