[
    {
        "type": "category",
        "title": "Trả lời câu hỏi Lịch Sử 10 Bài 24 trang 122: Em hãy cho biết lúc bấy giờ nước ta .... Những nét đẹp trong tín ngưỡng dân gian .... Ở các thế kỉ XVII-XVIII, việc không ....",
        "url": "giai-lich-su-lop-10_tra-loi-cau-hoi-lich-su-10-bai-24-trang-122",
        "level": 0
    },
    {
        "type": "category",
        "title": "Trả lời câu hỏi Lịch Sử 10 Bài 24 trang 123: Văn học Việt Nam thế kỉ XVII-XVIII có .... Nêu một vài công trình nghệ thuật hay .... Chứng minh sự phong phú của nghệ thuật ....",
        "url": "giai-lich-su-lop-10_tra-loi-cau-hoi-lich-su-10-bai-24-trang-123",
        "level": 0
    },
    {
        "type": "category",
        "title": "Trả lời câu hỏi Lịch Sử 10 Bài 24 trang 124: Hãy nêu những thành tựu về khoa học ....",
        "url": "giai-lich-su-lop-10_tra-loi-cau-hoi-lich-su-10-bai-24-trang-124",
        "level": 0
    },
    {
        "type": "category",
        "title": "Bài 1 trang 124 Lịch Sử 10: Phân tích đặc điểm và ý nghĩa của ....",
        "url": "giai-lich-su-lop-10_bai-1-trang-124-lich-su-10",
        "level": 0
    },
    {
        "type": "category",
        "title": "Bài 2 trang 124 Lịch Sử 10: Lập bảng thống kê các loại hình nghệ thuật ....",
        "url": "giai-lich-su-lop-10_bai-2-trang-124-lich-su-10",
        "level": 0
    },
    {
        "type": "category",
        "title": "Bài 3 trang 124 Lịch Sử 10: Thống kê các thành tựu khoa học – ....",
        "url": "giai-lich-su-lop-10_bai-3-trang-124-lich-su-10",
        "level": 0
    }
]