[
    {
        "type": "category",
        "title": "Trả lời câu hỏi Lịch Sử 10 Bài 14 trang 76: Hoạt động kinh tế của cư dân Đông Sơn .... Những cơ sở và điều kiện đưa đến .... Nêu những nét cơ bản trong đời sống ....",
        "url": "giai-lich-su-lop-10_tra-loi-cau-hoi-lich-su-10-bai-14-trang-76",
        "level": 0
    },
    {
        "type": "category",
        "title": "Trả lời câu hỏi Lịch Sử 10 Bài 14 trang 78: Quốc gia cổ Cham-pa được hình thành .... Tóm tắt tình hình văn hóa Cham-pa từ ....",
        "url": "giai-lich-su-lop-10_tra-loi-cau-hoi-lich-su-10-bai-14-trang-78",
        "level": 0
    },
    {
        "type": "category",
        "title": "Trả lời câu hỏi Lịch Sử 10 Bài 14 trang 79: Tóm tắt quá trình hình thành quốc gia ....",
        "url": "giai-lich-su-lop-10_tra-loi-cau-hoi-lich-su-10-bai-14-trang-79",
        "level": 0
    },
    {
        "type": "category",
        "title": "Bài 1 trang 79 Lịch Sử 10: Tóm tắt quá trình hình thành quốc gia ....",
        "url": "giai-lich-su-lop-10_bai-1-trang-79-lich-su-10",
        "level": 0
    },
    {
        "type": "category",
        "title": "Bài 2 trang 79 Lịch Sử 10: Hãy trình bày tình hình kinh tế, văn hóa ....",
        "url": "giai-lich-su-lop-10_bai-2-trang-79-lich-su-10",
        "level": 0
    },
    {
        "type": "category",
        "title": "Bài 3 trang 79 Lịch Sử 10: Hãy nêu những nét chính về tình hình ....",
        "url": "giai-lich-su-lop-10_bai-3-trang-79-lich-su-10",
        "level": 0
    },
    {
        "type": "category",
        "title": "Bài 4 trang 79 Lịch Sử 10: Những điểm giống và khác nhau trong đời ....",
        "url": "giai-lich-su-lop-10_bai-4-trang-79-lich-su-10",
        "level": 0
    }
]