[
    {
        "type": "category",
        "title": "Trả lời câu hỏi Lịch Sử 10 Bài 23 trang 117: Em biết gì thêm về trận Rạch Gầm ....",
        "url": "giai-lich-su-lop-10_tra-loi-cau-hoi-lich-su-10-bai-23-trang-117",
        "level": 0
    },
    {
        "type": "category",
        "title": "Trả lời câu hỏi Lịch Sử 10 Bài 23 trang 119: Phân tích ý nghĩa đoạn trích trong bài .... Hãy cho biết đặc điểm của cuộc kháng chiến ....",
        "url": "giai-lich-su-lop-10_tra-loi-cau-hoi-lich-su-10-bai-23-trang-119",
        "level": 0
    },
    {
        "type": "category",
        "title": "Trả lời câu hỏi Lịch Sử 10 Bài 23 trang 120: Vương triều của Quang Trung đã làm được ....",
        "url": "giai-lich-su-lop-10_tra-loi-cau-hoi-lich-su-10-bai-23-trang-120",
        "level": 0
    },
    {
        "type": "category",
        "title": "Bài 1 trang 120 Lịch Sử 10: Đánh giá công lao của phong trào Tây Sơn ....",
        "url": "giai-lich-su-lop-10_bai-1-trang-120-lich-su-10",
        "level": 0
    },
    {
        "type": "category",
        "title": "Bài 2 trang 120 Lịch Sử 10: Hãy trình bày đặc điểm và nguyên nhân ....",
        "url": "giai-lich-su-lop-10_bai-2-trang-120-lich-su-10",
        "level": 0
    },
    {
        "type": "category",
        "title": "Bài 3 trang 120 Lịch Sử 10: Em biết gì về Nguyễn Huệ - Quang Trung ....",
        "url": "giai-lich-su-lop-10_bai-3-trang-120-lich-su-10",
        "level": 0
    }
]