[
    {
        "type": "category",
        "title": "Trả lời câu hỏi Lịch Sử 10 Bài 33 trang 164: Hãy trình bày những nét lớn về tình hình .... Dựa vào lược đồ hãy trình bày diễn biến ....",
        "url": "giai-lich-su-lop-10_tra-loi-cau-hoi-lich-su-10-bai-33-trang-164",
        "level": 0
    },
    {
        "type": "category",
        "title": "Trả lời câu hỏi Lịch Sử 10 Bài 33 trang 167: Kết hợp lược đồ, hãy trình bày diễn biến ....",
        "url": "giai-lich-su-lop-10_tra-loi-cau-hoi-lich-su-10-bai-33-trang-167",
        "level": 0
    },
    {
        "type": "category",
        "title": "Trả lời câu hỏi Lịch Sử 10 Bài 33 trang 169: Hãy nêu đặc điểm tình hình nước Mỹ .... Trình bày diễn biến và kết quả của ....",
        "url": "giai-lich-su-lop-10_tra-loi-cau-hoi-lich-su-10-bai-33-trang-169",
        "level": 0
    },
    {
        "type": "category",
        "title": "Bài 1 trang 169 Lịch Sử 10: Tại sao nói: Sự nghiệp thống nhất nước Đức ....",
        "url": "giai-lich-su-lop-10_bai-1-trang-169-lich-su-10",
        "level": 0
    },
    {
        "type": "category",
        "title": "Bài 2 trang 169 Lịch Sử 10: Hãy cho biết hệ quả của cuộc đấu tranh ....",
        "url": "giai-lich-su-lop-10_bai-2-trang-169-lich-su-10",
        "level": 0
    }
]