[
    {
        "type": "category",
        "title": "Trả lời câu hỏi Lịch Sử 10 Bài 1 trang 6: Thế nào là Người tối cổ .... Thế nào là bầy người nguyên thủy ....",
        "url": "giai-lich-su-lop-10_tra-loi-cau-hoi-lich-su-10-bai-1-trang-6",
        "level": 0
    },
    {
        "type": "category",
        "title": "Trả lời câu hỏi Lịch Sử 10 Bài 1 trang 7: Hãy nêu những tiến bộ kĩ thuật khi .... Hãy cho biết những tiến bộ kĩ thuật của ....",
        "url": "giai-lich-su-lop-10_tra-loi-cau-hoi-lich-su-10-bai-1-trang-7",
        "level": 0
    },
    {
        "type": "category",
        "title": "Trả lời câu hỏi Lịch Sử 10 Bài 1 trang 8: Trình bày những tiến bộ trong đời sống ....",
        "url": "giai-lich-su-lop-10_tra-loi-cau-hoi-lich-su-10-bai-1-trang-8",
        "level": 0
    },
    {
        "type": "category",
        "title": "Bài 1 trang 8 Lịch Sử 10: Tại sao lại gọi là “cuộc cách mạng ....",
        "url": "giai-lich-su-lop-10_bai-1-trang-8-lich-su-10",
        "level": 0
    },
    {
        "type": "category",
        "title": "Bài 2 trang 8 Lịch Sử 10: Hãy nêu những bước tiến trong lao động ....",
        "url": "giai-lich-su-lop-10_bai-2-trang-8-lich-su-10",
        "level": 0
    }
]