[
    {
        "type": "category",
        "title": "Trả lời câu hỏi Lịch Sử 10 Bài 16 trang 83: Em có nhận xét gì về các cuộc ....",
        "url": "giai-lich-su-lop-10_tra-loi-cau-hoi-lich-su-10-bai-16-trang-83",
        "level": 0
    },
    {
        "type": "category",
        "title": "Trả lời câu hỏi Lịch Sử 10 Bài 16 trang 86: Hãy nêu những nét chính về một số ....",
        "url": "giai-lich-su-lop-10_tra-loi-cau-hoi-lich-su-10-bai-16-trang-86",
        "level": 0
    },
    {
        "type": "category",
        "title": "Bài 1 trang 86 Lịch Sử 10: Việc thành lập nhà nước Vạn Xuân có ....",
        "url": "giai-lich-su-lop-10_bai-1-trang-86-lich-su-10",
        "level": 0
    },
    {
        "type": "category",
        "title": "Bài 2 trang 86 Lịch Sử 10: Trình bày nguyên nhân thắng lợi và ý nghĩa ....",
        "url": "giai-lich-su-lop-10_bai-2-trang-86-lich-su-10",
        "level": 0
    },
    {
        "type": "category",
        "title": "Bài 3 trang 86 Lịch Sử 10: Nêu những sự kiện chứng tỏ tính liên tục ....",
        "url": "giai-lich-su-lop-10_bai-3-trang-86-lich-su-10",
        "level": 0
    },
    {
        "type": "category",
        "title": "Bài 4 trang 86 Lịch Sử 10: Hãy nêu những đóng góp của Hai Bà Trưng, ....",
        "url": "giai-lich-su-lop-10_bai-4-trang-86-lich-su-10",
        "level": 0
    }
]