[
    {
        "type": "category",
        "title": "Trả lời câu hỏi Lịch Sử 10 Bài 20 trang 102: Nhận xét vị trí của Phật giáo ở các ....",
        "url": "giai-lich-su-lop-10_tra-loi-cau-hoi-lich-su-10-bai-20-trang-102",
        "level": 0
    },
    {
        "type": "category",
        "title": "Trả lời câu hỏi Lịch Sử 10 Bài 20 trang 103: Việc dựng bia tiến sĩ có tác dụng gì? .... Đặc điểm của thơ văn các thế kỉ ....",
        "url": "giai-lich-su-lop-10_tra-loi-cau-hoi-lich-su-10-bai-20-trang-103",
        "level": 0
    },
    {
        "type": "category",
        "title": "Trả lời câu hỏi Lịch Sử 10 Bài 20 trang 105: Quan sát các hình 39, 40,41 hãy .... Hãy nhận xét về đời sống văn hóa .... Lập bảng thống kê các thành tựu khoa ....",
        "url": "giai-lich-su-lop-10_tra-loi-cau-hoi-lich-su-10-bai-20-trang-105",
        "level": 0
    },
    {
        "type": "category",
        "title": "Bài 1 trang 105 Lịch Sử 10: Trình bày tóm lược sự phát triển của ....",
        "url": "giai-lich-su-lop-10_bai-1-trang-105-lich-su-10",
        "level": 0
    },
    {
        "type": "category",
        "title": "Bài 2 trang 105 Lịch Sử 10: Vì sao Phật giáo rất phát triển dưới ....",
        "url": "giai-lich-su-lop-10_bai-2-trang-105-lich-su-10",
        "level": 0
    },
    {
        "type": "category",
        "title": "Bài 3 trang 105 Lịch Sử 10: Thống kê các thành tựu văn học, nghệ thuật ....",
        "url": "giai-lich-su-lop-10_bai-3-trang-105-lich-su-10",
        "level": 0
    }
]