[
    {
        "type": "category",
        "title": "Trả lời câu hỏi Lịch Sử 10 Bài 18 trang 92: Nhà nước và nhân dân Đại Việt đã .... Sự phát triển nông nghiệp đương thời có ....",
        "url": "giai-lich-su-lop-10_tra-loi-cau-hoi-lich-su-10-bai-18-trang-92",
        "level": 0
    },
    {
        "type": "category",
        "title": "Trả lời câu hỏi Lịch Sử 10 Bài 18 trang 93: Sự ra đời của các làng nghề thủ công .... Em đánh giá như thế nào về thủ công ....",
        "url": "giai-lich-su-lop-10_tra-loi-cau-hoi-lich-su-10-bai-18-trang-93",
        "level": 0
    },
    {
        "type": "category",
        "title": "Trả lời câu hỏi Lịch Sử 10 Bài 18 trang 94: Em nghĩ thế nào về thương nghiệp nước ta ....",
        "url": "giai-lich-su-lop-10_tra-loi-cau-hoi-lich-su-10-bai-18-trang-94",
        "level": 0
    },
    {
        "type": "category",
        "title": "Bài 1 trang 95 Lịch Sử 10: Những nguyên nhân nào tạo nên sự phát triển ....",
        "url": "giai-lich-su-lop-10_bai-1-trang-95-lich-su-10",
        "level": 0
    },
    {
        "type": "category",
        "title": "Bài 2 trang 95 Lịch Sử 10: Hãy nêu những biểu hiện nói lên sự ....",
        "url": "giai-lich-su-lop-10_bai-2-trang-95-lich-su-10",
        "level": 0
    },
    {
        "type": "category",
        "title": "Bài 3 trang 95 Lịch Sử 10: Sự phân hóa xã hội ở thế kỉ XIV ....",
        "url": "giai-lich-su-lop-10_bai-3-trang-95-lich-su-10",
        "level": 0
    }
]