[
    {
        "type": "category",
        "title": "Trả lời câu hỏi Lịch Sử 10 Bài 2 trang 10: Tổ chức xã hội của Người tinh khôn .... Thế nào là thị tộc, bộ lạc .... Sự xuất hiện công cụ bằng kim loại ....",
        "url": "giai-lich-su-lop-10_tra-loi-cau-hoi-lich-su-10-bai-2-trang-10",
        "level": 0
    },
    {
        "type": "category",
        "title": "Trả lời câu hỏi Lịch Sử 10 Bài 2 trang 11: Do đâu mà có sự xuất hiện tư hữu ....",
        "url": "giai-lich-su-lop-10_tra-loi-cau-hoi-lich-su-10-bai-2-trang-11",
        "level": 0
    },
    {
        "type": "category",
        "title": "Bài 1 trang 11 Lịch Sử 10: Hãy giải thích tính cộng đồng của thị tộc ....",
        "url": "giai-lich-su-lop-10_bai-1-trang-11-lich-su-10",
        "level": 0
    },
    {
        "type": "category",
        "title": "Bài 2 trang 11 Lịch Sử 10: Tư hữu xuất hiện đã dẫn tới sự ....",
        "url": "giai-lich-su-lop-10_bai-2-trang-11-lich-su-10",
        "level": 0
    }
]