[
    {
        "type": "category",
        "title": "Trả lời câu hỏi Lịch Sử 10 Bài 34 trang 172: Trình bày những phát minh lớn về khoa học ....",
        "url": "giai-lich-su-lop-10_tra-loi-cau-hoi-lich-su-10-bai-34-trang-172",
        "level": 0
    },
    {
        "type": "category",
        "title": "Trả lời câu hỏi Lịch Sử 10 Bài 34 trang 173: Các tổ chức độc quyền được hình thành ....",
        "url": "giai-lich-su-lop-10_tra-loi-cau-hoi-lich-su-10-bai-34-trang-173",
        "level": 0
    },
    {
        "type": "category",
        "title": "Bài 1 trang 173 Lịch Sử 10: Vì sao các nước đế quốc lại tăng cường ....",
        "url": "giai-lich-su-lop-10_bai-1-trang-173-lich-su-10",
        "level": 0
    },
    {
        "type": "category",
        "title": "Bài 2 trang 173 Lịch Sử 10: Tại sao trong giai đoạn đế quốc chủ nghĩa, ....",
        "url": "giai-lich-su-lop-10_bai-2-trang-173-lich-su-10",
        "level": 0
    }
]