[
    {
        "type": "category",
        "title": "Trả lời câu hỏi Lịch Sử 10 Bài 39 trang 198: Hãy cho biết những nét nổi bật của ....",
        "url": "giai-lich-su-lop-10_tra-loi-cau-hoi-lich-su-10-bai-39-trang-198",
        "level": 0
    },
    {
        "type": "category",
        "title": "Trả lời câu hỏi Lịch Sử 10 Bài 39 trang 199: Hãy nêu những hoạt động chủ yếu của ....",
        "url": "giai-lich-su-lop-10_tra-loi-cau-hoi-lich-su-10-bai-39-trang-199",
        "level": 0
    },
    {
        "type": "category",
        "title": "Bài 1 trang 199 Lịch Sử 10: Trình bày hoàn cảnh ra đời của Quốc tế ....",
        "url": "giai-lich-su-lop-10_bai-1-trang-199-lich-su-10",
        "level": 0
    },
    {
        "type": "category",
        "title": "Bài 2 trang 199 Lịch Sử 10: Vì sao Quốc tế thứ hai bị tan rã? ....",
        "url": "giai-lich-su-lop-10_bai-2-trang-199-lich-su-10",
        "level": 0
    }
]