[
    {
        "type": "category",
        "title": "Trả lời câu hỏi Lịch Sử 10 Bài 35 trang 175: Trình bày tình hình kinh tế Anh vào cuối .... Hãy nêu những nét lớn về tình hình ....",
        "url": "giai-lich-su-lop-10_tra-loi-cau-hoi-lich-su-10-bai-35-trang-175",
        "level": 0
    },
    {
        "type": "category",
        "title": "Trả lời câu hỏi Lịch Sử 10 Bài 35 trang 177: Hãy cho biết đặc điểm của tình hình .... Trình bày nét nổi bật về tình hình ....",
        "url": "giai-lich-su-lop-10_tra-loi-cau-hoi-lich-su-10-bai-35-trang-177",
        "level": 0
    },
    {
        "type": "category",
        "title": "Trả lời câu hỏi Lịch Sử 10 Bài 35 trang 179: Nét nổi bật của tình hình kinh tế ....",
        "url": "giai-lich-su-lop-10_tra-loi-cau-hoi-lich-su-10-bai-35-trang-179",
        "level": 0
    },
    {
        "type": "category",
        "title": "Trả lời câu hỏi Lịch Sử 10 Bài 35 trang 180: Trình bày những nét lớn về tình hình ....",
        "url": "giai-lich-su-lop-10_tra-loi-cau-hoi-lich-su-10-bai-35-trang-180",
        "level": 0
    },
    {
        "type": "category",
        "title": "Trả lời câu hỏi Lịch Sử 10 Bài 35 trang 181: Vì sao kinh tế Mĩ cuối thế kỉ XIX ....",
        "url": "giai-lich-su-lop-10_tra-loi-cau-hoi-lich-su-10-bai-35-trang-181",
        "level": 0
    },
    {
        "type": "category",
        "title": "Trả lời câu hỏi Lịch Sử 10 Bài 35 trang 182: Nhận xét tình hình chính trị nước Mĩ ....",
        "url": "giai-lich-su-lop-10_tra-loi-cau-hoi-lich-su-10-bai-35-trang-182",
        "level": 0
    },
    {
        "type": "category",
        "title": "Bài 1 trang 177 Lịch Sử 10: Vì sao nói chủ nghĩa đế quốc Anh là ....",
        "url": "giai-lich-su-lop-10_bai-1-trang-177-lich-su-10",
        "level": 0
    },
    {
        "type": "category",
        "title": "Bài 2 trang 177 Lịch Sử 10: Em có nhận xét gì về tình hình ....",
        "url": "giai-lich-su-lop-10_bai-2-trang-177-lich-su-10",
        "level": 0
    },
    {
        "type": "category",
        "title": "Bài 1 trang 182 Lịch Sử 10: Trình bày những nét lớn về tình hình ....",
        "url": "giai-lich-su-lop-10_bai-1-trang-182-lich-su-10",
        "level": 0
    },
    {
        "type": "category",
        "title": "Bài 2 trang 182 Lịch Sử 10: Hãy cho biết những nét lớn về tình hình ....",
        "url": "giai-lich-su-lop-10_bai-2-trang-182-lich-su-10",
        "level": 0
    }
]