[
    {
        "type": "category",
        "title": "Trả lời câu hỏi Lịch Sử 10 Bài 36 trang 184: Công nhân làm việc và sinh hoạt trong  .... Những hình thức đấu tranh đầu tiên của ....",
        "url": "giai-lich-su-lop-10_tra-loi-cau-hoi-lich-su-10-bai-36-trang-184",
        "level": 0
    },
    {
        "type": "category",
        "title": "Trả lời câu hỏi Lịch Sử 10 Bài 36 trang 185: Những cuộc đấu tranh của công nhân Anh, ....",
        "url": "giai-lich-su-lop-10_tra-loi-cau-hoi-lich-su-10-bai-36-trang-185",
        "level": 0
    },
    {
        "type": "category",
        "title": "Trả lời câu hỏi Lịch Sử 10 Bài 36 trang 187: Hãy cho biết nội dung tư tưởng của ....",
        "url": "giai-lich-su-lop-10_tra-loi-cau-hoi-lich-su-10-bai-36-trang-187",
        "level": 0
    },
    {
        "type": "category",
        "title": "Bài 1 trang 187 Lịch Sử 10: Giai cấp vô sản công nghiệp ra đời ....",
        "url": "giai-lich-su-lop-10_bai-1-trang-187-lich-su-10",
        "level": 0
    },
    {
        "type": "category",
        "title": "Bài 2 trang 187 Lịch Sử 10: Qua những cuộc khởi nghĩa của công nhân ....",
        "url": "giai-lich-su-lop-10_bai-2-trang-187-lich-su-10",
        "level": 0
    },
    {
        "type": "category",
        "title": "Bài 3 trang 187 Lịch Sử 10: Hãy cho biết những mặt tích cực và ....",
        "url": "giai-lich-su-lop-10_bai-3-trang-187-lich-su-10",
        "level": 0
    }
]