[
    {
        "type": "category",
        "title": "Trả lời câu hỏi Lịch Sử 10 Bài 19 trang 96: Hãy cho biết nguyên nhân thắng lợi của ....",
        "url": "giai-lich-su-lop-10_tra-loi-cau-hoi-lich-su-10-bai-19-trang-96",
        "level": 0
    },
    {
        "type": "category",
        "title": "Trả lời câu hỏi Lịch Sử 10 Bài 19 trang 97: Phân tích ý nghĩa của bài thơ Nam quốc ....",
        "url": "giai-lich-su-lop-10_tra-loi-cau-hoi-lich-su-10-bai-19-trang-97",
        "level": 0
    },
    {
        "type": "category",
        "title": "Trả lời câu hỏi Lịch Sử 10 Bài 19 trang 99: Nêu ý nghĩa lời hịch nói trên của .... Tại sao nhân dân thời Trần lại sẵn sàng .... Nêu một vài đặc điểm của khởi nghĩa ....",
        "url": "giai-lich-su-lop-10_tra-loi-cau-hoi-lich-su-10-bai-19-trang-99",
        "level": 0
    },
    {
        "type": "category",
        "title": "Bài 1 trang 100 Lịch Sử 10: Lập bảng thống kê các cuộc kháng chiến và ....",
        "url": "giai-lich-su-lop-10_bai-1-trang-100-lich-su-10",
        "level": 0
    },
    {
        "type": "category",
        "title": "Bài 2 trang 100 Lịch Sử 10: Phân tích sự khác nhau giữa hai cuộc ....",
        "url": "giai-lich-su-lop-10_bai-2-trang-100-lich-su-10",
        "level": 0
    },
    {
        "type": "category",
        "title": "Bài 3 trang 100 Lịch Sử 10: Trình bày nguyên nhân thắng lợi của cuộc ....",
        "url": "giai-lich-su-lop-10_bai-3-trang-100-lich-su-10",
        "level": 0
    }
]