[
    {
        "type": "category",
        "title": "Trả lời câu hỏi Lịch Sử 10 Bài 13 trang 71: Em hãy nhận xét về địa bàn sinh sống của ....",
        "url": "giai-lich-su-lop-10_tra-loi-cau-hoi-lich-su-10-bai-13-trang-71",
        "level": 0
    },
    {
        "type": "category",
        "title": "Trả lời câu hỏi Lịch Sử 10 Bài 13 trang 72: Hãy cho biết những điểm tiến bộ trong .... Những biểu hiện của “cách mạng đá mới” ....",
        "url": "giai-lich-su-lop-10_tra-loi-cau-hoi-lich-su-10-bai-13-trang-72",
        "level": 0
    },
    {
        "type": "category",
        "title": "Trả lời câu hỏi Lịch Sử 10 Bài 13 trang 73: Những điểm mới trong cuộc sống của cư dân ....",
        "url": "giai-lich-su-lop-10_tra-loi-cau-hoi-lich-su-10-bai-13-trang-73",
        "level": 0
    },
    {
        "type": "category",
        "title": "Bài 1 trang 73 Lịch Sử 10: Trình bày những giai đoạn phát triển chính ....",
        "url": "giai-lich-su-lop-10_bai-1-trang-73-lich-su-10",
        "level": 0
    },
    {
        "type": "category",
        "title": "Bài 2 trang 73 Lịch Sử 10: Em có nhận xét gì về thời gian ....",
        "url": "giai-lich-su-lop-10_bai-2-trang-73-lich-su-10",
        "level": 0
    },
    {
        "type": "category",
        "title": "Bài 3 trang 73 Lịch Sử 10: Sự ra đời của thuật luyện kim có ....",
        "url": "giai-lich-su-lop-10_bai-3-trang-73-lich-su-10",
        "level": 0
    },
    {
        "type": "category",
        "title": "Bài 4 trang 73 Lịch Sử 10: Lập bảng thống kê những điểm chính về ....",
        "url": "giai-lich-su-lop-10_bai-4-trang-73-lich-su-10",
        "level": 0
    }
]