[
    {
        "type": "category",
        "title": "Trả lời câu hỏi Lịch Sử 10 Bài 25 trang 127: Hãy đánh giá chính sách ngoại giao của .... Cuộc cải cách hành chính của Minh Mạng ....",
        "url": "giai-lich-su-lop-10_tra-loi-cau-hoi-lich-su-10-bai-25-trang-127",
        "level": 0
    },
    {
        "type": "category",
        "title": "Trả lời câu hỏi Lịch Sử 10 Bài 25 trang 128: Em hãy nhận xét về thủ công nghiệp .... Em có nhận xét gì về người thợ .... Đánh giá chính sách hạn chế ngoại thương ....",
        "url": "giai-lich-su-lop-10_tra-loi-cau-hoi-lich-su-10-bai-25-trang-128",
        "level": 0
    },
    {
        "type": "category",
        "title": "Bài 1 trang 129 Lịch Sử 10: Trình bày khái quát và nhận xét quá trình ....",
        "url": "giai-lich-su-lop-10_bai-1-trang-129-lich-su-10",
        "level": 0
    },
    {
        "type": "category",
        "title": "Bài 2 trang 129 Lịch Sử 10: Hãy nêu những ưu điểm và hạn chế ....",
        "url": "giai-lich-su-lop-10_bai-2-trang-129-lich-su-10",
        "level": 0
    },
    {
        "type": "category",
        "title": "Bài 3 trang 129 Lịch Sử 10: Hãy nêu các thành tựu văn hóa tiêu biểu ....",
        "url": "giai-lich-su-lop-10_bai-3-trang-129-lich-su-10",
        "level": 0
    },
    {
        "type": "category",
        "title": "Bài 4 trang 129 Lịch Sử 10: Em hãy đánh giá chung về nhà Nguyễn ở ....",
        "url": "giai-lich-su-lop-10_bai-4-trang-129-lich-su-10",
        "level": 0
    }
]