[
    {
        "type": "category",
        "title": "Trả lời câu hỏi Lịch Sử 10 Bài 17 trang 89: Những thay đổi qua cuộc cải cách hành chính .... Các điều luật trên nói lên điều gì? ....",
        "url": "giai-lich-su-lop-10_tra-loi-cau-hoi-lich-su-10-bai-17-trang-89",
        "level": 0
    },
    {
        "type": "category",
        "title": "Trả lời câu hỏi Lịch Sử 10 Bài 17 trang 90: Nêu tác dụng của các chính sách đối nội ....",
        "url": "giai-lich-su-lop-10_tra-loi-cau-hoi-lich-su-10-bai-17-trang-90",
        "level": 0
    },
    {
        "type": "category",
        "title": "Bài 1 trang 90 Lịch Sử 10: So sánh bộ máy nhà nước thời Lê với ....",
        "url": "giai-lich-su-lop-10_bai-1-trang-90-lich-su-10",
        "level": 0
    },
    {
        "type": "category",
        "title": "Bài 2 trang 90 Lịch Sử 10: Vẽ sơ đồ nhà nước thời Lý, Trần ....",
        "url": "giai-lich-su-lop-10_bai-2-trang-90-lich-su-10",
        "level": 0
    },
    {
        "type": "category",
        "title": "Bài 3 trang 90 Lịch Sử 10: Nhận xét chung về sự hoàn thiện của ....",
        "url": "giai-lich-su-lop-10_bai-3-trang-90-lich-su-10",
        "level": 0
    },
    {
        "type": "category",
        "title": "Bài 4 trang 90 Lịch Sử 10: Lập bảng thống kê thời gian thống trị của ....",
        "url": "giai-lich-su-lop-10_bai-4-trang-90-lich-su-10",
        "level": 0
    }
]