[
    {
        "type": "category",
        "title": "Trả lời câu hỏi Lịch Sử 10 Bài 4 trang 22: Trình bày ý nghĩa của việc xuất hiện ....",
        "url": "giai-lich-su-lop-10_tra-loi-cau-hoi-lich-su-10-bai-4-trang-22",
        "level": 0
    },
    {
        "type": "category",
        "title": "Trả lời câu hỏi Lịch Sử 10 Bài 4 trang 24: Thị quốc là gì? .... Thể chế dân chủ cổ đại biểu hiện ở ....",
        "url": "giai-lich-su-lop-10_tra-loi-cau-hoi-lich-su-10-bai-4-trang-24",
        "level": 0
    },
    {
        "type": "category",
        "title": "Trả lời câu hỏi Lịch Sử 10 Bài 4 trang 27: Giá trị nghệ thuật Hy Lạp được thể hiện ....",
        "url": "giai-lich-su-lop-10_tra-loi-cau-hoi-lich-su-10-bai-4-trang-27",
        "level": 0
    },
    {
        "type": "category",
        "title": "Bài 1 trang 27 Lịch Sử 10: Hãy trình bày vai trò của thủ công nghiệp ....",
        "url": "giai-lich-su-lop-10_bai-1-trang-27-lich-su-10",
        "level": 0
    },
    {
        "type": "category",
        "title": "Bài 2 trang 27 Lịch Sử 10: Bản chất của nền dân chủ cổ đại ....",
        "url": "giai-lich-su-lop-10_bai-2-trang-27-lich-su-10",
        "level": 0
    },
    {
        "type": "category",
        "title": "Bài 3 trang 27 Lịch Sử 10: Văn hóa cổ đại Hy Lạp và Rô-ma đã ....",
        "url": "giai-lich-su-lop-10_bai-3-trang-27-lich-su-10",
        "level": 0
    }
]