[
    {
        "type": "category",
        "title": "Trả lời câu hỏi Lịch Sử 10 Bài 40 trang 201: Trình bày hoạt động bước đầu của Lê-nin ....",
        "url": "giai-lich-su-lop-10_tra-loi-cau-hoi-lich-su-10-bai-40-trang-201",
        "level": 0
    },
    {
        "type": "category",
        "title": "Trả lời câu hỏi Lịch Sử 10 Bài 40 trang 202: Hãy nêu tình hình nước Nga cuối thế kỉ ....",
        "url": "giai-lich-su-lop-10_tra-loi-cau-hoi-lich-su-10-bai-40-trang-202",
        "level": 0
    },
    {
        "type": "category",
        "title": "Trả lời câu hỏi Lịch Sử 10 Bài 40 trang 203: Trình bày những diễn biến chính của Cách mạng ....",
        "url": "giai-lich-su-lop-10_tra-loi-cau-hoi-lich-su-10-bai-40-trang-203",
        "level": 0
    },
    {
        "type": "category",
        "title": "Bài 1 trang 203 Lịch Sử 10: Hãy nêu vai trò của Lê-nin đối với ....",
        "url": "giai-lich-su-lop-10_bai-1-trang-203-lich-su-10",
        "level": 0
    },
    {
        "type": "category",
        "title": "Bài 2 trang 203 Lịch Sử 10: Hãy nêu tính chất và ý nghĩa lịch sử ....",
        "url": "giai-lich-su-lop-10_bai-2-trang-203-lich-su-10",
        "level": 0
    }
]