[
    {
        "type": "category",
        "title": "Trả lời câu hỏi Lịch Sử 10 Bài 10 trang 56: Khi tràn vào lãnh thổ Rô-ma, người ....",
        "url": "giai-lich-su-lop-10_tra-loi-cau-hoi-lich-su-10-bai-10-trang-56",
        "level": 0
    },
    {
        "type": "category",
        "title": "Trả lời câu hỏi Lịch Sử 10 Bài 10 trang 58: Hãy miêu tả lãnh địa phong kiến và ....",
        "url": "giai-lich-su-lop-10_tra-loi-cau-hoi-lich-su-10-bai-10-trang-58",
        "level": 0
    },
    {
        "type": "category",
        "title": "Trả lời câu hỏi Lịch Sử 10 Bài 10 trang 59: Thành thị trung đại đã được hình thành ....",
        "url": "giai-lich-su-lop-10_tra-loi-cau-hoi-lich-su-10-bai-10-trang-59",
        "level": 0
    },
    {
        "type": "category",
        "title": "Bài 1 trang 59 Lịch Sử 10: Tầng lớp lãnh chúa và nông nô đã được ....",
        "url": "giai-lich-su-lop-10_bai-1-trang-59-lich-su-10",
        "level": 0
    },
    {
        "type": "category",
        "title": "Bài 2 trang 59 Lịch Sử 10: Thế nào là lãnh địa phong kiến? ....",
        "url": "giai-lich-su-lop-10_bai-2-trang-59-lich-su-10",
        "level": 0
    },
    {
        "type": "category",
        "title": "Bài 3 trang 59 Lịch Sử 10: Trình bày nguồn gốc và vai trò của ....",
        "url": "giai-lich-su-lop-10_bai-3-trang-59-lich-su-10",
        "level": 0
    }
]