[
    {
        "type": "category",
        "title": "Trả lời câu hỏi Lịch Sử 10 Bài 5 trang 30: Vẽ sơ đồ tổ chức bộ máy nhà nước ....",
        "url": "giai-lich-su-lop-10_tra-loi-cau-hoi-lich-su-10-bai-5-trang-30",
        "level": 0
    },
    {
        "type": "category",
        "title": "Trả lời câu hỏi Lịch Sử 10 Bài 5 trang 31: Những biểu hiện sự thịnh trị về kinh tế, ....",
        "url": "giai-lich-su-lop-10_tra-loi-cau-hoi-lich-su-10-bai-5-trang-31",
        "level": 0
    },
    {
        "type": "category",
        "title": "Trả lời câu hỏi Lịch Sử 10 Bài 5 trang 33: Những mầm mống của quan hệ sản xuất .... Ảnh hưởng của chính sách áp bức dân tộc ....",
        "url": "giai-lich-su-lop-10_tra-loi-cau-hoi-lich-su-10-bai-5-trang-33",
        "level": 0
    },
    {
        "type": "category",
        "title": "Trả lời câu hỏi Lịch Sử 10 Bài 5 trang 36: Hãy tìm hiểu về 4 phát minh lớn của ....",
        "url": "giai-lich-su-lop-10_tra-loi-cau-hoi-lich-su-10-bai-5-trang-36",
        "level": 0
    },
    {
        "type": "category",
        "title": "Bài 1 trang 36 Lịch Sử 10: Chế độ phong kiến Trung Quốc được ....",
        "url": "giai-lich-su-lop-10_bai-1-trang-36-lich-su-10",
        "level": 0
    },
    {
        "type": "category",
        "title": "Bài 2 trang 36 Lịch Sử 10: Sự thịnh trị của chế độ phong kiến ....",
        "url": "giai-lich-su-lop-10_bai-2-trang-36-lich-su-10",
        "level": 0
    },
    {
        "type": "category",
        "title": "Bài 3 trang 36 Lịch Sử 10: Hãy nêu những thành tựu văn hóa chủ yếu ....",
        "url": "giai-lich-su-lop-10_bai-3-trang-36-lich-su-10",
        "level": 0
    }
]