[
    {
        "type": "category",
        "title": "Trả lời câu hỏi Lịch Sử 10 Bài 32 trang 161: Ý nghĩa của việc phát minh ra máy .... Cách mạng công nghiệp đã dẫn đến những ....",
        "url": "giai-lich-su-lop-10_tra-loi-cau-hoi-lich-su-10-bai-32-trang-161",
        "level": 0
    },
    {
        "type": "category",
        "title": "Trả lời câu hỏi Lịch Sử 10 Bài 32 trang 162: Ý nghĩa của cách mạng công nghiệp với ....",
        "url": "giai-lich-su-lop-10_tra-loi-cau-hoi-lich-su-10-bai-32-trang-162",
        "level": 0
    },
    {
        "type": "category",
        "title": "Bài 1 trang 162 Lịch Sử 10: Nêu mốc thời gian và những thành tựu ....",
        "url": "giai-lich-su-lop-10_bai-1-trang-162-lich-su-10",
        "level": 0
    },
    {
        "type": "category",
        "title": "Bài 2 trang 162 Lịch Sử 10: Cách mạng công nghiệp đem lại những hệ quả ....",
        "url": "giai-lich-su-lop-10_bai-2-trang-162-lich-su-10",
        "level": 0
    }
]