[
    {
        "type": "category",
        "title": "Đề kiểm tra Hóa 10 Học kì 1",
        "url": "de-kiem-tra-lop-10_de-kiem-tra-hoa-10-hoc-ki-1",
        "level": 0
    },
    {
        "type": "category",
        "title": "Đề kiểm tra học kì 1 Hóa học 10 (Đề 1)",
        "url": "de-kiem-tra-lop-10_de-kiem-tra-hoc-ki-1-hoa-hoc-10-1",
        "level": 3
    },
    {
        "type": "category",
        "title": "Đề kiểm tra học kì 1 Hóa học 10 (Đề 2)",
        "url": "de-kiem-tra-lop-10_de-kiem-tra-hoc-ki-1-hoa-hoc-10-2",
        "level": 3
    },
    {
        "type": "category",
        "title": "Đề kiểm tra học kì 1 Hóa học 10 (Đề 3)",
        "url": "de-kiem-tra-lop-10_de-kiem-tra-hoc-ki-1-hoa-hoc-10-3",
        "level": 3
    },
    {
        "type": "category",
        "title": "Đề kiểm tra học kì 1 Hóa học 10 (Đề 4)",
        "url": "de-kiem-tra-lop-10_de-kiem-tra-hoc-ki-1-hoa-hoc-10-4",
        "level": 3
    },
    {
        "type": "category",
        "title": "Đề kiểm tra Hóa 10 Học kì 2",
        "url": "de-kiem-tra-lop-10_de-kiem-tra-hoa-10-hoc-ki-2",
        "level": 0
    },
    {
        "type": "category",
        "title": "Đề kiểm tra 15p Hóa 10 Học kì 2 (Bài số 1)",
        "url": "de-kiem-tra-lop-10_de-kiem-tra-15-phut-hoa-hoc-10-hoc-ki-2",
        "level": 1
    },
    {
        "type": "category",
        "title": "Đề kiểm tra 15 phút - Trắc nghiệm",
        "url": "",
        "level": 2
    },
    {
        "type": "category",
        "title": "Đề kiểm tra 15 phút Hóa học 10 Học kì 2 (Có đáp án - Trắc nghiệm 1)",
        "url": "de-kiem-tra-lop-10_de-kiem-tra-15-phut-hoa-10-hoc-ki-2-trac-nghiem-1",
        "level": 3
    },
    {
        "type": "category",
        "title": "Đề kiểm tra 15 phút Hóa học 10 Học kì 2 (Có đáp án - Trắc nghiệm 2)",
        "url": "de-kiem-tra-lop-10_de-kiem-tra-15-phut-hoa-10-hoc-ki-2-trac-nghiem-2",
        "level": 3
    },
    {
        "type": "category",
        "title": "Đề kiểm tra 15 phút Hóa học 10 Học kì 2 (Có đáp án - Trắc nghiệm 3)",
        "url": "de-kiem-tra-lop-10_de-kiem-tra-15-phut-hoa-10-hoc-ki-2-trac-nghiem-3",
        "level": 3
    },
    {
        "type": "category",
        "title": "Đề kiểm tra 15 phút Hóa học 10 Học kì 2 (Có đáp án - Trắc nghiệm 4)",
        "url": "de-kiem-tra-lop-10_de-kiem-tra-15-phut-hoa-10-hoc-ki-2-trac-nghiem-4",
        "level": 3
    },
    {
        "type": "category",
        "title": "Đề kiểm tra 15 phút - Trắc nghiệm + Tự luận",
        "url": "",
        "level": 2
    },
    {
        "type": "category",
        "title": "Đề kiểm tra 15 phút Hóa học 10 Học kì 2 (Có đáp án - Trắc nghiệm + Tự luận 1)",
        "url": "de-kiem-tra-lop-10_de-kiem-tra-15-phut-hoa-10-hoc-ki-2-trac-nghiem-tu-luan-1",
        "level": 3
    },
    {
        "type": "category",
        "title": "Đề kiểm tra 15 phút Hóa học 10 Học kì 2 (Có đáp án - Trắc nghiệm + Tự luận 2)",
        "url": "de-kiem-tra-lop-10_de-kiem-tra-15-phut-hoa-10-hoc-ki-2-trac-nghiem-tu-luan-2",
        "level": 3
    },
    {
        "type": "category",
        "title": "Đề kiểm tra 15 phút Hóa học 10 Học kì 2 (Có đáp án - Trắc nghiệm + Tự luận 3)",
        "url": "de-kiem-tra-lop-10_de-kiem-tra-15-phut-hoa-10-hoc-ki-2-trac-nghiem-tu-luan-3",
        "level": 3
    },
    {
        "type": "category",
        "title": "Đề kiểm tra 15 phút Hóa học 10 Học kì 2 (Có đáp án - Trắc nghiệm + Tự luận 4)",
        "url": "de-kiem-tra-lop-10_de-kiem-tra-15-phut-hoa-10-hoc-ki-2-trac-nghiem-tu-luan-4",
        "level": 3
    },
    {
        "type": "category",
        "title": "Đề kiểm tra 45p Hóa 10 Học kì 2 (Bài số 1)",
        "url": "de-kiem-tra-lop-10_de-kiem-tra-45-phut-hoa-hoc-10-hoc-ki-2",
        "level": 1
    },
    {
        "type": "category",
        "title": "Đề kiểm tra 1 tiết - Trắc nghiệm + Tự luận",
        "url": "",
        "level": 2
    },
    {
        "type": "category",
        "title": "Đề kiểm tra 1 tiết Hóa học 10 Học kì 2 (Có đáp án - Trắc nghiệm + Tự luận 1)",
        "url": "de-kiem-tra-lop-10_de-kiem-tra-1-tiet-hoa-10-hoc-ki-2-1",
        "level": 3
    },
    {
        "type": "category",
        "title": "Đề kiểm tra 1 tiết Hóa học 10 Học kì 2 (Có đáp án - Trắc nghiệm + Tự luận 2)",
        "url": "de-kiem-tra-lop-10_de-kiem-tra-1-tiet-hoa-10-hoc-ki-2-2",
        "level": 3
    },
    {
        "type": "category",
        "title": "Đề kiểm tra 1 tiết Hóa học 10 Học kì 2 (Có đáp án - Trắc nghiệm + Tự luận 3)",
        "url": "de-kiem-tra-lop-10_de-kiem-tra-1-tiet-hoa-10-hoc-ki-2-3",
        "level": 3
    },
    {
        "type": "category",
        "title": "Đề kiểm tra 1 tiết Hóa học 10 Học kì 2 (Có đáp án - Trắc nghiệm + Tự luận 4)",
        "url": "de-kiem-tra-lop-10_de-kiem-tra-1-tiet-hoa-10-hoc-ki-2-4",
        "level": 3
    },
    {
        "type": "category",
        "title": "Đề kiểm tra 1 tiết Hóa học 10 Học kì 2 (Có đáp án - Trắc nghiệm + Tự luận 5)",
        "url": "de-kiem-tra-lop-10_de-kiem-tra-1-tiet-hoa-10-hoc-ki-2-5",
        "level": 3
    },
    {
        "type": "category",
        "title": "Đề kiểm tra 15p Hóa 10 Học kì 2 (Bài số 2)",
        "url": "de-kiem-tra-lop-10_de-kiem-tra-15-phut-hoa-hoc-10-hoc-ki-2-1",
        "level": 1
    },
    {
        "type": "category",
        "title": "Đề kiểm tra 15 phút - Trắc nghiệm",
        "url": "",
        "level": 2
    },
    {
        "type": "category",
        "title": "Đề kiểm tra 15 phút Hóa học 10 Học kì 2 (Có đáp án - Trắc nghiệm 5)",
        "url": "de-kiem-tra-lop-10_de-kiem-tra-15-phut-hoa-10-hoc-ki-2-trac-nghiem-5",
        "level": 3
    },
    {
        "type": "category",
        "title": "Đề kiểm tra 15 phút Hóa học 10 Học kì 2 (Có đáp án - Trắc nghiệm 6)",
        "url": "de-kiem-tra-lop-10_de-kiem-tra-15-phut-hoa-10-hoc-ki-2-trac-nghiem-6",
        "level": 3
    },
    {
        "type": "category",
        "title": "Đề kiểm tra 15 phút Hóa học 10 Học kì 2 (Có đáp án - Trắc nghiệm 7)",
        "url": "de-kiem-tra-lop-10_de-kiem-tra-15-phut-hoa-10-hoc-ki-2-trac-nghiem-7",
        "level": 3
    },
    {
        "type": "category",
        "title": "Đề kiểm tra 15 phút Hóa học 10 Học kì 2 (Có đáp án - Trắc nghiệm 8)",
        "url": "de-kiem-tra-lop-10_de-kiem-tra-15-phut-hoa-10-hoc-ki-2-trac-nghiem-8",
        "level": 3
    },
    {
        "type": "category",
        "title": "Đề kiểm tra 15 phút - Trắc nghiệm + Tự luận",
        "url": "",
        "level": 2
    },
    {
        "type": "category",
        "title": "Đề kiểm tra 15 phút Hóa học 10 Học kì 2 (Có đáp án - Trắc nghiệm + Tự luận 5)",
        "url": "de-kiem-tra-lop-10_de-kiem-tra-15-phut-hoa-10-hoc-ki-2-trac-nghiem-tu-luan-5",
        "level": 3
    },
    {
        "type": "category",
        "title": "Đề kiểm tra 15 phút Hóa học 10 Học kì 2 (Có đáp án - Trắc nghiệm + Tự luận 6)",
        "url": "de-kiem-tra-lop-10_de-kiem-tra-15-phut-hoa-10-hoc-ki-2-trac-nghiem-tu-luan-6",
        "level": 3
    },
    {
        "type": "category",
        "title": "Đề kiểm tra 15 phút Hóa học 10 Học kì 2 (Có đáp án - Trắc nghiệm + Tự luận 7)",
        "url": "de-kiem-tra-lop-10_de-kiem-tra-15-phut-hoa-10-hoc-ki-2-trac-nghiem-tu-luan-7",
        "level": 3
    },
    {
        "type": "category",
        "title": "Đề kiểm tra 15 phút Hóa học 10 Học kì 2 (Có đáp án - Trắc nghiệm + Tự luận 8)",
        "url": "de-kiem-tra-lop-10_de-kiem-tra-15-phut-hoa-10-hoc-ki-2-trac-nghiem-tu-luan-8",
        "level": 3
    },
    {
        "type": "category",
        "title": "Đề kiểm tra 45p Hóa 10 Học kì 2 (Bài số 2)",
        "url": "de-kiem-tra-lop-10_de-kiem-tra-45-phut-hoa-hoc-10-hoc-ki-2-1",
        "level": 1
    },
    {
        "type": "category",
        "title": "Đề kiểm tra 1 tiết - Trắc nghiệm + Tự luận",
        "url": "",
        "level": 2
    },
    {
        "type": "category",
        "title": "Đề kiểm tra 1 tiết Hóa học 10 Học kì 2 (Có đáp án - Trắc nghiệm + Tự luận 6)",
        "url": "de-kiem-tra-lop-10_de-kiem-tra-1-tiet-hoa-10-hoc-ki-2-6",
        "level": 3
    },
    {
        "type": "category",
        "title": "Đề kiểm tra 1 tiết Hóa học 10 Học kì 2 (Có đáp án - Trắc nghiệm + Tự luận 7)",
        "url": "de-kiem-tra-lop-10_de-kiem-tra-1-tiet-hoa-10-hoc-ki-2-7",
        "level": 3
    },
    {
        "type": "category",
        "title": "Đề kiểm tra 1 tiết Hóa học 10 Học kì 2 (Có đáp án - Trắc nghiệm + Tự luận 8)",
        "url": "de-kiem-tra-lop-10_de-kiem-tra-1-tiet-hoa-10-hoc-ki-2-8",
        "level": 3
    },
    {
        "type": "category",
        "title": "Đề kiểm tra 1 tiết Hóa học 10 Học kì 2 (Có đáp án - Trắc nghiệm + Tự luận 9)",
        "url": "de-kiem-tra-lop-10_de-kiem-tra-1-tiet-hoa-10-hoc-ki-2-9",
        "level": 3
    },
    {
        "type": "category",
        "title": "Đề kiểm tra 1 tiết Hóa học 10 Học kì 2 (Có đáp án - Trắc nghiệm + Tự luận 10)",
        "url": "de-kiem-tra-lop-10_de-kiem-tra-1-tiet-hoa-10-hoc-ki-2-10",
        "level": 3
    },
    {
        "type": "category",
        "title": "Đề kiểm tra Hóa 10 Học kì 2 (Bài kiểm tra học kì)",
        "url": "de-kiem-tra-lop-10_de-kiem-tra-hoa-10-hoc-ki-2",
        "level": 1
    },
    {
        "type": "category",
        "title": "Đề kiểm tra Học kì 2 - Trắc nghiệm + Tự luận",
        "url": "",
        "level": 2
    },
    {
        "type": "category",
        "title": "Đề kiểm tra Học kì 2 Hóa học 10 (Có đáp án - Trắc nghiệm + Tự luận 1)",
        "url": "de-kiem-tra-lop-10_de-kiem-tra-hoc-ki-2-hoa-hoc-10-1",
        "level": 3
    },
    {
        "type": "category",
        "title": "Đề kiểm tra Học kì 2 Hóa học 10 (Có đáp án - Trắc nghiệm + Tự luận 2)",
        "url": "de-kiem-tra-lop-10_de-kiem-tra-hoc-ki-2-hoa-hoc-10-2",
        "level": 3
    },
    {
        "type": "category",
        "title": "Đề kiểm tra Học kì 2 Hóa học 10 (Có đáp án - Trắc nghiệm + Tự luận 3)",
        "url": "de-kiem-tra-lop-10_de-kiem-tra-hoc-ki-2-hoa-hoc-10-3",
        "level": 3
    },
    {
        "type": "category",
        "title": "Đề kiểm tra Học kì 2 Hóa học 10 (Có đáp án - Trắc nghiệm + Tự luận 4)",
        "url": "de-kiem-tra-lop-10_de-kiem-tra-hoc-ki-2-hoa-hoc-10-4",
        "level": 3
    },
    {
        "type": "category",
        "title": "Đề kiểm tra Học kì 2 Hóa học 10 (Có đáp án - Trắc nghiệm + Tự luận 5)",
        "url": "de-kiem-tra-lop-10_de-kiem-tra-hoc-ki-2-hoa-hoc-10-5",
        "level": 3
    }
]
