[
    {
        "type": "category",
        "title": "Đề kiểm tra Địa Lí 10 theo PPCT",
        "url": "",
        "level": 0
    },
    {
        "type": "category",
        "title": "Đề kiểm tra Địa Lí 10 Học kì 1",
        "url": "de-kiem-tra-lop-10_de-kiem-tra-dia-li-10-hoc-ki-1",
        "level": 1
    },
    {
        "type": "category",
        "title": "Đề kiểm tra 15 phút Địa Lí 10 Học kì 1 (Lần 1)",
        "url": "de-kiem-tra-lop-10_de-kiem-tra-15-phut-dia-li-10-hoc-ki-1-lan-1",
        "level": 2
    },
    {
        "type": "category",
        "title": "Đề kiểm tra 15 phút Địa Lí 10 Học kì 1 (Lần 1 - Đề 1)",
        "url": "de-kiem-tra-lop-10_de-kiem-tra-15-phut-dia-li-10-hoc-ki-1-lan-1-1",
        "level": 3
    },
    {
        "type": "category",
        "title": "Đề kiểm tra 15 phút Địa Lí 10 Học kì 1 (Lần 1 - Đề 2)",
        "url": "de-kiem-tra-lop-10_de-kiem-tra-15-phut-dia-li-10-hoc-ki-1-lan-1-2",
        "level": 3
    },
    {
        "type": "category",
        "title": "Đề kiểm tra 15 phút Địa Lí 10 Học kì 1 (Lần 1 - Đề 3)",
        "url": "de-kiem-tra-lop-10_de-kiem-tra-15-phut-dia-li-10-hoc-ki-1-lan-1-3",
        "level": 3
    },
    {
        "type": "category",
        "title": "Đề kiểm tra 15 phút Địa Lí 10 Học kì 1 (Lần 1 - Đề 4)",
        "url": "de-kiem-tra-lop-10_de-kiem-tra-15-phut-dia-li-10-hoc-ki-1-lan-1-4",
        "level": 3
    },
    {
        "type": "category",
        "title": "Đề kiểm tra 1 tiết Địa Lí 10 Học kì 1",
        "url": "de-kiem-tra-lop-10_de-kiem-tra-1-tiet-dia-li-10-hoc-ki-1",
        "level": 2
    },
    {
        "type": "category",
        "title": "Đề kiểm tra 45 phút Địa Lí 10 Học kì 1 (Đề 1)",
        "url": "de-kiem-tra-lop-10_de-kiem-tra-45-phut-dia-li-10-hoc-ki-1-1",
        "level": 3
    },
    {
        "type": "category",
        "title": "Đề kiểm tra 45 phút Địa Lí 10 Học kì 1 (Đề 2)",
        "url": "de-kiem-tra-lop-10_de-kiem-tra-45-phut-dia-li-10-hoc-ki-1-2",
        "level": 3
    },
    {
        "type": "category",
        "title": "Đề kiểm tra 45 phút Địa Lí 10 Học kì 1 (Đề 3)",
        "url": "de-kiem-tra-lop-10_de-kiem-tra-45-phut-dia-li-10-hoc-ki-1-3",
        "level": 3
    },
    {
        "type": "category",
        "title": "Đề kiểm tra 45 phút Địa Lí 10 Học kì 1 (Đề 4)",
        "url": "de-kiem-tra-lop-10_de-kiem-tra-45-phut-dia-li-10-hoc-ki-1-4",
        "level": 3
    },
    {
        "type": "category",
        "title": "Đề kiểm tra 15 phút Địa Lí 10 Học kì 1 (Lần 2)",
        "url": "de-kiem-tra-lop-10_de-kiem-tra-15-phut-dia-li-10-hoc-ki-1-lan-2",
        "level": 2
    },
    {
        "type": "category",
        "title": "Đề kiểm tra 15 phút Địa Lí 10 Học kì 1 (Lần 2 - Đề 1)",
        "url": "de-kiem-tra-lop-10_de-kiem-tra-15-phut-dia-li-10-hoc-ki-1-lan-2-1",
        "level": 3
    },
    {
        "type": "category",
        "title": "Đề kiểm tra 15 phút Địa Lí 10 Học kì 1 (Lần 2 - Đề 2)",
        "url": "de-kiem-tra-lop-10_de-kiem-tra-15-phut-dia-li-10-hoc-ki-1-lan-2-2",
        "level": 3
    },
    {
        "type": "category",
        "title": "Đề kiểm tra 15 phút Địa Lí 10 Học kì 1 (Lần 2 - Đề 3)",
        "url": "de-kiem-tra-lop-10_de-kiem-tra-15-phut-dia-li-10-hoc-ki-1-lan-2-3",
        "level": 3
    },
    {
        "type": "category",
        "title": "Đề kiểm tra 15 phút Địa Lí 10 Học kì 1 (Lần 2 - Đề 4)",
        "url": "de-kiem-tra-lop-10_de-kiem-tra-15-phut-dia-li-10-hoc-ki-1-lan-2-4",
        "level": 3
    },
    {
        "type": "category",
        "title": "Đề kiểm tra Học kì 1 Địa Lí 10",
        "url": "de-kiem-tra-lop-10_de-kiem-tra-hoc-ki-1-dia-li-10",
        "level": 2
    },
    {
        "type": "category",
        "title": "Đề kiểm tra Học kì 1 Địa Lí 10 (Đề 1)",
        "url": "de-kiem-tra-lop-10_de-kiem-tra-hoc-ki-1-dia-li-10-1",
        "level": 3
    },
    {
        "type": "category",
        "title": "Đề kiểm tra Học kì 1 Địa Lí 10 (Đề 2)",
        "url": "de-kiem-tra-lop-10_de-kiem-tra-hoc-ki-1-dia-li-10-2",
        "level": 3
    },
    {
        "type": "category",
        "title": "Đề kiểm tra Học kì 1 Địa Lí 10 (Đề 3)",
        "url": "de-kiem-tra-lop-10_de-kiem-tra-hoc-ki-1-dia-li-10-3",
        "level": 3
    },
    {
        "type": "category",
        "title": "Đề kiểm tra Học kì 1 Địa Lí 10 (Đề 4)",
        "url": "de-kiem-tra-lop-10_de-kiem-tra-hoc-ki-1-dia-li-10-4",
        "level": 3
    },
    {
        "type": "category",
        "title": "Đề kiểm tra Địa Lí 10 Học kì 2",
        "url": "de-kiem-tra-lop-10_de-kiem-tra-dia-li-10-hoc-ki-2",
        "level": 1
    },
    {
        "type": "category",
        "title": "Đề kiểm tra 15 phút Địa Lí 10 Học kì 2 (Lần 1)",
        "url": "de-kiem-tra-lop-10_de-kiem-tra-15-phut-dia-li-10-hoc-ki-2-lan-1",
        "level": 2
    },
    {
        "type": "category",
        "title": "Đề kiểm tra 15 phút Địa Lí 10 Học kì 2 (Lần 1 - Đề 1)",
        "url": "de-kiem-tra-lop-10_de-kiem-tra-15-phut-dia-li-10-hoc-ki-2-lan-1-1",
        "level": 3
    },
    {
        "type": "category",
        "title": "Đề kiểm tra 15 phút Địa Lí 10 Học kì 2 (Lần 1 - Đề 2)",
        "url": "de-kiem-tra-lop-10_de-kiem-tra-15-phut-dia-li-10-hoc-ki-2-lan-1-2",
        "level": 3
    },
    {
        "type": "category",
        "title": "Đề kiểm tra 15 phút Địa Lí 10 Học kì 2 (Lần 1 - Đề 3)",
        "url": "de-kiem-tra-lop-10_de-kiem-tra-15-phut-dia-li-10-hoc-ki-2-lan-1-3",
        "level": 3
    },
    {
        "type": "category",
        "title": "Đề kiểm tra 15 phút Địa Lí 10 Học kì 2 (Lần 1 - Đề 4)",
        "url": "de-kiem-tra-lop-10_de-kiem-tra-15-phut-dia-li-10-hoc-ki-2-lan-1-4",
        "level": 3
    },
    {
        "type": "category",
        "title": "Đề kiểm tra 1 tiết Địa Lí 10 Học kì 2",
        "url": "de-kiem-tra-lop-10_de-kiem-tra-1-tiet-dia-li-10-hoc-ki-2",
        "level": 2
    },
    {
        "type": "category",
        "title": "Đề kiểm tra 45 phút Địa Lí 10 Học kì 2 (Đề 1)",
        "url": "de-kiem-tra-lop-10_de-kiem-tra-45-phut-dia-li-10-hoc-ki-2-1",
        "level": 3
    },
    {
        "type": "category",
        "title": "Đề kiểm tra 45 phút Địa Lí 10 Học kì 2 (Đề 2)",
        "url": "de-kiem-tra-lop-10_de-kiem-tra-45-phut-dia-li-10-hoc-ki-2-2",
        "level": 3
    },
    {
        "type": "category",
        "title": "Đề kiểm tra 45 phút Địa Lí 10 Học kì 2 (Đề 3)",
        "url": "de-kiem-tra-lop-10_de-kiem-tra-45-phut-dia-li-10-hoc-ki-2-3",
        "level": 3
    },
    {
        "type": "category",
        "title": "Đề kiểm tra 45 phút Địa Lí 10 Học kì 2 (Đề 4)",
        "url": "de-kiem-tra-lop-10_de-kiem-tra-45-phut-dia-li-10-hoc-ki-2-4",
        "level": 3
    },
    {
        "type": "category",
        "title": "Đề kiểm tra 15 phút Địa Lí 10 Học kì 2 (Lần 2)",
        "url": "de-kiem-tra-lop-10_de-kiem-tra-15-phut-dia-li-10-hoc-ki-2-lan-2",
        "level": 2
    },
    {
        "type": "category",
        "title": "Đề kiểm tra 15 phút Địa Lí 10 Học kì 2 (Lần 2 - Đề 1)",
        "url": "de-kiem-tra-lop-10_de-kiem-tra-15-phut-dia-li-10-hoc-ki-2-lan-2-1",
        "level": 3
    },
    {
        "type": "category",
        "title": "Đề kiểm tra 15 phút Địa Lí 10 Học kì 2 (Lần 2 - Đề 2)",
        "url": "de-kiem-tra-lop-10_de-kiem-tra-15-phut-dia-li-10-hoc-ki-2-lan-2-2",
        "level": 3
    },
    {
        "type": "category",
        "title": "Đề kiểm tra 15 phút Địa Lí 10 Học kì 2 (Lần 2 - Đề 3)",
        "url": "de-kiem-tra-lop-10_de-kiem-tra-15-phut-dia-li-10-hoc-ki-2-lan-2-3",
        "level": 3
    },
    {
        "type": "category",
        "title": "Đề kiểm tra 15 phút Địa Lí 10 Học kì 2 (Lần 2 - Đề 4)",
        "url": "de-kiem-tra-lop-10_de-kiem-tra-15-phut-dia-li-10-hoc-ki-2-lan-2-4",
        "level": 3
    },
    {
        "type": "category",
        "title": "Đề kiểm tra Học kì 2 Địa Lí 10",
        "url": "de-kiem-tra-lop-10_de-kiem-tra-hoc-ki-2-dia-li-10",
        "level": 2
    },
    {
        "type": "category",
        "title": "Đề kiểm tra Học kì 2 Địa Lí 10 (Đề 1)",
        "url": "de-kiem-tra-lop-10_de-kiem-tra-hoc-ki-2-dia-li-10-1",
        "level": 3
    },
    {
        "type": "category",
        "title": "Đề kiểm tra Học kì 2 Địa Lí 10 (Đề 2)",
        "url": "de-kiem-tra-lop-10_de-kiem-tra-hoc-ki-2-dia-li-10-2",
        "level": 3
    },
    {
        "type": "category",
        "title": "Đề kiểm tra Học kì 2 Địa Lí 10 (Đề 3)",
        "url": "de-kiem-tra-lop-10_de-kiem-tra-hoc-ki-2-dia-li-10-3",
        "level": 3
    },
    {
        "type": "category",
        "title": "Đề kiểm tra Học kì 2 Địa Lí 10 (Đề 4)",
        "url": "de-kiem-tra-lop-10_de-kiem-tra-hoc-ki-2-dia-li-10-4",
        "level": 3
    },
    {
        "type": "category",
        "title": "Đề kiểm tra Địa Lí 10 theo chương",
        "url": "",
        "level": 0
    },
    {
        "type": "category",
        "title": "Đề kiểm tra Địa Lí 10 Chương 1: Bản đồ",
        "url": "de-kiem-tra-lop-10_chuong-1",
        "level": 2
    },
    {
        "type": "category",
        "title": "Đề kiểm tra Địa Lí 10 Chương 1 (Đề 1) ",
        "url": "de-kiem-tra-lop-10_de-kiem-tra-dia-10-chuong-1-de-1",
        "level": 3
    },
    {
        "type": "category",
        "title": "Đề kiểm tra Địa Lí 10 Chương 1 (Đề 2) ",
        "url": "de-kiem-tra-lop-10_de-kiem-tra-dia-10-chuong-1-de-2",
        "level": 3
    },
    {
        "type": "category",
        "title": "Đề kiểm tra Địa Lí 10 Chương 1 (Đề 3) ",
        "url": "de-kiem-tra-lop-10_de-kiem-tra-dia-10-chuong-1-de-3",
        "level": 3
    },
    {
        "type": "category",
        "title": "Đề kiểm tra Địa Lí 10 Chương 1 (Đề 4) ",
        "url": "de-kiem-tra-lop-10_de-kiem-tra-dia-10-chuong-1-de-4",
        "level": 3
    },
    {
        "type": "category",
        "title": "Đề kiểm tra Địa Lí 10 Chương 2: Vũ trụ - hệ quả chuyển động của trái đất",
        "url": "de-kiem-tra-lop-10_chuong-2",
        "level": 2
    },
    {
        "type": "category",
        "title": "Đề kiểm tra Địa Lí 10 Chương 2 (Đề 1) ",
        "url": "de-kiem-tra-lop-10_de-kiem-tra-dia-10-chuong-2-de-1",
        "level": 3
    },
    {
        "type": "category",
        "title": "Đề kiểm tra Địa Lí 10 Chương 2 (Đề 2) ",
        "url": "de-kiem-tra-lop-10_de-kiem-tra-dia-10-chuong-2-de-2",
        "level": 3
    },
    {
        "type": "category",
        "title": "Đề kiểm tra Địa Lí 10 Chương 2 (Đề 3) ",
        "url": "de-kiem-tra-lop-10_de-kiem-tra-dia-10-chuong-2-de-3",
        "level": 3
    },
    {
        "type": "category",
        "title": "Đề kiểm tra Địa Lí 10 Chương 2 (Đề 4) ",
        "url": "de-kiem-tra-lop-10_de-kiem-tra-dia-10-chuong-2-de-4",
        "level": 3
    },
    {
        "type": "category",
        "title": "Đề kiểm tra Địa Lí 10 Chương 3: Cấu trúc của Trái Đất - Các quyển của lớp vỏ Trái Đất",
        "url": "de-kiem-tra-lop-10_chuong-3",
        "level": 2
    },
    {
        "type": "category",
        "title": "Đề kiểm tra Địa Lí 10 Chương 3 (Đề 1) ",
        "url": "de-kiem-tra-lop-10_de-kiem-tra-dia-10-chuong-3-de-1",
        "level": 3
    },
    {
        "type": "category",
        "title": "Đề kiểm tra Địa Lí 10 Chương 3 (Đề 2) ",
        "url": "de-kiem-tra-lop-10_de-kiem-tra-dia-10-chuong-3-de-2",
        "level": 3
    },
    {
        "type": "category",
        "title": "Đề kiểm tra Địa Lí 10 Chương 3 (Đề 3) ",
        "url": "de-kiem-tra-lop-10_de-kiem-tra-dia-10-chuong-3-de-3",
        "level": 3
    },
    {
        "type": "category",
        "title": "Đề kiểm tra Địa Lí 10 Chương 3 (Đề 4) ",
        "url": "de-kiem-tra-lop-10_de-kiem-tra-dia-10-chuong-3-de-4",
        "level": 3
    },
    {
        "type": "category",
        "title": "Đề kiểm tra Địa Lí 10 Chương 4: Một số quy luật của lớp vỏ địa lý",
        "url": "de-kiem-tra-lop-10_chuong-4",
        "level": 2
    },
    {
        "type": "category",
        "title": "Đề kiểm tra Địa Lí 10 Chương 4 (Đề 1) ",
        "url": "de-kiem-tra-lop-10_de-kiem-tra-dia-10-chuong-4-de-1",
        "level": 3
    },
    {
        "type": "category",
        "title": "Đề kiểm tra Địa Lí 10 Chương 4 (Đề 2) ",
        "url": "de-kiem-tra-lop-10_de-kiem-tra-dia-10-chuong-4-de-2",
        "level": 3
    },
    {
        "type": "category",
        "title": "Đề kiểm tra Địa Lí 10 Chương 5: Địa lý dân cư",
        "url": "de-kiem-tra-lop-10_chuong-5",
        "level": 2
    },
    {
        "type": "category",
        "title": "Đề kiểm tra Địa Lí 10 Chương 5 (Đề 1) ",
        "url": "de-kiem-tra-lop-10_de-kiem-tra-dia-10-chuong-5-de-1",
        "level": 3
    },
    {
        "type": "category",
        "title": "Đề kiểm tra Địa Lí 10 Chương 5 (Đề 2) ",
        "url": "de-kiem-tra-lop-10_de-kiem-tra-dia-10-chuong-5-de-2",
        "level": 3
    },
    {
        "type": "category",
        "title": "Đề kiểm tra Địa Lí 10 Chương 5 (Đề 3) ",
        "url": "de-kiem-tra-lop-10_de-kiem-tra-dia-10-chuong-5-de-3",
        "level": 3
    },
    {
        "type": "category",
        "title": "Đề kiểm tra Địa Lí 10 Chương 5 (Đề 4) ",
        "url": "de-kiem-tra-lop-10_de-kiem-tra-dia-10-chuong-5-de-4",
        "level": 3
    },
    {
        "type": "category",
        "title": "Đề kiểm tra Địa Lí 10 Chương 6: Cơ cấu nền kinh tế",
        "url": "de-kiem-tra-lop-10_chuong-6",
        "level": 2
    },
    {
        "type": "category",
        "title": "Đề kiểm tra Địa Lí 10 Chương 6 (Đề 1) ",
        "url": "de-kiem-tra-lop-10_de-kiem-tra-dia-10-chuong-6-de-1",
        "level": 3
    },
    {
        "type": "category",
        "title": "Đề kiểm tra Địa Lí 10 Chương 6 (Đề 2) ",
        "url": "de-kiem-tra-lop-10_de-kiem-tra-dia-10-chuong-6-de-2",
        "level": 3
    },
    {
        "type": "category",
        "title": "Đề kiểm tra Địa Lí 10 Chương 7: Địa lý nông nghiệp",
        "url": "de-kiem-tra-lop-10_chuong-7",
        "level": 2
    },
    {
        "type": "category",
        "title": "Đề kiểm tra Địa Lí 10 Chương 7 (Đề 1) ",
        "url": "de-kiem-tra-lop-10_de-kiem-tra-dia-10-chuong-7-de-1",
        "level": 3
    },
    {
        "type": "category",
        "title": "Đề kiểm tra Địa Lí 10 Chương 7 (Đề 2) ",
        "url": "de-kiem-tra-lop-10_de-kiem-tra-dia-10-chuong-7-de-2",
        "level": 3
    },
    {
        "type": "category",
        "title": "Đề kiểm tra Địa Lí 10 Chương 7 (Đề 3) ",
        "url": "de-kiem-tra-lop-10_de-kiem-tra-dia-10-chuong-7-de-3",
        "level": 3
    },
    {
        "type": "category",
        "title": "Đề kiểm tra Địa Lí 10 Chương 7 (Đề 4) ",
        "url": "de-kiem-tra-lop-10_de-kiem-tra-dia-10-chuong-7-de-4",
        "level": 3
    },
    {
        "type": "category",
        "title": "Đề kiểm tra Địa Lí 10 Chương 8: Địa lý công nghiệp",
        "url": "de-kiem-tra-lop-10_chuong-8",
        "level": 2
    },
    {
        "type": "category",
        "title": "Đề kiểm tra Địa Lí 10 Chương 8 (Đề 1) ",
        "url": "de-kiem-tra-lop-10_de-kiem-tra-dia-10-chuong-8-de-1",
        "level": 3
    },
    {
        "type": "category",
        "title": "Đề kiểm tra Địa Lí 10 Chương 8 (Đề 2) ",
        "url": "de-kiem-tra-lop-10_de-kiem-tra-dia-10-chuong-8-de-2",
        "level": 3
    },
    {
        "type": "category",
        "title": "Đề kiểm tra Địa Lí 10 Chương 8 (Đề 3) ",
        "url": "de-kiem-tra-lop-10_de-kiem-tra-dia-10-chuong-8-de-3",
        "level": 3
    },
    {
        "type": "category",
        "title": "Đề kiểm tra Địa Lí 10 Chương 8 (Đề 4) ",
        "url": "de-kiem-tra-lop-10_de-kiem-tra-dia-10-chuong-8-de-4",
        "level": 3
    },
    {
        "type": "category",
        "title": "Đề kiểm tra Địa Lí 10 Chương 9: Địa lý dịch vụ",
        "url": "de-kiem-tra-lop-10_chuong-9",
        "level": 2
    },
    {
        "type": "category",
        "title": "Đề kiểm tra Địa Lí 10 Chương 9 (Đề 1) ",
        "url": "de-kiem-tra-lop-10_de-kiem-tra-dia-10-chuong-9-de-1",
        "level": 3
    },
    {
        "type": "category",
        "title": "Đề kiểm tra Địa Lí 10 Chương 9 (Đề 2) ",
        "url": "de-kiem-tra-lop-10_de-kiem-tra-dia-10-chuong-9-de-2",
        "level": 3
    },
    {
        "type": "category",
        "title": "Đề kiểm tra Địa Lí 10 Chương 9 (Đề 3) ",
        "url": "de-kiem-tra-lop-10_de-kiem-tra-dia-10-chuong-9-de-3",
        "level": 3
    },
    {
        "type": "category",
        "title": "Đề kiểm tra Địa Lí 10 Chương 9 (Đề 4) ",
        "url": "de-kiem-tra-lop-10_de-kiem-tra-dia-10-chuong-9-de-4",
        "level": 3
    },
    {
        "type": "category",
        "title": "Đề kiểm tra Địa Lí 10 Chương 10: Môi trường và sự phát triển bền vững",
        "url": "de-kiem-tra-lop-10_chuong-10",
        "level": 2
    },
    {
        "type": "category",
        "title": "Đề kiểm tra Địa Lí 10 Chương 10 (Đề 1) ",
        "url": "de-kiem-tra-lop-10_de-kiem-tra-dia-10-chuong-10-de-1",
        "level": 3
    },
    {
        "type": "category",
        "title": "Đề kiểm tra Địa Lí 10 Chương 10 (Đề 2) ",
        "url": "de-kiem-tra-lop-10_de-kiem-tra-dia-10-chuong-10-de-2",
        "level": 3
    },
    {
        "type": "category",
        "title": "Đề kiểm tra Địa Lí 10 Chương 10 (Đề 3) ",
        "url": "de-kiem-tra-lop-10_de-kiem-tra-dia-10-chuong-10-de-3",
        "level": 3
    },
    {
        "type": "category",
        "title": "Đề kiểm tra Địa Lí 10 Chương 10 (Đề 4) ",
        "url": "de-kiem-tra-lop-10_de-kiem-tra-dia-10-chuong-10-de-4",
        "level": 3
    }
]