[
    {
        "type": "category",
        "title": "Đề kiểm tra Lịch Sử 10 theo PPCT",
        "url": "",
        "level": 0
    },
    {
        "type": "category",
        "title": "Đề kiểm tra Lịch Sử 10 Học kì 1 có đáp án",
        "url": "de-kiem-tra-lop-10_de-kiem-tra-lich-su-10-hoc-ki-1",
        "level": 1
    },
    {
        "type": "category",
        "title": "Đề kiểm tra 15 phút Lịch Sử 10 Học kì 1 có đáp án (Lần 1)",
        "url": "de-kiem-tra-lop-10_de-kiem-tra-15-phut-lich-su-10-hoc-ki-1-lan-1",
        "level": 2
    },
    {
        "type": "category",
        "title": "Đề kiểm tra 15 phút Lịch Sử 10 Học kì 1 (có đáp án - Lần 1 - Đề 1)",
        "url": "de-kiem-tra-lop-10_de-kiem-tra-15-phut-lich-su-10-hoc-ki-1-lan-1-1",
        "level": 3
    },
    {
        "type": "category",
        "title": "Đề kiểm tra 15 phút Lịch Sử 10 Học kì 1 (có đáp án - Lần 1 - Đề 2)",
        "url": "de-kiem-tra-lop-10_de-kiem-tra-15-phut-lich-su-10-hoc-ki-1-lan-1-2",
        "level": 3
    },
    {
        "type": "category",
        "title": "Đề kiểm tra 15 phút Lịch Sử 10 Học kì 1 (có đáp án - Lần 1 - Đề 3)",
        "url": "de-kiem-tra-lop-10_de-kiem-tra-15-phut-lich-su-10-hoc-ki-1-lan-1-3",
        "level": 3
    },
    {
        "type": "category",
        "title": "Đề kiểm tra 15 phút Lịch Sử 10 Học kì 1 (có đáp án - Lần 1 - Đề 4)",
        "url": "de-kiem-tra-lop-10_de-kiem-tra-15-phut-lich-su-10-hoc-ki-1-lan-1-4",
        "level": 3
    },
    {
        "type": "category",
        "title": "Đề kiểm tra 1 tiết Lịch Sử 10 Học kì 1 có đáp án",
        "url": "de-kiem-tra-lop-10_de-kiem-tra-1-tiet-lich-su-10-hoc-ki-1",
        "level": 2
    },
    {
        "type": "category",
        "title": "Đề kiểm tra 45 phút Lịch Sử 10 Học kì 1 (có đáp án - Đề 1)",
        "url": "de-kiem-tra-lop-10_de-kiem-tra-45-phut-lich-su-10-hoc-ki-1-1",
        "level": 3
    },
    {
        "type": "category",
        "title": "Đề kiểm tra 45 phút Lịch Sử 10 Học kì 1 (có đáp án - Đề 2)",
        "url": "de-kiem-tra-lop-10_de-kiem-tra-45-phut-lich-su-10-hoc-ki-1-2",
        "level": 3
    },
    {
        "type": "category",
        "title": "Đề kiểm tra 45 phút Lịch Sử 10 Học kì 1 (có đáp án - Đề 3)",
        "url": "de-kiem-tra-lop-10_de-kiem-tra-45-phut-lich-su-10-hoc-ki-1-3",
        "level": 3
    },
    {
        "type": "category",
        "title": "Đề kiểm tra 45 phút Lịch Sử 10 Học kì 1 (có đáp án - Đề 4)",
        "url": "de-kiem-tra-lop-10_de-kiem-tra-45-phut-lich-su-10-hoc-ki-1-4",
        "level": 3
    },
    {
        "type": "category",
        "title": "Đề kiểm tra 15 phút Lịch Sử 10 Học kì 1 có đáp án (Lần 2)",
        "url": "de-kiem-tra-lop-10_de-kiem-tra-15-phut-lich-su-10-hoc-ki-1-lan-2",
        "level": 2
    },
    {
        "type": "category",
        "title": "Đề kiểm tra 15 phút Lịch Sử 10 Học kì 1 (có đáp án - Lần 2 - Đề 1)",
        "url": "de-kiem-tra-lop-10_de-kiem-tra-15-phut-lich-su-10-hoc-ki-1-lan-2-1",
        "level": 3
    },
    {
        "type": "category",
        "title": "Đề kiểm tra 15 phút Lịch Sử 10 Học kì 1 (có đáp án - Lần 2 - Đề 2)",
        "url": "de-kiem-tra-lop-10_de-kiem-tra-15-phut-lich-su-10-hoc-ki-1-lan-2-2",
        "level": 3
    },
    {
        "type": "category",
        "title": "Đề kiểm tra 15 phút Lịch Sử 10 Học kì 1 (có đáp án - Lần 2 - Đề 3)",
        "url": "de-kiem-tra-lop-10_de-kiem-tra-15-phut-lich-su-10-hoc-ki-1-lan-2-3",
        "level": 3
    },
    {
        "type": "category",
        "title": "Đề kiểm tra 15 phút Lịch Sử 10 Học kì 1 (có đáp án - Lần 2 - Đề 4)",
        "url": "de-kiem-tra-lop-10_de-kiem-tra-15-phut-lich-su-10-hoc-ki-1-lan-2-4",
        "level": 3
    },
    {
        "type": "category",
        "title": "Đề kiểm tra Học kì 1 Lịch Sử 10 có đáp án",
        "url": "de-kiem-tra-lop-10_de-kiem-tra-hoc-ki-1-lich-su-10",
        "level": 2
    },
    {
        "type": "category",
        "title": "Đề kiểm tra Học kì 1 Lịch Sử 10 (có đáp án - Đề 1)",
        "url": "de-kiem-tra-lop-10_de-kiem-tra-hoc-ki-1-lich-su-10-1",
        "level": 3
    },
    {
        "type": "category",
        "title": "Đề kiểm tra Học kì 1 Lịch Sử 10 (có đáp án - Đề 2)",
        "url": "de-kiem-tra-lop-10_de-kiem-tra-hoc-ki-1-lich-su-10-2",
        "level": 3
    },
    {
        "type": "category",
        "title": "Đề kiểm tra Học kì 1 Lịch Sử 10 (có đáp án - Đề 3)",
        "url": "de-kiem-tra-lop-10_de-kiem-tra-hoc-ki-1-lich-su-10-3",
        "level": 3
    },
    {
        "type": "category",
        "title": "Đề kiểm tra Học kì 1 Lịch Sử 10 (có đáp án - Đề 4)",
        "url": "de-kiem-tra-lop-10_de-kiem-tra-hoc-ki-1-lich-su-10-4",
        "level": 3
    },
    {
        "type": "category",
        "title": "Đề kiểm tra Lịch Sử 10 Học kì 2 có đáp án",
        "url": "de-kiem-tra-lop-10_de-kiem-tra-lich-su-10-hoc-ki-2",
        "level": 1
    },
    {
        "type": "category",
        "title": "Đề kiểm tra 15 phút Lịch Sử 10 Học kì 2 có đáp án (Lần 1)",
        "url": "de-kiem-tra-lop-10_de-kiem-tra-15-phut-lich-su-10-hoc-ki-2-lan-1",
        "level": 2
    },
    {
        "type": "category",
        "title": "Đề kiểm tra 15 phút Lịch Sử 10 Học kì 2 (có đáp án - Lần 1 - Đề 1)",
        "url": "de-kiem-tra-lop-10_de-kiem-tra-15-phut-lich-su-10-hoc-ki-2-lan-1-1",
        "level": 3
    },
    {
        "type": "category",
        "title": "Đề kiểm tra 15 phút Lịch Sử 10 Học kì 2 (có đáp án - Lần 1 - Đề 2)",
        "url": "de-kiem-tra-lop-10_de-kiem-tra-15-phut-lich-su-10-hoc-ki-2-lan-1-2",
        "level": 3
    },
    {
        "type": "category",
        "title": "Đề kiểm tra 15 phút Lịch Sử 10 Học kì 2 (có đáp án - Lần 1 - Đề 3)",
        "url": "de-kiem-tra-lop-10_de-kiem-tra-15-phut-lich-su-10-hoc-ki-2-lan-1-3",
        "level": 3
    },
    {
        "type": "category",
        "title": "Đề kiểm tra 15 phút Lịch Sử 10 Học kì 2 (có đáp án - Lần 1 - Đề 4)",
        "url": "de-kiem-tra-lop-10_de-kiem-tra-15-phut-lich-su-10-hoc-ki-2-lan-1-4",
        "level": 3
    },
    {
        "type": "category",
        "title": "Đề kiểm tra 1 tiết Lịch Sử 10 Học kì 2 có đáp án",
        "url": "de-kiem-tra-lop-10_de-kiem-tra-1-tiet-lich-su-10-hoc-ki-2",
        "level": 2
    },
    {
        "type": "category",
        "title": "Đề kiểm tra 45 phút Lịch Sử 10 Học kì 2 (có đáp án - Đề 1)",
        "url": "de-kiem-tra-lop-10_de-kiem-tra-45-phut-lich-su-10-hoc-ki-2-1",
        "level": 3
    },
    {
        "type": "category",
        "title": "Đề kiểm tra 45 phút Lịch Sử 10 Học kì 2 (có đáp án - Đề 2)",
        "url": "de-kiem-tra-lop-10_de-kiem-tra-45-phut-lich-su-10-hoc-ki-2-2",
        "level": 3
    },
    {
        "type": "category",
        "title": "Đề kiểm tra 45 phút Lịch Sử 10 Học kì 2 (có đáp án - Đề 3)",
        "url": "de-kiem-tra-lop-10_de-kiem-tra-45-phut-lich-su-10-hoc-ki-2-3",
        "level": 3
    },
    {
        "type": "category",
        "title": "Đề kiểm tra 45 phút Lịch Sử 10 Học kì 2 (có đáp án - Đề 4)",
        "url": "de-kiem-tra-lop-10_de-kiem-tra-45-phut-lich-su-10-hoc-ki-2-4",
        "level": 3
    },
    {
        "type": "category",
        "title": "Đề kiểm tra 15 phút Lịch Sử 10 Học kì 2 có đáp án (Lần 2)",
        "url": "de-kiem-tra-lop-10_de-kiem-tra-15-phut-lich-su-10-hoc-ki-2-lan-2",
        "level": 2
    },
    {
        "type": "category",
        "title": "Đề kiểm tra 15 phút Lịch Sử 10 Học kì 2 (có đáp án - Lần 2 - Đề 1)",
        "url": "de-kiem-tra-lop-10_de-kiem-tra-15-phut-lich-su-10-hoc-ki-2-lan-2-1",
        "level": 3
    },
    {
        "type": "category",
        "title": "Đề kiểm tra 15 phút Lịch Sử 10 Học kì 2 (có đáp án - Lần 2 - Đề 2)",
        "url": "de-kiem-tra-lop-10_de-kiem-tra-15-phut-lich-su-10-hoc-ki-2-lan-2-2",
        "level": 3
    },
    {
        "type": "category",
        "title": "Đề kiểm tra 15 phút Lịch Sử 10 Học kì 2 (có đáp án - Lần 2 - Đề 3)",
        "url": "de-kiem-tra-lop-10_de-kiem-tra-15-phut-lich-su-10-hoc-ki-2-lan-2-3",
        "level": 3
    },
    {
        "type": "category",
        "title": "Đề kiểm tra 15 phút Lịch Sử 10 Học kì 2 (có đáp án - Lần 2 - Đề 4)",
        "url": "de-kiem-tra-lop-10_de-kiem-tra-15-phut-lich-su-10-hoc-ki-2-lan-2-4",
        "level": 3
    },
    {
        "type": "category",
        "title": "Đề kiểm tra Học kì 2 Lịch Sử 10 có đáp án",
        "url": "de-kiem-tra-lop-10_de-kiem-tra-hoc-ki-2-lich-su-10",
        "level": 2
    },
    {
        "type": "category",
        "title": "Đề kiểm tra Học kì 2 Lịch Sử 10 (có đáp án - Đề 1)",
        "url": "de-kiem-tra-lop-10_de-kiem-tra-hoc-ki-2-lich-su-10-1",
        "level": 3
    },
    {
        "type": "category",
        "title": "Đề kiểm tra Học kì 2 Lịch Sử 10 (có đáp án - Đề 2)",
        "url": "de-kiem-tra-lop-10_de-kiem-tra-hoc-ki-2-lich-su-10-2",
        "level": 3
    },
    {
        "type": "category",
        "title": "Đề kiểm tra Học kì 2 Lịch Sử 10 (có đáp án - Đề 3)",
        "url": "de-kiem-tra-lop-10_de-kiem-tra-hoc-ki-2-lich-su-10-3",
        "level": 3
    },
    {
        "type": "category",
        "title": "Đề kiểm tra Học kì 2 Lịch Sử 10 (có đáp án - Đề 4)",
        "url": "de-kiem-tra-lop-10_de-kiem-tra-hoc-ki-2-lich-su-10-4",
        "level": 3
    },
    {
        "type": "category",
        "title": "Đề kiểm tra Lịch Sử 10 theo chương",
        "url": "",
        "level": 0
    },
    {
        "type": "category",
        "title": "Phần 1: Lịch sử thế giới thời nguyên thủy, cổ đại và trung đại ",
        "url": "",
        "level": 1
    },
    {
        "type": "category",
        "title": "Chương 1: Xã hội nguyên thủy",
        "url": "de-kiem-tra-lop-10_de-kiem-tra-1-tiet-su-10-chuong-1",
        "level": 2
    },
    {
        "type": "category",
        "title": "Đề kiểm tra 1 tiết Sử 10 Chương 1 (Đề 1)",
        "url": "de-kiem-tra-lop-10_de-kiem-tra-1-tiet-su-10-chuong-1-de-1",
        "level": 3
    },
    {
        "type": "category",
        "title": "Đề kiểm tra 1 tiết Sử 10 Chương 1 (Đề 2)",
        "url": "de-kiem-tra-lop-10_de-kiem-tra-1-tiet-su-10-chuong-1-de-2",
        "level": 3
    },
    {
        "type": "category",
        "title": "Đề kiểm tra 1 tiết Sử 10 Chương 1 (Đề 3)",
        "url": "de-kiem-tra-lop-10_de-kiem-tra-1-tiet-su-10-chuong-1-de-3",
        "level": 3
    },
    {
        "type": "category",
        "title": "Đề kiểm tra 1 tiết Sử 10 Chương 1 (Đề 4)",
        "url": "de-kiem-tra-lop-10_de-kiem-tra-1-tiet-su-10-chuong-1-de-4",
        "level": 3
    },
    {
        "type": "category",
        "title": "Chương 2: Xã hội cổ đại",
        "url": "de-kiem-tra-lop-10_de-kiem-tra-1-tiet-su-10-chuong-2",
        "level": 2
    },
    {
        "type": "category",
        "title": "Đề kiểm tra 1 tiết Sử 10 Chương 2 (Đề 1)",
        "url": "de-kiem-tra-lop-10_de-kiem-tra-1-tiet-su-10-chuong-2-de-1",
        "level": 3
    },
    {
        "type": "category",
        "title": "Đề kiểm tra 1 tiết Sử 10 Chương 2 (Đề 2)",
        "url": "de-kiem-tra-lop-10_de-kiem-tra-1-tiet-su-10-chuong-2-de-2",
        "level": 3
    },
    {
        "type": "category",
        "title": "Đề kiểm tra 1 tiết Sử 10 Chương 2 (Đề 3)",
        "url": "de-kiem-tra-lop-10_de-kiem-tra-1-tiet-su-10-chuong-2-de-3",
        "level": 3
    },
    {
        "type": "category",
        "title": "Đề kiểm tra 1 tiết Sử 10 Chương 2 (Đề 4)",
        "url": "de-kiem-tra-lop-10_de-kiem-tra-1-tiet-su-10-chuong-2-de-4",
        "level": 3
    },
    {
        "type": "category",
        "title": "Chương 3: Trung Quốc thời phong kiến",
        "url": "de-kiem-tra-lop-10_de-kiem-tra-1-tiet-su-10-chuong-3",
        "level": 2
    },
    {
        "type": "category",
        "title": "Đề kiểm tra 1 tiết Sử 10 Chương 3 (Đề 1)",
        "url": "de-kiem-tra-lop-10_de-kiem-tra-1-tiet-su-10-chuong-3-de-1",
        "level": 3
    },
    {
        "type": "category",
        "title": "Đề kiểm tra 1 tiết Sử 10 Chương 3 (Đề 2)",
        "url": "de-kiem-tra-lop-10_de-kiem-tra-1-tiet-su-10-chuong-3-de-2",
        "level": 3
    },
    {
        "type": "category",
        "title": "Đề kiểm tra 1 tiết Sử 10 Chương 3 (Đề 3)",
        "url": "de-kiem-tra-lop-10_de-kiem-tra-1-tiet-su-10-chuong-3-de-3",
        "level": 3
    },
    {
        "type": "category",
        "title": "Đề kiểm tra 1 tiết Sử 10 Chương 3 (Đề 4)",
        "url": "de-kiem-tra-lop-10_de-kiem-tra-1-tiet-su-10-chuong-3-de-4",
        "level": 3
    },
    {
        "type": "category",
        "title": "Chương4: Ấn Độ thời phong kiến",
        "url": "de-kiem-tra-lop-10_de-kiem-tra-1-tiet-su-10-chuong-4",
        "level": 3
    },
    {
        "type": "category",
        "title": "Đề kiểm tra 1 tiết Sử 10 Chương 4 (Đề 1)",
        "url": "de-kiem-tra-lop-10_de-kiem-tra-1-tiet-su-10-chuong-4-de-1",
        "level": 3
    },
    {
        "type": "category",
        "title": "Đề kiểm tra 1 tiết Sử 10 Chương 4 (Đề 2)",
        "url": "de-kiem-tra-lop-10_de-kiem-tra-1-tiet-su-10-chuong-4-de-2",
        "level": 3
    },
    {
        "type": "category",
        "title": "Đề kiểm tra 1 tiết Sử 10 Chương 4 (Đề 3)",
        "url": "de-kiem-tra-lop-10_de-kiem-tra-1-tiet-su-10-chuong-4-de-3",
        "level": 3
    },
    {
        "type": "category",
        "title": "Đề kiểm tra 1 tiết Sử 10 Chương 4 (Đề 4)",
        "url": "de-kiem-tra-lop-10_de-kiem-tra-1-tiet-su-10-chuong-4-de-4",
        "level": 3
    },
    {
        "type": "category",
        "title": "Chương 5: Đông Nam Á thời phong kiến",
        "url": "de-kiem-tra-lop-10_de-kiem-tra-1-tiet-su-10-chuong-5",
        "level": 2
    },
    {
        "type": "category",
        "title": "Đề kiểm tra 1 tiết Sử 10 Chương 5 (Đề 1)",
        "url": "de-kiem-tra-lop-10_de-kiem-tra-1-tiet-su-10-chuong-5-de-1",
        "level": 3
    },
    {
        "type": "category",
        "title": "Đề kiểm tra 1 tiết Sử 10 Chương 5 (Đề 2)",
        "url": "de-kiem-tra-lop-10_de-kiem-tra-1-tiet-su-10-chuong-5-de-2",
        "level": 3
    },
    {
        "type": "category",
        "title": "Đề kiểm tra 1 tiết Sử 10 Chương 5 (Đề 3)",
        "url": "de-kiem-tra-lop-10_de-kiem-tra-1-tiet-su-10-chuong-5-de-3",
        "level": 3
    },
    {
        "type": "category",
        "title": "Đề kiểm tra 1 tiết Sử 10 Chương 5 (Đề 4)",
        "url": "de-kiem-tra-lop-10_de-kiem-tra-1-tiet-su-10-chuong-5-de-4",
        "level": 3
    },
    {
        "type": "category",
        "title": "Chương 6: Tây Âu thời trung đại",
        "url": "de-kiem-tra-lop-10_de-kiem-tra-1-tiet-su-10-chuong-6",
        "level": 2
    },
    {
        "type": "category",
        "title": "Đề kiểm tra 1 tiết Sử 10 Chương 6 (Đề 1)",
        "url": "de-kiem-tra-lop-10_de-kiem-tra-1-tiet-su-10-chuong-6-de-1",
        "level": 3
    },
    {
        "type": "category",
        "title": "Đề kiểm tra 1 tiết Sử 10 Chương 6 (Đề 2)",
        "url": "de-kiem-tra-lop-10_de-kiem-tra-1-tiet-su-10-chuong-6-de-2",
        "level": 3
    },
    {
        "type": "category",
        "title": "Đề kiểm tra 1 tiết Sử 10 Chương 6 (Đề 3)",
        "url": "de-kiem-tra-lop-10_de-kiem-tra-1-tiet-su-10-chuong-6-de-3",
        "level": 3
    },
    {
        "type": "category",
        "title": "Đề kiểm tra 1 tiết Sử 10 Chương 6 (Đề 4)",
        "url": "de-kiem-tra-lop-10_de-kiem-tra-1-tiet-su-10-chuong-6-de-4",
        "level": 3
    },
    {
        "type": "category",
        "title": "Phần 2: Lịch sử Việt Nam từ nguồn gốc đến giữa thế kỉ XIX",
        "url": "",
        "level": 1
    },
    {
        "type": "category",
        "title": "Chương 1: Việt Nam thời nguyên thủy đến thế kỉ X",
        "url": "de-kiem-tra-lop-10_de-kiem-tra-1-tiet-su-10-chuong-1-phan-2",
        "level": 2
    },
    {
        "type": "category",
        "title": "Đề kiểm tra 1 tiết Sử 10 Chương 1 (Phần 2 - Đề 1)",
        "url": "de-kiem-tra-lop-10_de-kiem-tra-1-tiet-su-10-chuong-1-phan-2-de-1",
        "level": 3
    },
    {
        "type": "category",
        "title": "Đề kiểm tra 1 tiết Sử 10 Chương 1 (Phần 2 - Đề 2)",
        "url": "de-kiem-tra-lop-10_de-kiem-tra-1-tiet-su-10-chuong-1-phan-2-de-2",
        "level": 3
    },
    {
        "type": "category",
        "title": "Đề kiểm tra 1 tiết Sử 10 Chương 1 (Phần 2 - Đề 3)",
        "url": "de-kiem-tra-lop-10_de-kiem-tra-1-tiet-su-10-chuong-1-phan-2-de-3",
        "level": 3
    },
    {
        "type": "category",
        "title": "Đề kiểm tra 1 tiết Sử 10 Chương 1 (Phần 2 - Đề 4)",
        "url": "de-kiem-tra-lop-10_de-kiem-tra-1-tiet-su-10-chuong-1-phan-2-de-4",
        "level": 3
    },
    {
        "type": "category",
        "title": "Chương 2: Việt Nam từ đầu thế kỉ X đến thế kỉ XV",
        "url": "de-kiem-tra-lop-10_de-kiem-tra-1-tiet-su-10-chuong-2-phan-2",
        "level": 2
    },
    {
        "type": "category",
        "title": "Đề kiểm tra 1 tiết Sử 10 Chương 2 (Phần 2 - Đề 1)",
        "url": "de-kiem-tra-lop-10_de-kiem-tra-1-tiet-su-10-chuong-2-phan-2-de-1",
        "level": 3
    },
    {
        "type": "category",
        "title": "Đề kiểm tra 1 tiết Sử 10 Chương 2 (Phần 2 - Đề 2)",
        "url": "de-kiem-tra-lop-10_de-kiem-tra-1-tiet-su-10-chuong-2-phan-2-de-2",
        "level": 3
    },
    {
        "type": "category",
        "title": "Đề kiểm tra 1 tiết Sử 10 Chương 2 (Phần 2 - Đề 3)",
        "url": "de-kiem-tra-lop-10_de-kiem-tra-1-tiet-su-10-chuong-2-phan-2-de-3",
        "level": 3
    },
    {
        "type": "category",
        "title": "Đề kiểm tra 1 tiết Sử 10 Chương 2 (Phần 2 - Đề 4)",
        "url": "de-kiem-tra-lop-10_de-kiem-tra-1-tiet-su-10-chuong-2-phan-2-de-4",
        "level": 3
    },
    {
        "type": "category",
        "title": "Chương 3: Việt Nam từ đầu thế kỉ XVI đến cuối thế kỉ XVIII",
        "url": "de-kiem-tra-lop-10_de-kiem-tra-1-tiet-su-10-chuong-3-phan-2",
        "level": 2
    },
    {
        "type": "category",
        "title": "Đề kiểm tra 1 tiết Sử 10 Chương 3 (Phần 2 - Đề 1)",
        "url": "de-kiem-tra-lop-10_de-kiem-tra-1-tiet-su-10-chuong-3-phan-2-de-1",
        "level": 3
    },
    {
        "type": "category",
        "title": "Đề kiểm tra 1 tiết Sử 10 Chương 3 (Phần 2 - Đề 2)",
        "url": "de-kiem-tra-lop-10_de-kiem-tra-1-tiet-su-10-chuong-3-phan-2-de-2",
        "level": 3
    },
    {
        "type": "category",
        "title": "Đề kiểm tra 1 tiết Sử 10 Chương 3 (Phần 2 - Đề 3)",
        "url": "de-kiem-tra-lop-10_de-kiem-tra-1-tiet-su-10-chuong-3-phan-2-de-3",
        "level": 3
    },
    {
        "type": "category",
        "title": "Đề kiểm tra 1 tiết Sử 10 Chương 3 (Phần 2 - Đề 4)",
        "url": "de-kiem-tra-lop-10_de-kiem-tra-1-tiet-su-10-chuong-3-phan-2-de-4",
        "level": 3
    },
    {
        "type": "category",
        "title": "Chương 4: Việt Nam ở nửa đầu thế kỉ XIX",
        "url": "de-kiem-tra-lop-10_de-kiem-tra-1-tiet-su-10-chuong-4-phan-2",
        "level": 2
    },
    {
        "type": "category",
        "title": "Đề kiểm tra 1 tiết Sử 10 Chương 4 (Phần 2 - Đề 1)",
        "url": "de-kiem-tra-lop-10_de-kiem-tra-1-tiet-su-10-chuong-4-phan-2-de-1",
        "level": 3
    },
    {
        "type": "category",
        "title": "Đề kiểm tra 1 tiết Sử 10 Chương 4 (Phần 2 - Đề 2)",
        "url": "de-kiem-tra-lop-10_de-kiem-tra-1-tiet-su-10-chuong-4-phan-2-de-2",
        "level": 3
    },
    {
        "type": "category",
        "title": "Đề kiểm tra 1 tiết Sử 10 Chương 4 (Phần 2 - Đề 3)",
        "url": "de-kiem-tra-lop-10_de-kiem-tra-1-tiet-su-10-chuong-4-phan-2-de-3",
        "level": 3
    },
    {
        "type": "category",
        "title": "Đề kiểm tra 1 tiết Sử 10 Chương 4 (Phần 2 - Đề 4)",
        "url": "de-kiem-tra-lop-10_de-kiem-tra-1-tiet-su-10-chuong-4-phan-2-de-4",
        "level": 3
    },
    {
        "type": "category",
        "title": "Phần 3: Lịch sử thế giới cận đại",
        "url": "",
        "level": 1
    },
    {
        "type": "category",
        "title": "Chương 1: Các cuộc cách mạng tư sản (Từ giữa thế kỉ XVI đến cuối thế kỉ XVIII)",
        "url": "de-kiem-tra-lop-10_de-kiem-tra-1-tiet-su-10-chuong-1-phan-3",
        "level": 2
    },
    {
        "type": "category",
        "title": "Đề kiểm tra 1 tiết Sử 10 Chương 1 (Phần 3 - Đề 1)",
        "url": "de-kiem-tra-lop-10_de-kiem-tra-1-tiet-su-10-chuong-1-phan-3-de-1",
        "level": 3
    },
    {
        "type": "category",
        "title": "Đề kiểm tra 1 tiết Sử 10 Chương 1 (Phần 3 - Đề 2)",
        "url": "de-kiem-tra-lop-10_de-kiem-tra-1-tiet-su-10-chuong-1-phan-3-de-2",
        "level": 3
    },
    {
        "type": "category",
        "title": "Đề kiểm tra 1 tiết Sử 10 Chương 1 (Phần 3 - Đề 3)",
        "url": "de-kiem-tra-lop-10_de-kiem-tra-1-tiet-su-10-chuong-1-phan-3-de-3",
        "level": 3
    },
    {
        "type": "category",
        "title": "Đề kiểm tra 1 tiết Sử 10 Chương 1 (Phần 3 - Đề 4)",
        "url": "de-kiem-tra-lop-10_de-kiem-tra-1-tiet-su-10-chuong-1-phan-3-de-4",
        "level": 3
    },
    {
        "type": "category",
        "title": "Chương 2: Các nước Âu- Mĩ (Từ đầu thế kỉ XIX đến đầu thế kỉ XX)",
        "url": "de-kiem-tra-lop-10_de-kiem-tra-1-tiet-su-10-chuong-2-phan-3",
        "level": 2
    },
    {
        "type": "category",
        "title": "Đề kiểm tra 1 tiết Sử 10 Chương 2 (Phần 3 - Đề 1)",
        "url": "de-kiem-tra-lop-10_de-kiem-tra-1-tiet-su-10-chuong-2-phan-3-de-1",
        "level": 3
    },
    {
        "type": "category",
        "title": "Đề kiểm tra 1 tiết Sử 10 Chương 2 (Phần 3 - Đề 2)",
        "url": "de-kiem-tra-lop-10_de-kiem-tra-1-tiet-su-10-chuong-2-phan-3-de-2",
        "level": 3
    },
    {
        "type": "category",
        "title": "Đề kiểm tra 1 tiết Sử 10 Chương 2 (Phần 3 - Đề 3)",
        "url": "de-kiem-tra-lop-10_de-kiem-tra-1-tiet-su-10-chuong-2-phan-3-de-3",
        "level": 3
    },
    {
        "type": "category",
        "title": "Đề kiểm tra 1 tiết Sử 10 Chương 2 (Phần 3 - Đề 4)",
        "url": "de-kiem-tra-lop-10_de-kiem-tra-1-tiet-su-10-chuong-2-phan-3-de-4",
        "level": 3
    },
    {
        "type": "category",
        "title": "Chương 3: Phong trào công nhân Từ đầu thế kỉ XIX đến đầu thế kỉ XX",
        "url": "de-kiem-tra-lop-10_de-kiem-tra-1-tiet-su-10-chuong-3-phan-3",
        "level": 2
    },
    {
        "type": "category",
        "title": "Đề kiểm tra 1 tiết Sử 10 Chương 3 (Phần 3 - Đề 1)",
        "url": "de-kiem-tra-lop-10_de-kiem-tra-1-tiet-su-10-chuong-3-phan-3-de-1",
        "level": 3
    },
    {
        "type": "category",
        "title": "Đề kiểm tra 1 tiết Sử 10 Chương 3 (Phần 3 - Đề 2)",
        "url": "de-kiem-tra-lop-10_de-kiem-tra-1-tiet-su-10-chuong-3-phan-3-de-2",
        "level": 3
    },
    {
        "type": "category",
        "title": "Đề kiểm tra 1 tiết Sử 10 Chương 3 (Phần 3 - Đề 3)",
        "url": "de-kiem-tra-lop-10_de-kiem-tra-1-tiet-su-10-chuong-3-phan-3-de-3",
        "level": 3
    },
    {
        "type": "category",
        "title": "Đề kiểm tra 1 tiết Sử 10 Chương 3 (Phần 3 - Đề 4)",
        "url": "de-kiem-tra-lop-10_de-kiem-tra-1-tiet-su-10-chuong-3-phan-3-de-4",
        "level": 3
    }
]