[
    {
        "type": "category",
        "title": "Trả lời câu hỏi Sinh 10 Bài 6 trang 27: Quan sát hình 6.1 và mô tả cấu trúc của ...",
        "url": "giai-bai-tap-sinh-hoc-10_tra-loi-cau-hoi-sinh-10-bai-6-trang-27",
        "level": 0
    },
    {
        "type": "category",
        "title": "Trả lời câu hỏi Sinh 10 Bài 6 trang 28: Hãy cho biết các đặc điểm cấu trúc của ... Có bao nhiêu loại phân tử ARN và người ....",
        "url": "giai-bai-tap-sinh-hoc-10_tra-loi-cau-hoi-sinh-10-bai-6-trang-28",
        "level": 0
    },
    {
        "type": "category",
        "title": "Bài 1 (trang 30 SGK Sinh 10): Nêu sự khác biệt về cấu trúc giữa....",
        "url": "giai-bai-tap-sinh-hoc-10_bai-1-trang-30-sgk-sinh-hoc-10",
        "level": 0
    },
    {
        "type": "category",
        "title": "Bài 2 (trang 30 SGK Sinh 10): Nếu phân tử ADN có cấu trúc...",
        "url": "giai-bai-tap-sinh-hoc-10_bai-2-trang-30-sgk-sinh-hoc-10",
        "level": 0
    },
    {
        "type": "category",
        "title": "Bài 3 (trang 30 SGK Sinh 10): Trong tế bào thường có các enzim...",
        "url": "giai-bai-tap-sinh-hoc-10_bai-3-trang-30-sgk-sinh-hoc-10",
        "level": 0
    },
    {
        "type": "category",
        "title": "Bài 4 (trang 30 SGK Sinh 10): Tại sao chỉ có 4 loại nucleotit nhưng...",
        "url": "giai-bai-tap-sinh-hoc-10_bai-4-trang-30-sgk-sinh-hoc-10",
        "level": 0
    }
]