[
    {
        "type": "category",
        "title": "Trả lời câu hỏi Sinh 10 Bài 32 trang 126: Dựa vào các con đường lây nhiễm, muốn phòng tránh bệnh do virut  ...",
        "url": "giai-bai-tap-sinh-hoc-10_tra-loi-cau-hoi-sinh-10-bai-32-trang-126",
        "level": 0
    },
    {
        "type": "category",
        "title": "Trả lời câu hỏi Sinh 10 Bài 32 trang 127: Xung quanh ta có rất nhiều các vi sinh vật gây bệnh ...",
        "url": "giai-bai-tap-sinh-hoc-10_tra-loi-cau-hoi-sinh-10-bai-32-trang-127",
        "level": 0
    },
    {
        "type": "category",
        "title": "Bài 1 (trang 128 SGK Sinh 10): Thế nào là bệnh truyền nhiễm? ...",
        "url": "giai-bai-tap-sinh-hoc-10_bai-1-trang-128-sgk-sinh-hoc-10",
        "level": 0
    },
    {
        "type": "category",
        "title": "Bài 2 (trang 128 SGK Sinh 10): Thế nào là miễn dịch đặc hiệu, ...",
        "url": "giai-bai-tap-sinh-hoc-10_bai-2-trang-128-sgk-sinh-hoc-10",
        "level": 0
    },
    {
        "type": "category",
        "title": "Bài 3 (trang 128 SGK Sinh 10): Hãy phân biệt miễn dịch thể dịch ...",
        "url": "giai-bai-tap-sinh-hoc-10_bai-3-trang-128-sgk-sinh-hoc-10",
        "level": 0
    }
]