[
    {
        "type": "category",
        "title": "Trả lời câu hỏi Sinh 10 Bài 1 trang 6: Quan sát hình 3.2 và cho biết hậu quả ...",
        "url": "giai-bai-tap-sinh-hoc-10_tra-loi-cau-hoi-sinh-10-bai-1-trang-6",
        "level": 0
    },
    {
        "type": "category",
        "title": "Bài 1 (trang 9 SGK Sinh 10): Thế giới sống được tổ chức...",
        "url": "giai-bai-tap-sinh-hoc-10_bai-1-trang-9-sgk-sinh-hoc-10",
        "level": 0
    },
    {
        "type": "category",
        "title": "Bài 2 (trang 9 SGK Sinh 10): Đặc tính nổi trội của các cấp...",
        "url": "giai-bai-tap-sinh-hoc-10_bai-2-trang-9-sgk-sinh-hoc-10",
        "level": 0
    },
    {
        "type": "category",
        "title": "Bài 3 (trang 9 SGK Sinh 10): Nêu một số ví dụ về khả năng...",
        "url": "giai-bai-tap-sinh-hoc-10_bai-3-trang-9-sgk-sinh-hoc-10",
        "level": 0
    },
    {
        "type": "category",
        "title": "Bài 4 (trang 9 SGK Sinh 10): Hãy chọn câu trả lời đúng nêu...",
        "url": "giai-bai-tap-sinh-hoc-10_bai-4-trang-9-sgk-sinh-hoc-10",
        "level": 0
    }
]