[
    {
        "type": "category",
        "title": "Trả lời câu hỏi Sinh 10 Bài 27 trang 106: Vì sao có thể dùng vi sinh vật khuyết dưỡng (Ví dụ E.coli triptôphan âm)  ...",
        "url": "giai-bai-tap-sinh-hoc-10_tra-loi-cau-hoi-sinh-10-bai-27-trang-106",
        "level": 0
    },
    {
        "type": "category",
        "title": "Trả lời câu hỏi Sinh 10 Bài 27 trang 107: - Hãy kể tên những chất diệt khuẩn thường dùng  ...",
        "url": "giai-bai-tap-sinh-hoc-10_tra-loi-cau-hoi-sinh-10-bai-27-trang-107",
        "level": 0
    },
    {
        "type": "category",
        "title": "Bài 1 (trang 108 SGK Sinh 10): Một chủng tụ cầu vàng (Staphylococcus aureus) ...",
        "url": "giai-bai-tap-sinh-hoc-10_bai-1-trang-108-sgk-sinh-hoc-10",
        "level": 0
    },
    {
        "type": "category",
        "title": "Bài 2 (trang 109 SGK Sinh 10): Vi khuẩn lactic (Lactobacillus arabinosus) ...",
        "url": "giai-bai-tap-sinh-hoc-10_bai-2-trang-109-sgk-sinh-hoc-10",
        "level": 0
    },
    {
        "type": "category",
        "title": "Bài 3 (trang 109 SGK Sinh 10): Vì sao nên đun sôi lại thức ăn còn ...",
        "url": "giai-bai-tap-sinh-hoc-10_bai-3-trang-109-sgk-sinh-hoc-10",
        "level": 0
    }
]