[
    {
        "type": "category",
        "title": "Bài 1 (trang 13 SGK Sinh 10): Hãy đánh dấu + vào ô ▭ chỉ câu...",
        "url": "giai-bai-tap-sinh-hoc-10_bai-1-trang-13-sgk-sinh-hoc-10",
        "level": 0
    },
    {
        "type": "category",
        "title": "Bài 2 (trang 13 SGK Sinh 10): Hãy trình bày đặc điểm chính của...",
        "url": "giai-bai-tap-sinh-hoc-10_bai-2-trang-13-sgk-sinh-hoc-10",
        "level": 0
    },
    {
        "type": "category",
        "title": "Bài 3 (trang 13 SGK Sinh 10): Hãy đánh dấu + vào ô ▭ chỉ câu...",
        "url": "giai-bai-tap-sinh-hoc-10_bai-3-trang-13-sgk-sinh-hoc-10",
        "level": 0
    }
]