[
    {
        "type": "category",
        "title": "Trả lời câu hỏi Sinh 10 Bài 3 trang 17: Quan sát hình 3.2 và cho biết hậu quả ...",
        "url": "giai-bai-tap-sinh-hoc-10_tra-loi-cau-hoi-sinh-10-bai-3-trang-17",
        "level": 0
    },
    {
        "type": "category",
        "title": "Bài 1 (trang 18 SGK Sinh 10): Các nguyên tố vi lượng có vai trò...",
        "url": "giai-bai-tap-sinh-hoc-10_bai-1-trang-18-sgk-sinh-hoc-10",
        "level": 0
    },
    {
        "type": "category",
        "title": "Bài 2 (trang 18 SGK Sinh 10): Tại sao khi tìm kiếm sự sống ở các...",
        "url": "giai-bai-tap-sinh-hoc-10_bai-2-trang-18-sgk-sinh-hoc-10",
        "level": 0
    },
    {
        "type": "category",
        "title": "Bài 3 (trang 18 SGK Sinh 10): Trình bày cấu trúc hóa học của nước...",
        "url": "giai-bai-tap-sinh-hoc-10_bai-3-trang-18-sgk-sinh-hoc-10",
        "level": 0
    }
]