[
    {
        "type": "category",
        "title": "Trả lời câu hỏi Sinh 10 Bài 4 trang 19: Hãy kể tên các loại đường mà em biết ...",
        "url": "giai-bai-tap-sinh-hoc-10_tra-loi-cau-hoi-sinh-10-bai-4-trang-19",
        "level": 0
    },
    {
        "type": "category",
        "title": "Bài 1 (trang 22 SGK Sinh 10): Thuật ngữ nào dưới đây bao gồm...",
        "url": "giai-bai-tap-sinh-hoc-10_bai-1-trang-22-sgk-sinh-hoc-10",
        "level": 0
    },
    {
        "type": "category",
        "title": "Bài 2 (trang 22 SGK Sinh 10): Nêu cấu trúc và chức năng của...",
        "url": "giai-bai-tap-sinh-hoc-10_bai-2-trang-22-sgk-sinh-hoc-10",
        "level": 0
    },
    {
        "type": "category",
        "title": "Bài 3 (trang 22 SGK Sinh 10): Nêu và cho biết chức năng của các...",
        "url": "giai-bai-tap-sinh-hoc-10_bai-3-trang-22-sgk-sinh-hoc-10",
        "level": 0
    }
]