[
    {
        "type": "category",
        "title": "Trả lời câu hỏi Sinh 10 Bài 29 trang 117: - Em hãy giải thích tại sao virut phân lập được không phải là chủng B? ...",
        "url": "giai-bai-tap-sinh-hoc-10_tra-loi-cau-hoi-sinh-10-bai-29-trang-117",
        "level": 0
    },
    {
        "type": "category",
        "title": "Bài 1 (trang 118 SGK Sinh 10): Hãy giải thích các thuật ngữ ...",
        "url": "giai-bai-tap-sinh-hoc-10_bai-1-trang-118-sgk-sinh-hoc-10",
        "level": 0
    },
    {
        "type": "category",
        "title": "Bài 2 (trang 118 SGK Sinh 10): Nêu ba đặc điểm cơ bản của virut.",
        "url": "giai-bai-tap-sinh-hoc-10_bai-2-trang-118-sgk-sinh-hoc-10",
        "level": 0
    },
    {
        "type": "category",
        "title": "Bài 3 (trang 118 SGK Sinh 10): Dựa theo hình 29.3, nếu trộn ...",
        "url": "giai-bai-tap-sinh-hoc-10_bai-3-trang-118-sgk-sinh-hoc-10",
        "level": 0
    }
]