[
    {
        "type": "category",
        "title": "Trả lời câu hỏi Sinh 10 Bài 18 trang 74: Dựa vào hình 18.2, hãy giải thích do đâu nguyên phân  ...",
        "url": "giai-bai-tap-sinh-hoc-10_tra-loi-cau-hoi-sinh-10-bai-18-trang-74",
        "level": 0
    },
    {
        "type": "category",
        "title": "Bài 1 (trang 75 SGK Sinh 10): Chu kì tế bào gồm những ...",
        "url": "giai-bai-tap-sinh-hoc-10_bai-1-trang-75-sgk-sinh-hoc-10",
        "level": 0
    },
    {
        "type": "category",
        "title": "Bài 2 (trang 75 SGK Sinh 10): Tại sao các NST phải co xoắn ...",
        "url": "giai-bai-tap-sinh-hoc-10_bai-2-trang-75-sgk-sinh-hoc-10",
        "level": 0
    },
    {
        "type": "category",
        "title": "Bài 3 (trang 75 SGK Sinh 10): Điều gì sẽ xảy ra nếu nếu ở kì ...",
        "url": "giai-bai-tap-sinh-hoc-10_bai-3-trang-75-sgk-sinh-hoc-10",
        "level": 0
    },
    {
        "type": "category",
        "title": "Bài 4 (trang 75 SGK Sinh 10): Nêu ý nghĩa của nguyên phân.",
        "url": "giai-bai-tap-sinh-hoc-10_bai-4-trang-75-sgk-sinh-hoc-10",
        "level": 0
    }
]