[
    {
        "type": "category",
        "title": "Trả lời câu hỏi Sinh 10 Bài 22 trang 89: Căn cứ vào nguồn năng lượng, nguồn cacbon, vi sinh vật quang  ...",
        "url": "giai-bai-tap-sinh-hoc-10_tra-loi-cau-hoi-sinh-10-bai-22-trang-89",
        "level": 0
    },
    {
        "type": "category",
        "title": "Trả lời câu hỏi Sinh 10 Bài 22 trang 90: Hãy lấy ví dụ về vi sinh vật cho từng loại hô hấp ...",
        "url": "giai-bai-tap-sinh-hoc-10_tra-loi-cau-hoi-sinh-10-bai-22-trang-90",
        "level": 0
    },
    {
        "type": "category",
        "title": "Bài 1 (trang 91 SGK Sinh 10): Cho các ví dụ về môi trường tự nhiên ...",
        "url": "giai-bai-tap-sinh-hoc-10_bai-1-trang-91-sgk-sinh-hoc-10",
        "level": 0
    },
    {
        "type": "category",
        "title": "Bài 2 (trang 91 SGK Sinh 10): Nêu những tiêu chí cơ bản để ...",
        "url": "giai-bai-tap-sinh-hoc-10_bai-2-trang-91-sgk-sinh-hoc-10",
        "level": 0
    },
    {
        "type": "category",
        "title": "Bài 3 (trang 91 SGK Sinh 10): Khi có ánh sáng và giàu CO2, ...",
        "url": "giai-bai-tap-sinh-hoc-10_bai-3-trang-91-sgk-sinh-hoc-10",
        "level": 0
    }
]