[
    {
        "type": "category",
        "title": "Trả lời câu hỏi Sinh 10 Bài 14 trang 57: Tại sao cơ thể người có thể tiêu hóa ...",
        "url": "giai-bai-tap-sinh-hoc-10_tra-loi-cau-hoi-sinh-10-bai-14-trang-57",
        "level": 0
    },
    {
        "type": "category",
        "title": "Trả lời câu hỏi Sinh 10 Bài 14 trang 59: Sơ đồ dưới đây mô tả các con đường ...",
        "url": "giai-bai-tap-sinh-hoc-10_tra-loi-cau-hoi-sinh-10-bai-14-trang-59",
        "level": 0
    },
    {
        "type": "category",
        "title": "Bài 1 (trang 59 SGK Sinh 10): Nêu cấu trúc và cơ chế tác động...",
        "url": "giai-bai-tap-sinh-hoc-10_bai-1-trang-59-sgk-sinh-hoc-10",
        "level": 0
    },
    {
        "type": "category",
        "title": "Bài 2 (trang 59 SGK Sinh 10): Tại sao khi tăng nhiệt độ lên quá cao...",
        "url": "giai-bai-tap-sinh-hoc-10_bai-2-trang-59-sgk-sinh-hoc-10",
        "level": 0
    },
    {
        "type": "category",
        "title": "Bài 3 (trang 59 SGK Sinh 10): Tế bào nhân thực có các bào quan có...",
        "url": "giai-bai-tap-sinh-hoc-10_bai-3-trang-59-sgk-sinh-hoc-10",
        "level": 0
    },
    {
        "type": "category",
        "title": "Bài 4 (trang 59 SGK Sinh 10): Tế bào có thể tự điều chỉnh quá trình...",
        "url": "giai-bai-tap-sinh-hoc-10_bai-4-trang-59-sgk-sinh-hoc-10",
        "level": 0
    }
]