[
    {
        "type": "category",
        "title": "Trả lời câu hỏi Sinh 10 Bài 19 trang 78: Quan sát hình 19.1 và giải thích tại sao giảm phân ...",
        "url": "giai-bai-tap-sinh-hoc-10_tra-loi-cau-hoi-sinh-10-bai-19-trang-78",
        "level": 0
    },
    {
        "type": "category",
        "title": "Bài 1 (trang 80 SGK Sinh 10): Mô tả tóm tắt diễn biến các kì ...",
        "url": "giai-bai-tap-sinh-hoc-10_bai-1-trang-80-sgk-sinh-hoc-10",
        "level": 0
    },
    {
        "type": "category",
        "title": "Bài 2 (trang 80 SGK Sinh 10): Hiện tượng các NST tương đồng ...",
        "url": "giai-bai-tap-sinh-hoc-10_bai-2-trang-80-sgk-sinh-hoc-10",
        "level": 0
    },
    {
        "type": "category",
        "title": "Bài 3 (trang 80 SGK Sinh 10): Nêu sự khác biệt giữa nguyên phân ...",
        "url": "giai-bai-tap-sinh-hoc-10_bai-3-trang-80-sgk-sinh-hoc-10",
        "level": 0
    },
    {
        "type": "category",
        "title": "Bài 4 (trang 80 SGK Sinh 10): Nêu ý nghĩa của quá trình giảm phân.",
        "url": "giai-bai-tap-sinh-hoc-10_bai-4-trang-80-sgk-sinh-hoc-10",
        "level": 0
    }
]