[
    {
        "type": "category",
        "title": "Trả lời câu hỏi Sinh 10 Bài 16 trang 64: Tại sao, tế bào không sử dụng luôn năng ...",
        "url": "giai-bai-tap-sinh-hoc-10_tra-loi-cau-hoi-sinh-10-bai-16-trang-64",
        "level": 0
    },
    {
        "type": "category",
        "title": "Trả lời câu hỏi Sinh 10 Bài 16 trang 65: Qua quá trình đường phân và chu trình ...",
        "url": "giai-bai-tap-sinh-hoc-10_tra-loi-cau-hoi-sinh-10-bai-16-trang-65",
        "level": 0
    },
    {
        "type": "category",
        "title": "Bài 1 (trang 66 SGK Sinh 10): Thế nào là hô hấp tế bào? Quá trình...",
        "url": "giai-bai-tap-sinh-hoc-10_bai-1-trang-66-sgk-sinh-hoc-10",
        "level": 0
    },
    {
        "type": "category",
        "title": "Bài 2 (trang 66 SGK Sinh 10): Hô hấp tế bào có thể được chia...",
        "url": "giai-bai-tap-sinh-hoc-10_bai-2-trang-66-sgk-sinh-hoc-10",
        "level": 0
    },
    {
        "type": "category",
        "title": "Bài 3 (trang 66 SGK Sinh 10): Quá trình hô hấp tế bào của một...",
        "url": "giai-bai-tap-sinh-hoc-10_bai-3-trang-66-sgk-sinh-hoc-10",
        "level": 0
    }
]