[
    {
        "type": "category",
        "title": "Phần 1: Giới thiệu chung về thế giới sống",
        "url": "giai-bai-tap-sinh-hoc-10_phan-mot-gioi-thieu-chung-ve-the-gioi-song",
        "level": 0
    },
    {
        "type": "category",
        "title": "Bài 1: Các cấp tổ chức của thế giới sống",
        "url": "giai-bai-tap-sinh-hoc-10_cac-cap-to-chuc-cua-the-gioi-song",
        "level": 2
    },
    {
        "type": "category",
        "title": "Bài 2: Các giới sinh vật",
        "url": "giai-bai-tap-sinh-hoc-10_cac-gioi-sinh-vat",
        "level": 2
    },
    {
        "type": "category",
        "title": "Phần 2: Sinh học tế bào",
        "url": "giai-bai-tap-sinh-hoc-10_phan-hai-sinh-hoc-te-bao",
        "level": 0
    },
    {
        "type": "category",
        "title": "Chương 1: Thành phần hóa học của tế bào",
        "url": "giai-bai-tap-sinh-hoc-10_chuong-1-thanh-phan-hoa-hoc-cua-te-bao",
        "level": 1
    },
    {
        "type": "category",
        "title": "Bài 3: Các nguyên tố hóa học và nước",
        "url": "giai-bai-tap-sinh-hoc-10_cac-nguyen-to-hoa-hoc-va-nuoc",
        "level": 2
    },
    {
        "type": "category",
        "title": "Bài 4: Cacbohiđrat và lipit",
        "url": "giai-bai-tap-sinh-hoc-10_cacbohidrat-va-lipit",
        "level": 2
    },
    {
        "type": "category",
        "title": "Bài 5: Protêin",
        "url": "giai-bai-tap-sinh-hoc-10_protein",
        "level": 2
    },
    {
        "type": "category",
        "title": "Bài 6: Axit nuclêic",
        "url": "giai-bai-tap-sinh-hoc-10_axit-nucleic",
        "level": 2
    },
    {
        "type": "category",
        "title": "Chương 2: Cấu trúc của tế bào",
        "url": "giai-bai-tap-sinh-hoc-10_chuong-2-cau-truc-cua-te-bao",
        "level": 1
    },
    {
        "type": "category",
        "title": "Bài 7: Tế bào nhân sơ",
        "url": "giai-bai-tap-sinh-hoc-10_te-bao-nhan-so",
        "level": 2
    },
    {
        "type": "category",
        "title": "Bài 8: Tế bào nhân thực",
        "url": "giai-bai-tap-sinh-hoc-10_te-bao-nhan-thuc",
        "level": 2
    },
    {
        "type": "category",
        "title": "Bài 9: Tế bào nhân thực (tiếp theo)",
        "url": "giai-bai-tap-sinh-hoc-10_te-bao-nhan-thuc-tiep-theo",
        "level": 2
    },
    {
        "type": "category",
        "title": "Bài 10: Tế bào nhân thực (tiếp theo)",
        "url": "giai-bai-tap-sinh-hoc-10_te-bao-nhan-thuc-tiep-theo-1",
        "level": 2
    },
    {
        "type": "category",
        "title": "Bài 11: Vận chuyển các chất qua màng sinh chất",
        "url": "giai-bai-tap-sinh-hoc-10_van-chuyen-cac-chat-qua-mang-sinh-chat",
        "level": 2
    },
    {
        "type": "category",
        "title": "Bài 12: Thực hành: Thí nghiệm co và phản co nguyên sinh",
        "url": "giai-bai-tap-sinh-hoc-10_thuc-hanh-thi-nghiem-co-va-phan-co-nguyen-sinh",
        "level": 2
    },
    {
        "type": "category",
        "title": "Chương 3: Chuyển hóa vật chất và năng lượng trong tế bào",
        "url": "giai-bai-tap-sinh-hoc-10_chuong-3-chuyen-hoa-vat-chat-va-nang-luong-trong-te-bao",
        "level": 1
    },
    {
        "type": "category",
        "title": "Bài 13: Khái quát về năng lượng và chuyển hóa vật chất",
        "url": "giai-bai-tap-sinh-hoc-10_khai-quat-ve-nang-luong-va-chuyen-hoa-vat-chat",
        "level": 2
    },
    {
        "type": "category",
        "title": "Bài 14: Enzim và vai trò của enzim trong quá trình chuyển hóa vật chất",
        "url": "giai-bai-tap-sinh-hoc-10_enzim-va-vai-tro-cua-enzim-trong-qua-trinh-chuyen-hoa-vat-chat",
        "level": 2
    },
    {
        "type": "category",
        "title": "Bài 15: Thực hành: Một số thí nghiệm về enzim",
        "url": "giai-bai-tap-sinh-hoc-10_thuc-hanh-mot-so-thi-nghiem-ve-enzim",
        "level": 2
    },
    {
        "type": "category",
        "title": "Bài 16: Hô hấp tế bào",
        "url": "giai-bai-tap-sinh-hoc-10_ho-hap-te-bao",
        "level": 2
    },
    {
        "type": "category",
        "title": "Bài 17: Quang hợp",
        "url": "giai-bai-tap-sinh-hoc-10_quang-hop",
        "level": 2
    },
    {
        "type": "category",
        "title": "Chương 4: Phân bào",
        "url": "giai-bai-tap-sinh-hoc-10_chuong-4-phan-bao",
        "level": 1
    },
    {
        "type": "category",
        "title": "Bài 18: Chu kì tế bào và quá trình nguyên phân",
        "url": "giai-bai-tap-sinh-hoc-10_chu-ki-te-bao-va-qua-trinh-nguyen-phan",
        "level": 2
    },
    {
        "type": "category",
        "title": "Bài 19: Giảm phân",
        "url": "giai-bai-tap-sinh-hoc-10_giam-phan",
        "level": 2
    },
    {
        "type": "category",
        "title": "Bài 20: Thực hành: Quan sát các kì của nguyên phân trên tiêu bản rễ hành",
        "url": "giai-bai-tap-sinh-hoc-10_thuc-hanh-quan-sat-cac-ki-cua-nguyen-phan-tren-tieu-ban-re-hanh",
        "level": 2
    },
    {
        "type": "category",
        "title": "Bài 21: Ôn tập phần sinh học tế bào",
        "url": "giai-bai-tap-sinh-hoc-10_on-tap-phan-sinh-hoc-te-bao",
        "level": 2
    },
    {
        "type": "category",
        "title": "Phần 3: Sinh học vi sinh vật",
        "url": "giai-bai-tap-sinh-hoc-10_phan-ba-sinh-hoc-vi-sinh-vat",
        "level": 0
    },
    {
        "type": "category",
        "title": "Chương 1: Chuyển hóa vật chất và năng lượng ở vi sinh vật",
        "url": "giai-bai-tap-sinh-hoc-10_chuong-1-chuyen-hoa-vat-chat-va-nang-luong-o-vi-sinh-vat",
        "level": 1
    },
    {
        "type": "category",
        "title": "Bài 22: Dinh dưỡng, chuyển hóa vật chất và năng lượng ở vi sinh vật",
        "url": "giai-bai-tap-sinh-hoc-10_dinh-duong-chuyen-hoa-vat-chat-va-nang-luong-o-vi-sinh-vat",
        "level": 2
    },
    {
        "type": "category",
        "title": "Bài 23: Quá trình tổng hợp và phân giải các chất ở vi sinh vật",
        "url": "giai-bai-tap-sinh-hoc-10_qua-trinh-tong-hop-va-phan-giai-cac-chat-o-vi-sinh-vat",
        "level": 2
    },
    {
        "type": "category",
        "title": "Bài 24: Thực hành: Lên men êtilic và lactic",
        "url": "giai-bai-tap-sinh-hoc-10_thuc-hanh-len-men-etilic-va-lactic",
        "level": 2
    },
    {
        "type": "category",
        "title": "Chương 2: Sinh trưởng và sinh sản của vi sinh vật",
        "url": "giai-bai-tap-sinh-hoc-10_chuong-2-sinh-truong-va-sinh-san-cua-vi-sinh-vat",
        "level": 1
    },
    {
        "type": "category",
        "title": "Bài 25: Sinh trưởng của vi sinh vật",
        "url": "giai-bai-tap-sinh-hoc-10_sinh-truong-cua-vi-sinh-vat",
        "level": 2
    },
    {
        "type": "category",
        "title": "Bài 26: Sinh sản của vi sinh vật",
        "url": "giai-bai-tap-sinh-hoc-10_sinh-san-cua-vi-sinh-vat",
        "level": 2
    },
    {
        "type": "category",
        "title": "Bài 27: Các yếu tố ảnh hưởng đến sinh trưởng của vi sinh vật",
        "url": "giai-bai-tap-sinh-hoc-10_cac-yeu-to-anh-huong-den-sinh-truong-cua-vi-sinh-vat",
        "level": 2
    },
    {
        "type": "category",
        "title": "Bài 28: Thực hành: Quan sát một số vi sinh vật",
        "url": "giai-bai-tap-sinh-hoc-10_thuc-hanh-quan-sat-mot-so-vi-sinh-vat",
        "level": 2
    },
    {
        "type": "category",
        "title": "Chương 3: Virut và bệnh truyền nhiễm",
        "url": "giai-bai-tap-sinh-hoc-10_chuong-3-virut-va-benh-truyen-nhiem",
        "level": 1
    },
    {
        "type": "category",
        "title": "Bài 29: Cấu trúc của các loại virut",
        "url": "giai-bai-tap-sinh-hoc-10_cau-truc-cua-cac-loai-virut",
        "level": 2
    },
    {
        "type": "category",
        "title": "Bài 30: Sự nhân lên của virut trong tế bào chủ ",
        "url": "giai-bai-tap-sinh-hoc-10_su-nhan-len-cua-virut-trong-te-bao-chu",
        "level": 2
    },
    {
        "type": "category",
        "title": "Bài 31: Virut gây bệnh, ứng dụng của virut trong thực tiễn",
        "url": "giai-bai-tap-sinh-hoc-10_virut-gay-benh-ung-dung-cua-virut-trong-thuc-tien",
        "level": 2
    },
    {
        "type": "category",
        "title": "Bài 32: Bệnh truyền nhiễm và miễn dịch",
        "url": "giai-bai-tap-sinh-hoc-10_benh-truyen-nhiem-va-mien-dich",
        "level": 2
    },
    {
        "type": "category",
        "title": "Bài 33: Ôn tập phần sinh học vi sinh vật ",
        "url": "giai-bai-tap-sinh-hoc-10_on-tap-phan-sinh-hoc-vi-sinh-vat",
        "level": 2
    }
]