[
    {
        "type": "category",
        "title": "Trả lời câu hỏi Sinh 10 Bài 13 trang 53: Nêu ví dụ về dạng năng lượng trong ...",
        "url": "giai-bai-tap-sinh-hoc-10_tra-loi-cau-hoi-sinh-10-bai-13-trang-53",
        "level": 0
    },
    {
        "type": "category",
        "title": "Bài 1 (trang 56 SGK Sinh 10): Thế nào là năng lượng?",
        "url": "giai-bai-tap-sinh-hoc-10_bai-1-trang-56-sgk-sinh-hoc-10",
        "level": 0
    },
    {
        "type": "category",
        "title": "Bài 2 (trang 56 SGK Sinh 10): Năng lượng được tích trữ trong...",
        "url": "giai-bai-tap-sinh-hoc-10_bai-2-trang-56-sgk-sinh-hoc-10",
        "level": 0
    },
    {
        "type": "category",
        "title": "Bài 3 (trang 56 SGK Sinh 10): Trình bày cấu trúc hóa học và...",
        "url": "giai-bai-tap-sinh-hoc-10_bai-3-trang-56-sgk-sinh-hoc-10",
        "level": 0
    },
    {
        "type": "category",
        "title": "Bài 4 (trang 56 SGK Sinh 10): Giải thích khái niệm chuyển hóa...",
        "url": "giai-bai-tap-sinh-hoc-10_bai-4-trang-56-sgk-sinh-hoc-10",
        "level": 0
    }
]