[
    {
        "type": "category",
        "title": "Bài 1 (trang 129 SGK Sinh 10): Các kiểu dinh dưỡng của vi sinh vật ...",
        "url": "giai-bai-tap-sinh-hoc-10_bai-1-trang-129-sgk-sinh-hoc-10",
        "level": 0
    },
    {
        "type": "category",
        "title": "Bài 3 (trang 129 SGK Sinh 10): Hãy điền những ví dụ đại diện ...",
        "url": "giai-bai-tap-sinh-hoc-10_bai-3-trang-129-sgk-sinh-hoc-10",
        "level": 0
    },
    {
        "type": "category",
        "title": "Bài 1 (trang 130 SGK Sinh 10): Giải thích các pha đường cong ...",
        "url": "giai-bai-tap-sinh-hoc-10_bai-1-trang-130-sgk-sinh-hoc-10-2",
        "level": 0
    },
    {
        "type": "category",
        "title": "Bài 2 (trang 130 SGK Sinh 10): Em hãy thử nêu các môi trường ...",
        "url": "giai-bai-tap-sinh-hoc-10_bai-2-trang-130-sgk-sinh-hoc-10-2",
        "level": 0
    },
    {
        "type": "category",
        "title": "Bài 1 (trang 130 SGK Sinh 10): Vi khuẩn có thể hình thành ...",
        "url": "giai-bai-tap-sinh-hoc-10_bai-1-trang-130-sgk-sinh-hoc-10-3",
        "level": 0
    },
    {
        "type": "category",
        "title": "Bài 2 (trang 130 SGK Sinh 10): Nêu ví dụ ứng dụng sự sinh sản ...",
        "url": "giai-bai-tap-sinh-hoc-10_bai-2-trang-130-sgk-sinh-hoc-10-3",
        "level": 0
    },
    {
        "type": "category",
        "title": "Bài 1 (trang 130 SGK Sinh 10): Đường dùng để nuôi cấy ...",
        "url": "giai-bai-tap-sinh-hoc-10_bai-1-trang-130-sgk-sinh-hoc-10-4",
        "level": 0
    },
    {
        "type": "category",
        "title": "Bài 2 (trang 130 SGK Sinh 10): Hãy lấy những ví dụ về các yếu tố ...",
        "url": "giai-bai-tap-sinh-hoc-10_bai-2-trang-130-sgk-sinh-hoc-10-4",
        "level": 0
    },
    {
        "type": "category",
        "title": "Bài 1 (trang 131 SGK Sinh 10): Người ta nói virut nằm ở ranh giới ...",
        "url": "giai-bai-tap-sinh-hoc-10_bai-1-trang-131-sgk-sinh-hoc-10",
        "level": 0
    },
    {
        "type": "category",
        "title": "Bài 2 (trang 131 SGK Sinh 10): Điền nội dung phù hợp vào bảng ...",
        "url": "giai-bai-tap-sinh-hoc-10_bai-2-trang-131-sgk-sinh-hoc-10",
        "level": 0
    },
    {
        "type": "category",
        "title": "Bài 3 (trang 131 SGK Sinh 10): Cho sơ đồ sau ...",
        "url": "giai-bai-tap-sinh-hoc-10_bai-3-trang-131-sgk-sinh-hoc-10",
        "level": 0
    },
    {
        "type": "category",
        "title": "Bài 4 (trang 131 SGK Sinh 10): Điền vào chỗ trống thuật ngữ...",
        "url": "giai-bai-tap-sinh-hoc-10_bai-4-trang-131-sgk-sinh-hoc-10",
        "level": 0
    }
]