[
    {
        "type": "category",
        "title": "Trả lời câu hỏi Sinh 10 Bài 5 trang 25: Tại sao chúng ta cần ăn prôtêin từ các ...",
        "url": "giai-bai-tap-sinh-hoc-10_tra-loi-cau-hoi-sinh-10-bai-5-trang-25",
        "level": 0
    },
    {
        "type": "category",
        "title": "Bài 1 (trang 25 SGK Sinh 10): Nếu cấu trúc bậc 1 của protein ...",
        "url": "giai-bai-tap-sinh-hoc-10_bai-1-trang-25-sgk-sinh-hoc-10",
        "level": 0
    },
    {
        "type": "category",
        "title": "Bài 2 (trang 25 SGK Sinh 10): Nêu một vài loại protein trong...",
        "url": "giai-bai-tap-sinh-hoc-10_bai-2-trang-25-sgk-sinh-hoc-10",
        "level": 0
    },
    {
        "type": "category",
        "title": "Bài 3 (trang 25 SGK Sinh 10): Tơ nhện, tơ tằm, sừng trâu, tóc,...",
        "url": "giai-bai-tap-sinh-hoc-10_bai-3-trang-25-sgk-sinh-hoc-10",
        "level": 0
    }
]