[
    {
        "type": "category",
        "title": "Trả lời câu hỏi Sinh 10 Bài 23 trang 92: - Bình đựng nước thịt và bình đựng nước đường để lâu ngày, khi mở nắp ...",
        "url": "giai-bai-tap-sinh-hoc-10_tra-loi-cau-hoi-sinh-10-bai-23-trang-92",
        "level": 0
    },
    {
        "type": "category",
        "title": "Trả lời câu hỏi Sinh 10 Bài 23 trang 93: Em hãy kể những thực phẩm đã sử dụng ...",
        "url": "giai-bai-tap-sinh-hoc-10_tra-loi-cau-hoi-sinh-10-bai-23-trang-93",
        "level": 0
    },
    {
        "type": "category",
        "title": "Bài 1 (trang 94 SGK Sinh 10): Vi khuẩn lam tổng hợp prôtêin ...",
        "url": "giai-bai-tap-sinh-hoc-10_bai-1-trang-94-sgk-sinh-hoc-10",
        "level": 0
    },
    {
        "type": "category",
        "title": "Bài 2 (trang 94 SGK Sinh 10): Điền sự sai khác của hai quá trình ...",
        "url": "giai-bai-tap-sinh-hoc-10_bai-2-trang-94-sgk-sinh-hoc-10",
        "level": 0
    },
    {
        "type": "category",
        "title": "Bài 3 (trang 94 SGK Sinh 10): Tại sao khi để quả vải chín qua ...",
        "url": "giai-bai-tap-sinh-hoc-10_bai-3-trang-94-sgk-sinh-hoc-10",
        "level": 0
    }
]