[
    {
        "type": "category",
        "title": "Trả lời câu hỏi Sinh 10 Bài 17 trang 68: Theo em câu nói: “Pha tối của quang hợp ...",
        "url": "giai-bai-tap-sinh-hoc-10_tra-loi-cau-hoi-sinh-10-bai-17-trang-68",
        "level": 0
    },
    {
        "type": "category",
        "title": "Bài 1 (trang 70 SGK Sinh 10): Quang hợp được thực hiện ở những...",
        "url": "giai-bai-tap-sinh-hoc-10_bai-1-trang-70-sgk-sinh-hoc-10",
        "level": 0
    },
    {
        "type": "category",
        "title": "Bài 2 (trang 70 SGK Sinh 10): Quang hợp thường được chia...",
        "url": "giai-bai-tap-sinh-hoc-10_bai-2-trang-70-sgk-sinh-hoc-10",
        "level": 0
    },
    {
        "type": "category",
        "title": "Bài 3 (trang 70 SGK Sinh 10): Những phân tử nào chịu trách nhiệm...",
        "url": "giai-bai-tap-sinh-hoc-10_bai-3-trang-70-sgk-sinh-hoc-10",
        "level": 0
    },
    {
        "type": "category",
        "title": "Bài 4 (trang 70 SGK Sinh 10): Oxi được sinh ra từ chất nào và...",
        "url": "giai-bai-tap-sinh-hoc-10_bai-4-trang-70-sgk-sinh-hoc-10",
        "level": 0
    },
    {
        "type": "category",
        "title": "Bài 5 (trang 70 SGK Sinh 10): Ở thực vật, pha sáng của quá trình...",
        "url": "giai-bai-tap-sinh-hoc-10_bai-5-trang-70-sgk-sinh-hoc-10",
        "level": 0
    },
    {
        "type": "category",
        "title": "Bài 6 (trang 70 SGK Sinh 10): Pha tối của quang hợp diễn ra ở đâu? ...",
        "url": "giai-bai-tap-sinh-hoc-10_bai-6-trang-70-sgk-sinh-hoc-10",
        "level": 0
    }
]