[
    {
        "type": "category",
        "title": "Trả lời câu hỏi Sinh 10 Bài 25 trang 99: - Sau thời gian của một thế hệ, số tế bào trong quần thể  ...",
        "url": "giai-bai-tap-sinh-hoc-10_tra-loi-cau-hoi-sinh-10-bai-25-trang-99",
        "level": 0
    },
    {
        "type": "category",
        "title": "Trả lời câu hỏi Sinh 10 Bài 25 trang 100: Hãy tính số lần phân chia của E.coli  ...",
        "url": "giai-bai-tap-sinh-hoc-10_tra-loi-cau-hoi-sinh-10-bai-25-trang-100",
        "level": 0
    },
    {
        "type": "category",
        "title": "Trả lời câu hỏi Sinh 10 Bài 25 trang 101: Để thu được số lượng vi sinh vật tối đa ...",
        "url": "giai-bai-tap-sinh-hoc-10_tra-loi-cau-hoi-sinh-10-bai-25-trang-101",
        "level": 0
    },
    {
        "type": "category",
        "title": "Bài 1 (trang 101 SGK Sinh 10): Hãy nêu đặc điểm 4 pha ...",
        "url": "giai-bai-tap-sinh-hoc-10_bai-1-trang-101-sgk-sinh-hoc-10",
        "level": 0
    },
    {
        "type": "category",
        "title": "Bài 2 (trang 101 SGK Sinh 10): Vì sao, quá trình sinh trưởng ...",
        "url": "giai-bai-tap-sinh-hoc-10_bai-2-trang-101-sgk-sinh-hoc-10",
        "level": 0
    },
    {
        "type": "category",
        "title": "Bài 3 (trang 101 SGK Sinh 10): Vì sao, trong nuôi cấy không ...",
        "url": "giai-bai-tap-sinh-hoc-10_bai-3-trang-101-sgk-sinh-hoc-10",
        "level": 0
    }
]