[
    {
        "type": "category",
        "title": "Trả lời câu hỏi Sinh 10 Bài 26 trang 103: Vi khuẩn có thể sinh sản bằng hình thức nào? ...",
        "url": "giai-bai-tap-sinh-hoc-10_tra-loi-cau-hoi-sinh-10-bai-26-trang-103",
        "level": 0
    },
    {
        "type": "category",
        "title": "Bài 1 (trang 105 SGK Sinh 10): Vi khuẩn có thể hình thành các ...",
        "url": "giai-bai-tap-sinh-hoc-10_bai-1-trang-105-sgk-sinh-hoc-10",
        "level": 0
    },
    {
        "type": "category",
        "title": "Bài 2 (trang 105 SGK Sinh 10): Cho ví dụ về các bào tử sinh sản ...",
        "url": "giai-bai-tap-sinh-hoc-10_bai-2-trang-105-sgk-sinh-hoc-10",
        "level": 0
    },
    {
        "type": "category",
        "title": "Bài 3 (trang 105 SGK Sinh 10): Nếu không diệt hết nội bào tử, ...",
        "url": "giai-bai-tap-sinh-hoc-10_bai-3-trang-105-sgk-sinh-hoc-10",
        "level": 0
    }
]