[
    {
        "type": "category",
        "title": "Trả lời câu hỏi Sinh 10 Bài 30 trang 120: Vì sao mỗi loại virut chỉ có thể xâm nhập vào  ...",
        "url": "giai-bai-tap-sinh-hoc-10_tra-loi-cau-hoi-sinh-10-bai-30-trang-120",
        "level": 0
    },
    {
        "type": "category",
        "title": "Bài 1 (trang 121 SGK Sinh 10): Nêu 5 giai đoạn nhân lên của ...",
        "url": "giai-bai-tap-sinh-hoc-10_bai-1-trang-121-sgk-sinh-hoc-10",
        "level": 0
    },
    {
        "type": "category",
        "title": "Bài 2 (trang 121 SGK Sinh 10): HIV có thể lây nhiễm theo những ...",
        "url": "giai-bai-tap-sinh-hoc-10_bai-2-trang-121-sgk-sinh-hoc-10",
        "level": 0
    },
    {
        "type": "category",
        "title": "Bài 3 (trang 121 SGK Sinh 10): Thế nào là bệnh cơ hội và vi sinh ...",
        "url": "giai-bai-tap-sinh-hoc-10_bai-3-trang-121-sgk-sinh-hoc-10",
        "level": 0
    },
    {
        "type": "category",
        "title": "Bài 4 (trang 121 SGK Sinh 10): Tại sao lại nói HIV gây hội chứng ...",
        "url": "giai-bai-tap-sinh-hoc-10_bai-4-trang-121-sgk-sinh-hoc-10",
        "level": 0
    },
    {
        "type": "category",
        "title": "Bài 5 (trang 121 SGK Sinh 10): Cần phải có nhận thức và thái độ ...",
        "url": "giai-bai-tap-sinh-hoc-10_bai-5-trang-121-sgk-sinh-hoc-10",
        "level": 0
    }
]