[
    {
        "type": "category",
        "title": "Trả lời câu hỏi Sinh 10 Bài 9 trang 40: Tế bào nào trong các tế bào sau đây ...",
        "url": "giai-bai-tap-sinh-hoc-10_tra-loi-cau-hoi-sinh-10-bai-9-trang-40",
        "level": 0
    },
    {
        "type": "category",
        "title": "Trả lời câu hỏi Sinh 10 Bài 9 trang 41: Tại sao lá cây có màu xanh? Màu xanh ...",
        "url": "giai-bai-tap-sinh-hoc-10_tra-loi-cau-hoi-sinh-10-bai-9-trang-41",
        "level": 0
    },
    {
        "type": "category",
        "title": "Trả lời câu hỏi Sinh 10 Bài 9 trang 42: Tế bào cơ, tế bào hồng cầu, tế bào ...",
        "url": "giai-bai-tap-sinh-hoc-10_tra-loi-cau-hoi-sinh-10-bai-9-trang-42",
        "level": 0
    },
    {
        "type": "category",
        "title": "Bài 1 (trang 43 SGK Sinh 10): Trình bày cấu trúc và chức năng...",
        "url": "giai-bai-tap-sinh-hoc-10_bai-1-trang-43-sgk-sinh-hoc-10",
        "level": 0
    },
    {
        "type": "category",
        "title": "Bài 2 (trang 43 SGK Sinh 10): Nêu cấu trúc và chức năng của...",
        "url": "giai-bai-tap-sinh-hoc-10_bai-2-trang-43-sgk-sinh-hoc-10",
        "level": 0
    },
    {
        "type": "category",
        "title": "Bài 3 (trang 43 SGK Sinh 10): Nêu cấu trúc và chức năng của...",
        "url": "giai-bai-tap-sinh-hoc-10_bai-3-trang-43-sgk-sinh-hoc-10",
        "level": 0
    },
    {
        "type": "category",
        "title": "Bài 4 (trang 43 SGK Sinh 10): Nêu các chức năng của không bào.",
        "url": "giai-bai-tap-sinh-hoc-10_bai-4-trang-43-sgk-sinh-hoc-10",
        "level": 0
    }
]