[
    {
        "type": "category",
        "title": "Trả lời câu hỏi Sinh 10 Bài 7 trang 31: Kích thước nhỏ đem lại ưu thể gì cho ...",
        "url": "giai-bai-tap-sinh-hoc-10_tra-loi-cau-hoi-sinh-10-bai-7-trang-31",
        "level": 0
    },
    {
        "type": "category",
        "title": "Trả lời câu hỏi Sinh 10 Bài 7 trang 33: Nếu loại bỏ thành tế bào của các loại vi ...",
        "url": "giai-bai-tap-sinh-hoc-10_tra-loi-cau-hoi-sinh-10-bai-7-trang-33",
        "level": 0
    },
    {
        "type": "category",
        "title": "Bài 1 (trang 34 SGK Sinh 10): Thành tế bào vi khuẩn có chức năng gì?",
        "url": "giai-bai-tap-sinh-hoc-10_bai-1-trang-34-sgk-sinh-hoc-10",
        "level": 0
    },
    {
        "type": "category",
        "title": "Bài 2 (trang 34 SGK Sinh 10): Tế bào chất là gì?",
        "url": "giai-bai-tap-sinh-hoc-10_bai-2-trang-34-sgk-sinh-hoc-10",
        "level": 0
    },
    {
        "type": "category",
        "title": "Bài 3 (trang 34 SGK Sinh 10): Nêu chức năng của roi và lông ở...",
        "url": "giai-bai-tap-sinh-hoc-10_bai-3-trang-34-sgk-sinh-hoc-10",
        "level": 0
    },
    {
        "type": "category",
        "title": "Bài 4 (trang 34 SGK Sinh 10): Nêu vai trò của vùng nhân đối với...",
        "url": "giai-bai-tap-sinh-hoc-10_bai-4-trang-34-sgk-sinh-hoc-10",
        "level": 0
    },
    {
        "type": "category",
        "title": "Bài 5 (trang 34 SGK Sinh 10): Tế bào vi khuẩn có kích thước nhỏ...",
        "url": "giai-bai-tap-sinh-hoc-10_bai-5-trang-34-sgk-sinh-hoc-10",
        "level": 0
    }
]