[
    {
        "type": "category",
        "title": "Trả lời câu hỏi Sinh 10 Bài 8 trang 37: Một nhà khoa học đã tiến hành phá hủy ...",
        "url": "giai-bai-tap-sinh-hoc-10_tra-loi-cau-hoi-sinh-10-bai-8-trang-37",
        "level": 0
    },
    {
        "type": "category",
        "title": "Trả lời câu hỏi Sinh 10 Bài 8 trang 38: Dựa vào hình 8.2, hãy cho biết những ...",
        "url": "giai-bai-tap-sinh-hoc-10_tra-loi-cau-hoi-sinh-10-bai-8-trang-38",
        "level": 0
    },
    {
        "type": "category",
        "title": "Bài 1 (trang 39 SGK Sinh 10): Mô tả cấu trúc của nhân tế bào.",
        "url": "giai-bai-tap-sinh-hoc-10_bai-1-trang-39-sgk-sinh-hoc-10",
        "level": 0
    },
    {
        "type": "category",
        "title": "Bài 2 (trang 39 SGK Sinh 10): Nêu các chức năng của lưới...",
        "url": "giai-bai-tap-sinh-hoc-10_bai-2-trang-39-sgk-sinh-hoc-10",
        "level": 0
    },
    {
        "type": "category",
        "title": "Bài 3 (trang 39 SGK Sinh 10): Trình bày cấu trúc và chức năng...",
        "url": "giai-bai-tap-sinh-hoc-10_bai-3-trang-39-sgk-sinh-hoc-10",
        "level": 0
    },
    {
        "type": "category",
        "title": "Bài 4 (trang 39 SGK Sinh 10): Trong cơ thể, tế bào nào sau đây có...",
        "url": "giai-bai-tap-sinh-hoc-10_bai-4-trang-39-sgk-sinh-hoc-10",
        "level": 0
    },
    {
        "type": "category",
        "title": "Bài 5 (trang 39 SGK Sinh 10): Nêu cấu tạo và chức năng của...",
        "url": "giai-bai-tap-sinh-hoc-10_bai-5-trang-39-sgk-sinh-hoc-10",
        "level": 0
    },
    {
        "type": "category",
        "title": "Bài 6 (trang 39 SGK Sinh 10): Nêu các đặc điểm khác biệt về...",
        "url": "giai-bai-tap-sinh-hoc-10_bai-6-trang-39-sgk-sinh-hoc-10",
        "level": 0
    }
]