[
    {
        "type": "category",
        "title": "Trả lời câu hỏi Sinh 10 Bài 10 trang 46: Tại sao khi ghép các mô cơ quan từ ...",
        "url": "giai-bai-tap-sinh-hoc-10_tra-loi-cau-hoi-sinh-10-bai-10-trang-46",
        "level": 0
    },
    {
        "type": "category",
        "title": "Bài 1 (trang 46 SGK Sinh 10): Nêu cấu trúc và chức năng của...",
        "url": "giai-bai-tap-sinh-hoc-10_bai-1-trang-46-sgk-sinh-hoc-10",
        "level": 0
    },
    {
        "type": "category",
        "title": "Bài 2 (trang 46 SGK Sinh 10): Mô tả cấu trúc và chức năng của...",
        "url": "giai-bai-tap-sinh-hoc-10_bai-2-trang-46-sgk-sinh-hoc-10",
        "level": 0
    },
    {
        "type": "category",
        "title": "Bài 3 (trang 46 SGK Sinh 10): Phân biệt thành tế bào thực vật...",
        "url": "giai-bai-tap-sinh-hoc-10_bai-3-trang-46-sgk-sinh-hoc-10",
        "level": 0
    },
    {
        "type": "category",
        "title": "Bài 4 (trang 46 SGK Sinh 10): Chất nền ngoại bào là gì? Nêu...",
        "url": "giai-bai-tap-sinh-hoc-10_bai-4-trang-46-sgk-sinh-hoc-10",
        "level": 0
    }
]