[
    {
        "type": "category",
        "title": "Bài 1 (trang 112 SGK Sinh 10): Qua thực nghiệm em thấy dễ ...",
        "url": "giai-bai-tap-sinh-hoc-10_bai-1-trang-112-sgk-sinh-hoc-10",
        "level": 0
    },
    {
        "type": "category",
        "title": "Bài 2 (trang 113 SGK Sinh 10): Mẹ thường nhắc con : \"Ăn kẹo xong ...",
        "url": "giai-bai-tap-sinh-hoc-10_bai-2-trang-113-sgk-sinh-hoc-10",
        "level": 0
    },
    {
        "type": "category",
        "title": "Bài 3 (trang 113 SGK Sinh 10): Khi còn ở trong bụng mẹ, trong  ...",
        "url": "giai-bai-tap-sinh-hoc-10_bai-3-trang-113-sgk-sinh-hoc-10",
        "level": 0
    }
]