[
    {
        "type": "category",
        "title": "Trả lời câu hỏi Sinh 10 Bài 11 trang 48: Tốc độ khuếch tán của các chất ra hoặc ...",
        "url": "giai-bai-tap-sinh-hoc-10_tra-loi-cau-hoi-sinh-10-bai-11-trang-48",
        "level": 0
    },
    {
        "type": "category",
        "title": "Bài 1 (trang 50 SGK Sinh 10): Thế nào là vận chuyển thụ động?",
        "url": "giai-bai-tap-sinh-hoc-10_bai-1-trang-50-sgk-sinh-hoc-10",
        "level": 0
    },
    {
        "type": "category",
        "title": "Bài 2 (trang 50 SGK Sinh 10): Phân biệt vận chuyển thụ động với...",
        "url": "giai-bai-tap-sinh-hoc-10_bai-2-trang-50-sgk-sinh-hoc-10",
        "level": 0
    },
    {
        "type": "category",
        "title": "Bài 3 (trang 50 SGK Sinh 10): Tại sao muốn giữ rau tươi, ta phải...",
        "url": "giai-bai-tap-sinh-hoc-10_bai-3-trang-50-sgk-sinh-hoc-10",
        "level": 0
    },
    {
        "type": "category",
        "title": "Bài 4 (trang 50 SGK Sinh 10): Khi tiến hành ẩm bào làm thế nào...",
        "url": "giai-bai-tap-sinh-hoc-10_bai-4-trang-50-sgk-sinh-hoc-10",
        "level": 0
    }
]