[
    {
        "type": "category",
        "title": "Trả lời câu hỏi Sinh 10 Bài 31 trang 121: Nguyên nhân gì khiến cho bình nuôi vi khuẩn đang đục  ...",
        "url": "giai-bai-tap-sinh-hoc-10_tra-loi-cau-hoi-sinh-10-bai-31-trang-121",
        "level": 0
    },
    {
        "type": "category",
        "title": "Trả lời câu hỏi Sinh 10 Bài 31 trang 122: Ba bệnh sốt rất phổ biến ở Việt Nam do muỗi là vật trung gian truyền bệnh  ...",
        "url": "giai-bai-tap-sinh-hoc-10_tra-loi-cau-hoi-sinh-10-bai-31-trang-122",
        "level": 0
    },
    {
        "type": "category",
        "title": "Trả lời câu hỏi Sinh 10 Bài 31 trang 124: Hãy nêu tầm quan trọng của đấu tranh sinh học ...",
        "url": "giai-bai-tap-sinh-hoc-10_tra-loi-cau-hoi-sinh-10-bai-31-trang-124",
        "level": 0
    },
    {
        "type": "category",
        "title": "Bài 1 (trang 124 SGK Sinh 10): Phagơ gây thiệt hại cho ngành ...",
        "url": "giai-bai-tap-sinh-hoc-10_bai-1-trang-124-sgk-sinh-hoc-10",
        "level": 0
    },
    {
        "type": "category",
        "title": "Bài 2 (trang 124 SGK Sinh 10): Virut thực vật lan truyền theo ...",
        "url": "giai-bai-tap-sinh-hoc-10_bai-2-trang-124-sgk-sinh-hoc-10",
        "level": 0
    },
    {
        "type": "category",
        "title": "Bài 3 (trang 124 SGK Sinh 10): Hãy nêu vai trò của virut trong ...",
        "url": "giai-bai-tap-sinh-hoc-10_bai-3-trang-124-sgk-sinh-hoc-10",
        "level": 0
    }
]