{
    "title": "Soạn Văn 11 (hay nhất)",
    "url": "https://vietjack.com/soan-van-lop-11/index.jsp",
    "text": "",
    "type": "category",
    "children": [
        {
            "title": "Soạn văn lớp 11 Tập 1",
            "url": "",
            "text": "",
            "type": "category",
            "children": [
                {
                    "title": "Tuần 1",
                    "url": "",
                    "text": "",
                    "type": "category",
                    "children": [
                        {
                            "title": "Vào phủ Chúa Trịnh (Trích Thượng kinh kí sự)",
                            "url": "https://vietjack.com/soan-van-lop-11/vao-phu-chua-trinh.jsp",
                            "text": "",
                            "type": "article"
                        },
                        {
                            "title": "Từ ngôn ngữ chung đến lời nói cá nhân",
                            "url": "https://vietjack.com/soan-van-lop-11/tu-ngon-ngu-chung-den-loi-noi-ca-nhan.jsp",
                            "text": "",
                            "type": "article"
                        },
                        {
                            "title": "Viết bài làm văn số 1: Nghị luận xã hội",
                            "url": "https://vietjack.com/soan-van-lop-11/viet-bai-lam-van-so-1.jsp",
                            "text": "",
                            "type": "article"
                        }
                    ]
                },
                {
                    "title": "Tuần 2",
                    "url": "",
                    "text": "",
                    "type": "category",
                    "children": [
                        {
                            "title": "Tự tình - Hồ Xuân Hương",
                            "url": "https://vietjack.com/soan-van-lop-11/tu-tinh.jsp",
                            "text": "",
                            "type": "article",
                        },
                        {
                            "title": "Câu cá mùa thu (Thu điếu)",
                            "url": "https://vietjack.com/soan-van-lop-11/thu-dieu.jsp",
                            "text": "",
                            "type": "article",
                        },
                        {
                            "title": "Phân tích đề, lập dàn ý bài văn nghị luận",
                            "url": "https://vietjack.com/soan-van-lop-11/phan-tich-de-lap-dan-y-bai-van-nghi-luan.jsp",
                            "text": "",
                            "type": "article"
                        }
                    ]
                }
            ]
        },
        {
            "title": "Soạn văn lớp 11 Tập 2",
            "url": "",
            "text": "",
            "type": "category",
            "children": [
                {
                    "title": "Tuần 19",
                    "url": "",
                    "text": "",
                    "type": "category",
                    "children": [
                        {
                            "title": "Lưu biệt khi xuất dương (Phan Bội Châu)",
                            "url": "https://vietjack.com/soan-van-lop-11/luu-biet-khi-xuat-duong.jsp",
                            "text": "",
                            "type": "article"
                        }
                    ]
                }
            ]
        }
    ]
}
