{
    "title": "Giải bài tập Vật lý 11",
    "url": "giai-bai-tap-vat-ly-11",
    "text": "",
    "type": "category",
    "children": [
        {
            "title": "Chương 1: Điện tích. Điện trường",
            "url": "giai-bai-tap-vat-ly-11/chuong-1-dien-tich-dien-truong",
            "text": "",
            "type": "category",
            "children": [
                {
                    "title": "Bài 1. Điện tích. Định luật Cu-lông",
                    "url": "giai-bai-tap-vat-ly-11/bai-1-dien-tich-dinh-luat-cu-long",
                    "text": "",
                    "type": "category",
                    "children": [
                        {
                            "title": "Phần trả lời câu hỏi C SGK Vật Lý 11: C1: Trên hình 1.2 sgk, ... C2: Nếu tăng khoảng cách giữa ...,C3: Không thể nói về hằng số điện môi ...",
                            "url": "https://vietjack.com/giai-bai-tap-vat-ly-11/tra-loi-cau-hoi-sgk-vat-ly-11-bai-1.jsp",
                            "type": "article"
                        },
                        {
                            "title": "Bài 1 (trang 9 SGK Vật Lý 11):Điện tích điểm là gì?...",
                            "url": "https://vietjack.com/giai-bai-tap-vat-ly-11/bai-1-trang-9-sgk-vat-ly-11.jsp",
                            "type": "article"
                        },
                        {
                            "title": "Bài 2 (trang 9 SGK Vật Lý 11):Phát biểu định luật Cu-lông...",
                            "url": "https://vietjack.com/giai-bai-tap-vat-ly-11/bai-2-trang-9-sgk-vat-ly-11.jsp",
                            "type": "article"
                        },
                        {
                            "title": "Bài 3 (trang 9 SGK Vật Lý 11):Lực tương tác giữa các điện tích khi đặt trong ...",
                            "url": "https://vietjack.com/giai-bai-tap-vat-ly-11/bai-3-trang-9-sgk-vat-ly-11.jsp",
                            "type": "article"
                        }
                    ]
                },
                {
                    "title": "Bài 2: Thuyết Êlectron. Định luật bảo toàn điện tích",
                    "url": "https://vietjack.com/giai-bai-tap-vat-ly-11/bai-2-thuyet-electron-dinh-luat-bao-toan-dien-tich.jsp",
                    "text": "",
                    "type": "category",
                    "children": [
                        {
                            "title": "Phần trả lời câu hỏi C SGK Vật Lý 11",
                            "url": "https://vietjack.com/giai-bai-tap-vat-ly-11/tra-loi-cau-hoi-sgk-vat-ly-11-bai-2.jsp",
                            "type": "article"
                        },
                        {
                            "title": "Bài 1 (trang 14 SGK Vật Lý 11):Trình bày nội dung của thuyết êlectron ...",
                            "url": "https://vietjack.com/giai-bai-tap-vat-ly-11/bai-1-trang-14-sgk-vat-ly-11.jsp",
                            "type": "article"
                        },
                        {
                            "title": "Bài 2 (trang 14 SGK Vật Lý 11):Giải thích sự nhiễm điện dương của một ...",
                            "url": "https://vietjack.com/giai-bai-tap-vat-ly-11/bai-2-trang-14-sgk-vat-ly-11.jsp",
                            "type": "article"
                        },
                        {
                            "title": "Bài 3 (trang 14 SGK Vật Lý 11):Trình bày hiện tượng nhiễm điện...",
                            "url": "https://vietjack.com/giai-bai-tap-vat-ly-11/bai-3-trang-14-sgk-vat-ly-11.jsp",
                            "type": "article"
                        },
                        {
                            "title": "Bài 4 (trang 14 SGK Vật Lý 11):Phát biểu định luật bảo toàn điện tích...",
                            "url": "https://vietjack.com/giai-bai-tap-vat-ly-11/bai-4-trang-14-sgk-vat-ly-11.jsp",
                            "type": "article"
                        },
                        {
                            "title": "Bài 5 (trang 14 SGK Vật Lý 11):Chọn câu đúng...",
                            "url": "https://vietjack.com/giai-bai-tap-vat-ly-11/bai-5-trang-14-sgk-vat-ly-11.jsp",
                            "type": "article"
                        },
                        {
                            "title": "Bài 6 (trang 14 SGK Vật Lý 11):Đưa một quả cầu Q tích điện dương...",
                            "url": "https://vietjack.com/giai-bai-tap-vat-ly-11/bai-6-trang-14-sgk-vat-ly-11.jsp",
                            "type": "article"
                        },
                        {
                            "title": "Bài 7 (trang 14 SGK Vật Lý 11):Hãy giải thích hiện tượng bụi bám chặt...",
                            "url": "https://vietjack.com/giai-bai-tap-vat-ly-11/bai-7-trang-14-sgk-vat-ly-11.jsp",
                            "type": "article"
                        }
                    ]
                },
                {
                    "title": "Bài 3: Điện trường và cường độ điện trường. Đường sức điện",
                    "url": "https://vietjack.com/giai-bai-tap-vat-ly-11/bai-3-dien-truong-va-cuong-do-dien-truong-duong-suc-dien.jsp",
                    "text": "",
                    "type": "category",
                    "children": [
                    ]
                },
                {
                    "title": "Bài 4: Công của lực điện",
                    "url": "https://vietjack.com/giai-bai-tap-vat-ly-11/bai-4-cong-cua-luc-dien.jsp",
                    "text": "",
                    "type": "category",
                    "children": [
                    ]
                },
                {
                    "title": "Bài 5: Điện thế. Hiệu điện thế",
                    "url": "https://vietjack.com/giai-bai-tap-vat-ly-11/bai-5-dien-the-hieu-dien-the.jsp",
                    "text": "",
                    "type": "category",
                    "children": [
                    ]
                },
                {
                    "title": "Bài 6: Tụ điện",
                    "url": "https://vietjack.com/giai-bai-tap-vat-ly-11/bai-6-tu-dien.jsp",
                    "text": "",
                    "type": "category",
                    "children": [
                    ]
                }
            ]
        },
        {
            "title": "Chương 2: Dòng điện không đổi",
            "url": "giai-bai-tap-vat-ly-11/chuong-2-dong-dien-khong-doi",
            "text": "",
            "type": "category",
            "children": [
                {
                    "title": "Bài 7: Dòng điện không đổi. Nguồn điện",
                    "url": "https://vietjack.com/giai-bai-tap-vat-ly-11/bai-7-dong-dien-khong-doi-nguon-dien.jsp",
                    "text": "",
                    "type": "category",
                    "children": [
                    ]
                },
                {
                    "title": "Bài 8: Điện năng. Công suất điện",
                    "url": "https://vietjack.com/giai-bai-tap-vat-ly-11/bai-8-dien-nang-cong-suat-dien.jsp",
                    "text": "",
                    "type": "category",
                    "children": [
                    ]
                },
                {
                    "title": "Bài 9: Định luật Ôm đối với toàn mạch",
                    "url": "https://vietjack.com/giai-bai-tap-vat-ly-11/bai-9-dinh-luat-om-doi-voi-toan-mach.jsp",
                    "text": "",
                    "type": "category",
                    "children": [
                    ]
                },
                {
                    "title": "Bài 10: Ghép các nguồn điện thành bộ",
                    "url": "https://vietjack.com/giai-bai-tap-vat-ly-11/bai-10-ghep-cac-nguon-dien-thanh-bo.jsp",
                    "text": "",
                    "type": "category",
                    "children": [
                    ]
                }
            ]
        }
    ]
}
