[
    {
        "type": "category",
        "title": "Chương 1: Nguyên tử",
        "url": "bai-tap-trac-nghiem-hoa-10_chuong-1-nguyen-tu",
        "level": 0
    },
    {
        "type": "category",
        "title": "15 câu trắc nghiệm Thành phần nguyên tử cực hay có đáp án",
        "url": "bai-tap-trac-nghiem-hoa-10_bai-1-thanh-phan-nguyen-tu",
        "level": 1
    },
    {
        "type": "category",
        "title": "15 câu trắc nghiệm Hạt nhân nguyên tử. Nguyên tố hóa học. Đồng vị cực hay có đáp án",
        "url": "bai-tap-trac-nghiem-hoa-10_bai-2-hat-nhan-nguyen-tu-nguyen-to-hoa-hoc-dong-vi",
        "level": 1
    },
    {
        "type": "category",
        "title": "15 câu trắc nghiệm Luyện tập: Thành phần nguyên tử cực hay có đáp án",
        "url": "bai-tap-trac-nghiem-hoa-10_bai-3-luyen-tap-thanh-phan-nguyen-tu",
        "level": 1
    },
    {
        "type": "category",
        "title": "15 câu trắc nghiệm Cấu tạo vỏ nguyên tử cực hay có đáp án",
        "url": "bai-tap-trac-nghiem-hoa-10_bai-4-cau-tao-vo-nguyen-tu",
        "level": 1
    },
    {
        "type": "category",
        "title": "15 câu trắc nghiệm Cấu hình electron nguyên tử cực hay có đáp án",
        "url": "bai-tap-trac-nghiem-hoa-10_bai-5-cau-hinh-electron-nguyen-tu",
        "level": 1
    },
    {
        "type": "category",
        "title": "15 câu trắc nghiệm Luyện tập: Cấu tạo vỏ nguyên tử cực hay có đáp án",
        "url": "bai-tap-trac-nghiem-hoa-10_bai-6-luyen-tap-cau-tao-vo-nguyen-tu",
        "level": 1
    },
    {
        "type": "category",
        "title": "Đề kiểm tra 1 tiết Hóa 10 Học kì 1 cực hay có đáp án (Bài kiểm tra số 1)",
        "url": "bai-tap-trac-nghiem-hoa-10_bai-kiem-tra-so-1",
        "level": 1
    },
    {
        "type": "category",
        "title": "Chương 2: Bảng tuần hoàn các nguyên tố hóa học và định luật tuần hoàn",
        "url": "bai-tap-trac-nghiem-hoa-10_chuong-2-bang-tuan-hoan-cac-nguyen-to-hoa-hoc-va-dinh-luat-bao-toan",
        "level": 0
    },
    {
        "type": "category",
        "title": "15 câu trắc nghiệm Bảng tuần hoàn các nguyên tố hóa học cực hay có đáp án",
        "url": "bai-tap-trac-nghiem-hoa-10_bai-7-bang-tuan-hoan-cac-nguyen-to-hoa-hoc",
        "level": 1
    },
    {
        "type": "category",
        "title": "15 câu trắc nghiệm Sự biến đổi tuần hoàn cấu hình electron nguyên tử của các nguyên tố hóa học cực hay có đáp án",
        "url": "bai-tap-trac-nghiem-hoa-10_bai-8-su-bien-doi-tuan-hoan-cau-hinh-electron-nguyen-tu-cua-cac-nguyen-to-hoa-hoc",
        "level": 1
    },
    {
        "type": "category",
        "title": "15 câu trắc nghiệm Sự biến đổi tuần hoàn tính chất của các nguyên tố hóa học. Định luật tuần hoàn cực hay có đáp án",
        "url": "bai-tap-trac-nghiem-hoa-10_bai-9-su-bien-doi-tuan-hoan-tinh-chat-cua-cac-nguyen-to-hoa-hoc-dinh-luat-tuan-hoan",
        "level": 1
    },
    {
        "type": "category",
        "title": "15 câu trắc nghiệm Ý nghĩa của bảng tuần hoàn các nguyên tố hóa học cực hay có đáp án",
        "url": "bai-tap-trac-nghiem-hoa-10_bai-10-y-nghia-cua-bang-tuan-hoan-cac-nguyen-to-hoa-hoc",
        "level": 1
    },
    {
        "type": "category",
        "title": "15 câu trắc nghiệm Luyện tập: Bảng tuần hoàn, sự biến đổi tuần hoàn cấu hình electron nguyên tử và tính chất của các nguyên tố hóa học cực hay có đáp án",
        "url": "bai-tap-trac-nghiem-hoa-10_bai-11-luyen-tap-bang-tuan-hoan-su-bien-doi-tuan-hoan-cau-hinh-electron-nguyen-tu-va-tinh-chat-cua-cac-nguyen-to-hoa-hoc",
        "level": 1
    },
    {
        "type": "category",
        "title": "Đề kiểm tra 1 tiết Hóa 10 Học kì 1 cực hay có đáp án (Bài kiểm tra số 2)",
        "url": "bai-tap-trac-nghiem-hoa-10_bai-kiem-tra-so-2",
        "level": 1
    },
    {
        "type": "category",
        "title": "Chương 3: Liên kết hóa học",
        "url": "bai-tap-trac-nghiem-hoa-10_chuong-3-lien-ket-hoa-hoc",
        "level": 0
    },
    {
        "type": "category",
        "title": "15 câu trắc nghiệm Liên kết ion - Tinh thể ion cực hay có đáp án",
        "url": "bai-tap-trac-nghiem-hoa-10_bai-12-lien-ket-ion-tinh-the-ion",
        "level": 1
    },
    {
        "type": "category",
        "title": "15 câu trắc nghiệm Liên kết cộng hóa trị cực hay có đáp án",
        "url": "bai-tap-trac-nghiem-hoa-10_bai-13-lien-ket-cong-hoa-tri",
        "level": 1
    },
    {
        "type": "category",
        "title": "15 câu trắc nghiệm Tinh thể nguyên tử và tinh thể phân tử cực hay có đáp án",
        "url": "bai-tap-trac-nghiem-hoa-10_bai-14-tinh-the-nguyen-tu-va-tinh-the-phan-tu",
        "level": 1
    },
    {
        "type": "category",
        "title": "15 câu trắc nghiệm Hóa trị và số oxi hóa cực hay có đáp án",
        "url": "bai-tap-trac-nghiem-hoa-10_bai-15-hoa-tri-va-so-oxi-hoa",
        "level": 1
    },
    {
        "type": "category",
        "title": "15 câu trắc nghiệm Luyện tập: Liên kết hóa học cực hay có đáp án",
        "url": "bai-tap-trac-nghiem-hoa-10_bai-16-luyen-tap-lien-ket-hoa-hoc",
        "level": 1
    },
    {
        "type": "category",
        "title": "Chương 4: Phản ứng oxi hóa - khử",
        "url": "bai-tap-trac-nghiem-hoa-10_chuong-4-phan-ung-oxi-hoa-khu",
        "level": 0
    },
    {
        "type": "category",
        "title": "15 câu trắc nghiệm Phản ứng oxi hóa khử cực hay có đáp án",
        "url": "bai-tap-trac-nghiem-hoa-10_bai-17-phan-ung-oxi-hoa-khu",
        "level": 1
    },
    {
        "type": "category",
        "title": "15 câu trắc nghiệm Phân loại phản ứng trong hóa học vô cơ cực hay có đáp án",
        "url": "bai-tap-trac-nghiem-hoa-10_bai-18-phan-loai-phan-ung-trong-hoa-hoc-vo-co",
        "level": 1
    },
    {
        "type": "category",
        "title": "15 câu trắc nghiệm Luyện tập: Phản ứng oxi hóa - khử cực hay có đáp án",
        "url": "bai-tap-trac-nghiem-hoa-10_bai-19-luyen-tap-phan-ung-oxi-hoa-khu",
        "level": 1
    },
    {
        "type": "category",
        "title": "Bài tập trắc nghiệm Thực hành: Phản ứng oxi hóa khử cực hay có đáp án",
        "url": "bai-tap-trac-nghiem-hoa-10_bai-20-bai-thuc-hanh-so-1-phan-ung-oxi-hoa-khu",
        "level": 1
    },
    {
        "type": "category",
        "title": "Bài tập trắc nghiệm Ôn tập học kì 1 cực hay có đáp án",
        "url": "bai-tap-trac-nghiem-hoa-10_on-tap-hoc-ki-1",
        "level": 1
    },
    {
        "type": "category",
        "title": "Đề kiểm tra Học kì 1 Hóa 10 có đáp án",
        "url": "bai-tap-trac-nghiem-hoa-10_bai-kiem-tra-so-3",
        "level": 1
    },
    {
        "type": "category",
        "title": "Chương 5: Nhóm halogen",
        "url": "bai-tap-trac-nghiem-hoa-10_chuong-5-nhom-halogen",
        "level": 0
    },
    {
        "type": "category",
        "title": "15 câu trắc nghiệm Khái quát về nhóm halogen cực hay có đáp án",
        "url": "bai-tap-trac-nghiem-hoa-10_bai-21-khai-quat-ve-nhom-halogen",
        "level": 1
    },
    {
        "type": "category",
        "title": "15 câu trắc nghiệm Clo cực hay có đáp án",
        "url": "bai-tap-trac-nghiem-hoa-10_bai-22-clo",
        "level": 1
    },
    {
        "type": "category",
        "title": "15 câu trắc nghiệm Hiđro clorua - Axit clohiđric và muối clorua cực hay có đáp án",
        "url": "bai-tap-trac-nghiem-hoa-10_bai-23-hidro-clorua-axit-clohidric-va-muoi-clorua",
        "level": 1
    },
    {
        "type": "category",
        "title": "15 câu trắc nghiệm Sơ lược về hợp chất có oxi của clo cực hay có đáp án",
        "url": "bai-tap-trac-nghiem-hoa-10_bai-24-so-luoc-ve-hop-chat-co-oxi-cua-clo",
        "level": 1
    },
    {
        "type": "category",
        "title": "15 câu trắc nghiệm Flo - Brom - Iot cực hay có đáp án",
        "url": "bai-tap-trac-nghiem-hoa-10_bai-25-flo-brom-iot",
        "level": 1
    },
    {
        "type": "category",
        "title": "15 câu trắc nghiệm Luyện tập nhóm halogen cực hay có đáp án",
        "url": "bai-tap-trac-nghiem-hoa-10_bai-26-luyen-tap-nhom-halogen",
        "level": 1
    },
    {
        "type": "category",
        "title": "Bài tập trắc nghiệm: Thực hành: Tính chất hóa học của khí clo và hợp chất của clo cực hay có đáp án",
        "url": "bai-tap-trac-nghiem-hoa-10_bai-27-bai-thuc-hanh-so-2-tinh-chat-hoa-hoc-cua-khi-clo-va-hop-chat-cua-clo",
        "level": 1
    },
    {
        "type": "category",
        "title": "Bài tập trắc nghiệm: Thực hành: Tính chất hóa học của brom và iot cực hay có đáp án",
        "url": "bai-tap-trac-nghiem-hoa-10_bai-28-bai-thuc-hanh-so-3-tinh-chat-hoa-hoc-cua-brom-va-iot",
        "level": 1
    },
    {
        "type": "category",
        "title": "Đề kiểm tra 1 tiết Hóa 10 Học kì 2 cực hay có đáp án",
        "url": "bai-tap-trac-nghiem-hoa-10_bai-kiem-tra-so-4",
        "level": 1
    },
    {
        "type": "category",
        "title": "Chương 6: Oxi - Lưu huỳnh",
        "url": "bai-tap-trac-nghiem-hoa-10_chuong-6-oxi-luu-huynh",
        "level": 0
    },
    {
        "type": "category",
        "title": "15 câu trắc nghiệm Oxi - Ozon cực hay có đáp án",
        "url": "bai-tap-trac-nghiem-hoa-10_bai-29-oxi-ozon",
        "level": 1
    },
    {
        "type": "category",
        "title": "15 câu trắc nghiệm Lưu huỳnh cực hay có đáp án",
        "url": "bai-tap-trac-nghiem-hoa-10_bai-30-luu-huynh",
        "level": 1
    },
    {
        "type": "category",
        "title": "Bài tập trắc nghiệm: Thực hành: Tính chất của oxi, lưu huỳnh cực hay có đáp án",
        "url": "bai-tap-trac-nghiem-hoa-10_bai-31-bai-thuc-hanh-so-4-tinh-chat-cua-oxi-luu-huynh",
        "level": 1
    },
    {
        "type": "category",
        "title": "15 câu trắc nghiệm Hiđro sunfua - Lưu huỳnh đioxit - Lưu huỳnh trioxit cực hay có đáp án",
        "url": "bai-tap-trac-nghiem-hoa-10_bai-32-hidro-sunfua-luu-huynh-dioxit-luu-huynh-trioxit",
        "level": 1
    },
    {
        "type": "category",
        "title": "15 câu trắc nghiệm Axit sunfuric - Muối sunfat cực hay có đáp án",
        "url": "bai-tap-trac-nghiem-hoa-10_bai-33-axit-sunfuric-muoi-sunfat",
        "level": 1
    },
    {
        "type": "category",
        "title": "15 câu trắc nghiệm Luyện tập: Oxi và lưu huỳnh cực hay có đáp án",
        "url": "bai-tap-trac-nghiem-hoa-10_bai-34-luyen-tap-oxi-va-luu-huynh",
        "level": 1
    },
    {
        "type": "category",
        "title": "Bài tập trắc nghiệm: Thực hành số: Tính chất các hợp chất của lưu huỳnh cực hay có đáp án",
        "url": "bai-tap-trac-nghiem-hoa-10_bai-35-bai-thuc-hanh-so-5-tinh-chat-cac-hop-chat-cua-luu-huynh",
        "level": 1
    },
    {
        "type": "category",
        "title": "Đề kiểm tra 1 tiết Hóa 10 Học kì 2 cực hay có đáp án",
        "url": "bai-tap-trac-nghiem-hoa-10_bai-kiem-tra-so-5",
        "level": 1
    },
    {
        "type": "category",
        "title": "Chương 7: Tốc độ phản ứng và cân bằng hóa học",
        "url": "bai-tap-trac-nghiem-hoa-10_chuong-7-toc-do-phan-ung-va-can-bang-hoa-hoc",
        "level": 0
    },
    {
        "type": "category",
        "title": "15 câu trắc nghiệm Tốc độ phản ứng hóa học cực hay có đáp án",
        "url": "bai-tap-trac-nghiem-hoa-10_bai-36-toc-do-phan-ung-hoa-hoc",
        "level": 1
    },
    {
        "type": "category",
        "title": "15 câu trắc nghiệm Bài thực hành số 6. Tốc độ phản ứng hóa học cực hay có đáp án",
        "url": "bai-tap-trac-nghiem-hoa-10_bai-37-bai-thuc-hanh-so-6-toc-do-phan-ung-hoa-hoc",
        "level": 1
    },
    {
        "type": "category",
        "title": "15 câu trắc nghiệm Cân bằng hóa học cực hay có đáp án",
        "url": "bai-tap-trac-nghiem-hoa-10_bai-38-can-bang-hoa-hoc",
        "level": 1
    },
    {
        "type": "category",
        "title": "15 câu trắc nghiệm Luyện tập: Tốc độ phản ứng và cân bằng hóa học cực hay có đáp án",
        "url": "bai-tap-trac-nghiem-hoa-10_bai-39-luyen-tap-toc-do-phan-ung-va-can-bang-hoa-hoc",
        "level": 1
    },
    {
        "type": "category",
        "title": "Bài tập trắc nghiệm Ôn tập học kì 2 cực hay có đáp án",
        "url": "bai-tap-trac-nghiem-hoa-10_on-tap-hoc-ki-2",
        "level": 1
    },
    {
        "type": "category",
        "title": "Đề kiểm tra Học kì 2 Hóa học 10 cực hay có đáp án",
        "url": "bai-tap-trac-nghiem-hoa-10_bai-kiem-tra-so-6",
        "level": 1
    }
]