[
    {
        "type": "category",
        "title": "Trả lời câu hỏi Bài 7: Cấu trúc của Trái Đất. Thạch quyển. Thuyết kiến tạo mảng Quan sát hình 7.1 ...; Quan sát hình 7.2 ...; Quan sát hình 7.3 ...; Quan sát hình 7.4 ... ",
        "url": "giai-bai-tap-dia-li-10_tra-loi-cau-hoi-dia-li-10-bai-7",
        "level": 0
    },
    {
        "type": "category",
        "title": "Bài 1 (trang 28 sgk Địa Lí 10): Dựa vào hình 7.1 ...",
        "url": "giai-bai-tap-dia-li-10_bai-1-trang-28-sgk-dia-li-10",
        "level": 0
    },
    {
        "type": "category",
        "title": "Bài 2 (trang 28 sgk Địa Lí 10): Trình bày những nội dung ...",
        "url": "giai-bai-tap-dia-li-10_bai-2-trang-28-sgk-dia-li-10",
        "level": 0
    }
]