[
    {
        "type": "category",
        "title": "Trả lời câu hỏi Bài 26: Cơ cấu nền kinh tế nguồn lực phát triển kinh tế ...; cơ cấu kinh tế ...; dịch chuyển cơ cấu ...",
        "url": "giai-bai-tap-dia-li-10_tra-loi-cau-hoi-dia-li-10-bai-26",
        "level": 0
    },
    {
        "type": "category",
        "title": "Bài 1 (trang 102 sgk Địa Lí 10): Phân biệt các loại nguồn lực ...",
        "url": "giai-bai-tap-dia-li-10_bai-1-trang-102-sgk-dia-li-10",
        "level": 0
    },
    {
        "type": "category",
        "title": "Bài 2 (trang 102 sgk Địa Lí 10): Cho bảng số liệu: ...",
        "url": "giai-bai-tap-dia-li-10_bai-2-trang-102-sgk-dia-li-10",
        "level": 0
    }
]