[
    {
        "type": "category",
        "title": "Trả lời câu hỏi Bài 23: Cơ cấu dân số Cơ cấu dân số ...; cơ cấu dân số già và cơ cấu dân số trẻ ...; cơ cấu lao động ...",
        "url": "giai-bai-tap-dia-li-10_tra-loi-cau-hoi-dia-li-10-bai-23",
        "level": 0
    },
    {
        "type": "category",
        "title": "Bài 1 (trang 92 sgk Địa Lí 10): Hãy trình bày ...",
        "url": "giai-bai-tap-dia-li-10_bai-1-trang-92-sgk-dia-li-10",
        "level": 0
    },
    {
        "type": "category",
        "title": "Bài 2 (trang 92 sgk Địa Lí 10): Có những kiểu tháp dân số ...",
        "url": "giai-bai-tap-dia-li-10_bai-2-trang-92-sgk-dia-li-10",
        "level": 0
    },
    {
        "type": "category",
        "title": "Bài 3 (trang 92 sgk Địa Lí 10): Cho bảng số liệu ...",
        "url": "giai-bai-tap-dia-li-10_bai-3-trang-92-sgk-dia-li-10",
        "level": 0
    }
]