[
    {
        "type": "category",
        "title": "Trả lời câu hỏi Bài 22: Dân số và sự gia tăng dân số Dựa vào bảng ở SGK ...; Dựa vào hình 22.1 ...; gia tăng dân số ...; tỉ suất tử thô ...",
        "url": "giai-bai-tap-dia-li-10_tra-loi-cau-hoi-dia-li-10-bai-22",
        "level": 0
    },
    {
        "type": "category",
        "title": "Bài 1 (trang 86 sgk Địa Lí 10): Giả sử tỉ suất tăng dân số ...",
        "url": "giai-bai-tap-dia-li-10_bai-1-trang-86-sgk-dia-li-10",
        "level": 0
    },
    {
        "type": "category",
        "title": "Bài 2 (trang 86 sgk Địa Lí 10): Phân biệt gia tăng dâm số ...",
        "url": "giai-bai-tap-dia-li-10_bai-2-trang-86-sgk-dia-li-10",
        "level": 0
    },
    {
        "type": "category",
        "title": "Bài 3 (trang 86 sgk Địa Lí 10): Lấy ví dụ cụ thể ...",
        "url": "giai-bai-tap-dia-li-10_bai-3-trang-86-sgk-dia-li-10",
        "level": 0
    }
]