[
    {
        "type": "category",
        "title": "Trả lời câu hỏi Bài 29: Địa lí ngành chăn nuôi chăn nuôi ...; đàn gia súc ...; thủy sản ...",
        "url": "giai-bai-tap-dia-li-10_tra-loi-cau-hoi-dia-li-10-bai-29",
        "level": 0
    },
    {
        "type": "category",
        "title": "Bài 1 (trang 116 sgk Địa Lí 10): Em hãy nêu rõ ...",
        "url": "giai-bai-tap-dia-li-10_bai-1-trang-116-sgk-dia-li-10",
        "level": 0
    },
    {
        "type": "category",
        "title": "Bài 2 (trang 116 sgk Địa Lí 10): Cho bảng số liệu ...",
        "url": "giai-bai-tap-dia-li-10_bai-2-trang-116-sgk-dia-li-10",
        "level": 0
    },
    {
        "type": "category",
        "title": "Bài 3 (trang 116 sgk Địa Lí 10): Tại sao ngành nuôi trồng ...",
        "url": "giai-bai-tap-dia-li-10_bai-3-trang-116-sgk-dia-li-10",
        "level": 0
    }
]