[
    {
        "type": "category",
        "title": "Trả lời câu hỏi Bài 32: Địa lí các ngành công nghiệp phân bố công nghiệp ...",
        "url": "giai-bai-tap-dia-li-10_tra-loi-cau-hoi-dia-li-10-bai-32",
        "level": 0
    },
    {
        "type": "category",
        "title": "Bài 1 (trang 125 sgk Địa Lí 10): Em hãy nhận xét ...",
        "url": "giai-bai-tap-dia-li-10_bai-1-trang-125-sgk-dia-li-10",
        "level": 0
    },
    {
        "type": "category",
        "title": "Bài 2 (trang 125 sgk Địa Lí 10): Nêu rõ vai trò ...",
        "url": "giai-bai-tap-dia-li-10_bai-2-trang-125-sgk-dia-li-10",
        "level": 0
    }
]