[
    {
        "type": "category",
        "title": "Trả lời câu hỏi Bài 32: Địa lí các ngành công nghiệp (tiếp) công nghiệp thực phẩm ...",
        "url": "giai-bai-tap-dia-li-10_tra-loi-cau-hoi-dia-li-10-bai-32-tiet-2",
        "level": 0
    },
    {
        "type": "category",
        "title": "Bài 1 (trang 130 sgk Địa Lí 10): Em hãy nêu vai trò ...",
        "url": "giai-bai-tap-dia-li-10_bai-1-trang-130-sgk-dia-li-10",
        "level": 0
    },
    {
        "type": "category",
        "title": "Bài 2 (trang 130 sgk Địa Lí 10): Vì sao ngành công nghiệp hóa chất ...",
        "url": "giai-bai-tap-dia-li-10_bai-2-trang-130-sgk-dia-li-10",
        "level": 0
    },
    {
        "type": "category",
        "title": "Bài 3 (trang 130 sgk Địa Lí 10): Dựa vào hình 32.9 ...",
        "url": "giai-bai-tap-dia-li-10_bai-3-trang-130-sgk-dia-li-10",
        "level": 0
    }
]