[
    {
        "type": "category",
        "title": "Trả lời câu hỏi Bài 37: Địa lí các ngành giao thông vận tải mạng lưới đường sắt ...; ngành vận tải ô tô ...; hải cảng lớn ...; ",
        "url": "giai-bai-tap-dia-li-10_tra-loi-cau-hoi-dia-li-10-bai-37",
        "level": 0
    },
    {
        "type": "category",
        "title": "Bài 1 (trang 146 sgk Địa Lí 10): Hãy so sánh ...",
        "url": "giai-bai-tap-dia-li-10_bai-1-trang-146-sgk-dia-li-10",
        "level": 0
    },
    {
        "type": "category",
        "title": "Bài 2 (trang 146 sgk Địa Lí 10): Hãy nêu những ưu điểm và nhược điểm ...",
        "url": "giai-bai-tap-dia-li-10_bai-2-trang-146-sgk-dia-li-10",
        "level": 0
    }
]