[
    {
        "type": "category",
        "title": "Trả lời câu hỏi Bài 28: Địa lí ngành trồng trọt cây lương thực ...; cây công nghiệp ...;",
        "url": "giai-bai-tap-dia-li-10_tra-loi-cau-hoi-dia-li-10-bai-28",
        "level": 0
    },
    {
        "type": "category",
        "title": "Bài 1 (trang 112 sgk Địa Lí 10): Cho bảng số liệu ...",
        "url": "giai-bai-tap-dia-li-10_bai-1-trang-112-sgk-dia-li-10",
        "level": 0
    },
    {
        "type": "category",
        "title": "Bài 2 (trang 112 sgk Địa Lí 10): Nêu rõ các đặc điểm ...",
        "url": "giai-bai-tap-dia-li-10_bai-2-trang-112-sgk-dia-li-10",
        "level": 0
    },
    {
        "type": "category",
        "title": "Bài 3 (trang 112 sgk Địa Lí 10): Tại sao phải chú trọng ...",
        "url": "giai-bai-tap-dia-li-10_bai-3-trang-112-sgk-dia-li-10",
        "level": 0
    }
]