[
    {
        "type": "category",
        "title": "Trả lời câu hỏi Bài 40: Địa lí ngành thương mại hàng hóa, dịch vụ, vật ngang giá...; xuất nhập khẩu ...;",
        "url": "giai-bai-tap-dia-li-10_tra-loi-cau-hoi-dia-li-10-bai-40",
        "level": 0
    },
    {
        "type": "category",
        "title": "Bài 1 (trang 157 sgk Địa Lí 10): Thế nào là ngành thương mại? ...",
        "url": "giai-bai-tap-dia-li-10_bai-1-trang-157-sgk-dia-li-10",
        "level": 0
    },
    {
        "type": "category",
        "title": "Bài 2 (trang 157 sgk Địa Lí 10): Trình bày đặc điểm ...",
        "url": "giai-bai-tap-dia-li-10_bai-2-trang-157-sgk-dia-li-10",
        "level": 0
    },
    {
        "type": "category",
        "title": "Bài 3 (trang 157 sgk Địa Lí 10): Cho bảng số liệu",
        "url": "giai-bai-tap-dia-li-10_bai-3-trang-157-sgk-dia-li-10",
        "level": 0
    }
]