[
    {
        "type": "category",
        "title": "Trả lời câu hỏi Bài 6: Hệ quả chuyển động xung quanh Mặt Trời của Trái Đất Dựa vào hình 6.1 (trang 22 - SGK) ...",
        "url": "giai-bai-tap-dia-li-10_tra-loi-cau-hoi-dia-li-10-bai-6",
        "level": 0
    },
    {
        "type": "category",
        "title": "Bài 1 (trang 24 sgk Địa Lí 10): Hãy giải thích câu tục ngữ ...",
        "url": "giai-bai-tap-dia-li-10_bai-1-trang-24-sgk-dia-li-10",
        "level": 0
    },
    {
        "type": "category",
        "title": "Bài 2 (trang 24 sgk Địa Lí 10): Sự thay đổi các mùa ...",
        "url": "giai-bai-tap-dia-li-10_bai-2-trang-24-sgk-dia-li-10",
        "level": 0
    },
    {
        "type": "category",
        "title": "Bài 3 (trang 24 sgk Địa Lí 10): Giả sử Trái Đất",
        "url": "giai-bai-tap-dia-li-10_bai-3-trang-24-sgk-dia-li-10",
        "level": 0
    }
]