[
    {
        "type": "category",
        "title": "Trả lời câu hỏi Bài 11: Khí quyển. Sự phân bố nhiệt độ không khí trên Trái Đất tác dụng của lớp ôdôn ...; Dựa vào kiến thức đã học ...; Quan sát hình 11.3  ...; Quan sát hình 11.4  ...",
        "url": "giai-bai-tap-dia-li-10_tra-loi-cau-hoi-dia-li-10-bai-11",
        "level": 0
    },
    {
        "type": "category",
        "title": "Bài 1 (trang 43 sgk Địa Lí 10): Nói rõ vai trò ...",
        "url": "giai-bai-tap-dia-li-10_bai-1-trang-43-sgk-dia-li-10",
        "level": 0
    },
    {
        "type": "category",
        "title": "Bài 2 (trang 43 sgk Địa Lí 10): Hãy nêu sự phân bố ...",
        "url": "giai-bai-tap-dia-li-10_bai-2-trang-43-sgk-dia-li-10",
        "level": 0
    },
    {
        "type": "category",
        "title": "Bài 3 (trang 43 sgk Địa Lí 10): Dựa vào bảng 11 ...",
        "url": "giai-bai-tap-dia-li-10_bai-3-trang-43-sgk-dia-li-10",
        "level": 0
    }
]