[
    {
        "type": "category",
        "title": "Trả lời câu hỏi Bài 20: Lớp vỏ địa lí. Quy luật thống nhất và hoàn chỉnh của lớp vỏ địa lí Việc phá rừng đầu nguồn ...",
        "url": "giai-bai-tap-dia-li-10_tra-loi-cau-hoi-dia-li-10-bai-20",
        "level": 0
    },
    {
        "type": "category",
        "title": "Bài 1 (trang 76 sgk Địa Lí 10): Nêu khái niệm về ...",
        "url": "giai-bai-tap-dia-li-10_bai-1-trang-76-sgk-dia-li-10",
        "level": 0
    },
    {
        "type": "category",
        "title": "Bài 2 (trang 76 sgk Địa Lí 10): Trình bày khái niệm ...",
        "url": "giai-bai-tap-dia-li-10_bai-2-trang-76-sgk-dia-li-10",
        "level": 0
    },
    {
        "type": "category",
        "title": "Bài 3 (trang 76 sgk Địa Lí 10): Lấy một vài ví dụ minh họa ...",
        "url": "giai-bai-tap-dia-li-10_bai-3-trang-76-sgk-dia-li-10",
        "level": 0
    }
]