[
    {
        "type": "category",
        "title": "Trả lời câu hỏi Bài 42: Môi trường và sự phát triển bền vững thủng tầng ôdôn ...; tiến bộ khoa học - kĩ thuật ...",
        "url": "giai-bai-tap-dia-li-10_tra-loi-cau-hoi-dia-li-10-bai-42",
        "level": 0
    },
    {
        "type": "category",
        "title": "Bài 1 (trang 163 sgk Địa Lí 10): Thế nào là sự phát triển bền vững?",
        "url": "giai-bai-tap-dia-li-10_bai-1-trang-163-sgk-dia-li-10",
        "level": 0
    },
    {
        "type": "category",
        "title": "Bài 2 (trang 163 sgk Địa Lí 10): Tại sao việc giải quyết ...",
        "url": "giai-bai-tap-dia-li-10_bai-2-trang-163-sgk-dia-li-10",
        "level": 0
    },
    {
        "type": "category",
        "title": "Bài 3 (trang 163 sgk Địa Lí 10): Các nước đang phát triển gặp những khó khăn gì ...",
        "url": "giai-bai-tap-dia-li-10_bai-3-trang-163-sgk-dia-li-10",
        "level": 0
    }
]