[
    {
        "type": "category",
        "title": "Trả lời câu hỏi Bài 41: Môi trường và tài nguyên thiên nhiên các loại tài nguyên ...; tiến bộ của khoa học công nghệ ...; suy thoái tài nguyên ...; ",
        "url": "giai-bai-tap-dia-li-10_tra-loi-cau-hoi-dia-li-10-bai-41",
        "level": 0
    },
    {
        "type": "category",
        "title": "Bài 1 (trang 161 sgk Địa Lí 10): Môi trường tự nhiên ...",
        "url": "giai-bai-tap-dia-li-10_bai-1-trang-161-sgk-dia-li-10",
        "level": 0
    },
    {
        "type": "category",
        "title": "Bài 2 (trang 161 sgk Địa Lí 10): Em hãy lấy ví dụ ..",
        "url": "giai-bai-tap-dia-li-10_bai-2-trang-161-sgk-dia-li-10",
        "level": 0
    },
    {
        "type": "category",
        "title": "Bài 3 (trang 161 sgk Địa Lí 10): Môi trường địa lí ...",
        "url": "giai-bai-tap-dia-li-10_bai-3-trang-161-sgk-dia-li-10",
        "level": 0
    }
]