[
    {
        "type": "category",
        "title": "Trả lời câu hỏi Bài 33: Một số hình thức chủ yếu của tổ chức lãnh thổ công nghiệp tổ chức lãnh thổ công nghiệp ...",
        "url": "giai-bai-tap-dia-li-10_tra-loi-cau-hoi-dia-li-10-bai-33",
        "level": 0
    },
    {
        "type": "category",
        "title": "Bài 1 (trang-132 sgk Địa Lí 10): Em hãy nêu ...",
        "url": "giai-bai-tap-dia-li-10_bai-1-trang-132-sgk-dia-li-10",
        "level": 0
    },
    {
        "type": "category",
        "title": "Bài 2 (trang-132 sgk Địa Lí 10): Tại sao",
        "url": "giai-bai-tap-dia-li-10_bai-2-trang-132-sgk-dia-li-10",
        "level": 0
    },
    {
        "type": "category",
        "title": "Bài 3 (trang-132 sgk Địa Lí 10): Sưu tầm ...",
        "url": "giai-bai-tap-dia-li-10_bai-3-trang-132-sgk-dia-li-10",
        "level": 0
    }
]