[
    {
        "type": "category",
        "title": "Trả lời câu hỏi Bài 2: Một số phương pháp biểu hiện các đối tượng địa lí trên bản đồ Quan sát hình 2.1 ...; Dựa vào hình 2.2; Quan sát hình 2.3 ...; Quan sát hình 2.4 ...",
        "url": "giai-bai-tap-dia-li-10_tra-loi-cau-hoi-dia-li-10-bai-2",
        "level": 0
    },
    {
        "type": "category",
        "title": "Bài 1 (trang 14 sgk Địa Lí 10): Các đối tượng địa lí ...",
        "url": "giai-bai-tap-dia-li-10_bai-1-trang-14-sgk-dia-li-10",
        "level": 0
    },
    {
        "type": "category",
        "title": "Bài 2 (trang 14 sgk Địa Lí 10): Hình 2.3 thể hiện ...",
        "url": "giai-bai-tap-dia-li-10_bai-2-trang-14-sgk-dia-li-10",
        "level": 0
    }
]