[
    {
        "type": "category",
        "title": "Trả lời câu hỏi Bài 13: Ngưng đọng hơi nước trong khí quyển. Mưa Dựa vào kiến thức đã học ...; tình hình phân bố mưa ...; các lục địa theo vĩ tuyến 40oB ...",
        "url": "giai-bai-tap-dia-li-10_tra-loi-cau-hoi-dia-li-10-bai-13",
        "level": 0
    },
    {
        "type": "category",
        "title": "Bài 1 (trang 52 sgk Địa Lí 10): Hãy trình bày ...",
        "url": "giai-bai-tap-dia-li-10_bai-1-trang-52-sgk-dia-li-10",
        "level": 0
    },
    {
        "type": "category",
        "title": "Bài 2 (trang 52 sgk Địa Lí 10): Dựa vào hình 13.1 ...",
        "url": "giai-bai-tap-dia-li-10_bai-2-trang-52-sgk-dia-li-10",
        "level": 0
    },
    {
        "type": "category",
        "title": "Bài 3 (trang 52 sgk Địa Lí 10): Dựa vào hình 13.2 ...",
        "url": "giai-bai-tap-dia-li-10_bai-3-trang-52-sgk-dia-li-10",
        "level": 0
    }
]