[
    {
        "type": "category",
        "title": "Trả lời câu hỏi Bài 24: Phân bố dân cư. Các loại hình quần cư và đô thị hóa phân bố dân cư ...; Dựa vào báng 24.2 ...; tỉ lệ dân cư ...; ",
        "url": "giai-bai-tap-dia-li-10_tra-loi-cau-hoi-dia-li-10-bai-24",
        "level": 0
    },
    {
        "type": "category",
        "title": "Bài 1 (trang 97 sgk Địa Lí 10): Hãy nêu đặc điểm",
        "url": "giai-bai-tap-dia-li-10_bai-1-trang-97-sgk-dia-li-10",
        "level": 0
    },
    {
        "type": "category",
        "title": "Bài 2 (trang 97 sgk Địa Lí 10): Trình bày sự khác biệt",
        "url": "giai-bai-tap-dia-li-10_bai-2-trang-97-sgk-dia-li-10",
        "level": 0
    },
    {
        "type": "category",
        "title": "Bài 3 (trang 97 sgk Địa Lí 10): Cho bảng số liệu",
        "url": "giai-bai-tap-dia-li-10_bai-3-trang-97-sgk-dia-li-10",
        "level": 0
    }
]