[
    {
        "type": "category",
        "title": "Trả lời câu hỏi Bài 21: Quy luật địa đới và quy luật phi địa đới đới khí hậu ...; thảm thực vật ...",
        "url": "giai-bai-tap-dia-li-10_tra-loi-cau-hoi-dia-li-10-bai-21",
        "level": 0
    },
    {
        "type": "category",
        "title": "Bài 1 (trang 79 sgk Địa Lí 10): Trình bày khái niệm ...",
        "url": "giai-bai-tap-dia-li-10_bai-1-trang-79-sgk-dia-li-10",
        "level": 0
    },
    {
        "type": "category",
        "title": "Bài 2 (trang 79 sgk Địa Lí 10): Hãy lấy ví dụ chứng minh ...",
        "url": "giai-bai-tap-dia-li-10_bai-2-trang-79-sgk-dia-li-10",
        "level": 0
    }
]