[
    {
        "type": "category",
        "title": "Trả lời câu hỏi Bài 18: Sinh quyển. Các nhân tố ảnh hưởng tới sự phát triển và phân bố của sinh vật phân bố động vật ...",
        "url": "giai-bai-tap-dia-li-10_tra-loi-cau-hoi-dia-li-10-bai-18",
        "level": 0
    },
    {
        "type": "category",
        "title": "Bài 1 (trang 68 sgk Địa Lí 10): Sinh quyển là gì? ...",
        "url": "giai-bai-tap-dia-li-10_bai-1-trang-68-sgk-dia-li-10",
        "level": 0
    },
    {
        "type": "category",
        "title": "Bài 2 (trang 68 sgk Địa Lí 10): Các nhân tố tự nhiên ...",
        "url": "giai-bai-tap-dia-li-10_bai-2-trang-68-sgk-dia-li-10",
        "level": 0
    },
    {
        "type": "category",
        "title": "Bài 3 (trang 68 sgk Địa Lí 10): Hãy tìm những nguyên nhân ...",
        "url": "giai-bai-tap-dia-li-10_bai-3-trang-68-sgk-dia-li-10",
        "level": 0
    }
]