[
    {
        "type": "category",
        "title": "Trả lời câu hỏi Bài 16: Sông. Thủy triều. Dòng biển dao động thủy triều ...; sự đối xứng nhau của các dòng biển ...",
        "url": "giai-bai-tap-dia-li-10_tra-loi-cau-hoi-dia-li-10-bai-16",
        "level": 0
    },
    {
        "type": "category",
        "title": "Bài 1 (trang 62 sgk Địa Lí 10): Hãy cho biết nguyên nhân ...",
        "url": "giai-bai-tap-dia-li-10_bai-1-trang-62-sgk-dia-li-10",
        "level": 0
    },
    {
        "type": "category",
        "title": "Bài 2 (trang 62 sgk Địa Lí 10): Dựa vào các hình 16.1, 16.2, 16.3 ...",
        "url": "giai-bai-tap-dia-li-10_bai-2-trang-62-sgk-dia-li-10",
        "level": 0
    },
    {
        "type": "category",
        "title": "Bài 3 (trang 62 sgk Địa Lí 10): Dựa vào hình 16.4 ...",
        "url": "giai-bai-tap-dia-li-10_bai-3-trang-62-sgk-dia-li-10",
        "level": 0
    }
]