[
    {
        "type": "category",
        "title": "Trả lời câu hỏi Bài 3: Sử dụng bản đồ trong học tập và đời sốngHãy cho ví dụ ... ",
        "url": "giai-bai-tap-dia-li-10_tra-loi-cau-hoi-dia-li-10-bai-3",
        "level": 0
    },
    {
        "type": "category",
        "title": "Bài 1 (trang 16 sgk Địa Lí 10): Hãy cho biết tác dụng ...",
        "url": "giai-bai-tap-dia-li-10_bai-1-trang-16-sgk-dia-li-10",
        "level": 0
    },
    {
        "type": "category",
        "title": "Bài 2 (trang 16 sgk Địa Lí 10): Chứng minh rằng bản đồ ...",
        "url": "giai-bai-tap-dia-li-10_bai-2-trang-16-sgk-dia-li-10",
        "level": 0
    },
    {
        "type": "category",
        "title": "Bài 3 (trang 16 sgk Địa Lí 10): Để trình bày và giải thích ...",
        "url": "giai-bai-tap-dia-li-10_bai-3-trang-16-sgk-dia-li-10",
        "level": 0
    }
]