[
    {
        "type": "category",
        "title": "Trả lời câu hỏi Bài 12: Sự phân bố khí áp. Một số loại gió chính Quan sát hình 14.1 ...; Dựa vào hình 12.4 ...; Dựa vào hình 12.5 ...; Khi gió lên cao ...",
        "url": "giai-bai-tap-dia-li-10_tra-loi-cau-hoi-dia-li-10-bai-12",
        "level": 0
    },
    {
        "type": "category",
        "title": "Bài 1 (trang 48 sgk Địa Lí 10): Em hãy nêu những nguyên nhân làm ...",
        "url": "giai-bai-tap-dia-li-10_bai-1-trang-48-sgk-dia-li-10",
        "level": 0
    },
    {
        "type": "category",
        "title": "Bài 2 (trang 48 sgk Địa Lí 10): Dựa vào hình 12.1, hãy trình bày hoạt động ...",
        "url": "giai-bai-tap-dia-li-10_bai-2-trang-48-sgk-dia-li-10",
        "level": 0
    },
    {
        "type": "category",
        "title": "Bài 3 (trang 48 sgk Địa Lí 10): Dựa vào các hành 12.2 và 12.3, hãy trình bày hoạt động ...",
        "url": "giai-bai-tap-dia-li-10_bai-3-trang-48-sgk-dia-li-10",
        "level": 0
    },
    {
        "type": "category",
        "title": "Bài 4 (trang 48 sgk Địa Lí 10): Dựa vào các hình 12.4, 12.5, hãy trình bày và giải thích ...",
        "url": "giai-bai-tap-dia-li-10_bai-4-trang-48-sgk-dia-li-10",
        "level": 0
    }
]