[
    {
        "type": "category",
        "title": "Trả lời câu hỏi Bài 19: Sự phân bố của sinh vật và đất trên Trái Đất Dựa vào các hình 19.1, 19.2 ...; dựa vào hình 19.11 ...",
        "url": "giai-bai-tap-dia-li-10_tra-loi-cau-hoi-dia-li-10-bai-19",
        "level": 0
    },
    {
        "type": "category",
        "title": "Bài 1 (trang 73 sgk Địa Lí 10): Nguyên nhân nào ...",
        "url": "giai-bai-tap-dia-li-10_bai-1-trang-73-sgk-dia-li-10",
        "level": 0
    },
    {
        "type": "category",
        "title": "Bài 2 (trang 73 sgk Địa Lí 10): phân bố các vành đai thực vật ...",
        "url": "giai-bai-tap-dia-li-10_bai-2-trang-73-sgk-dia-li-10",
        "level": 0
    },
    {
        "type": "category",
        "title": "Bài 3 (trang 73 sgk Địa Lí 10): Dựa vào hình 19.1 và 19.2 ...",
        "url": "giai-bai-tap-dia-li-10_bai-3-trang-73-sgk-dia-li-10",
        "level": 0
    }
]