[
    {
        "type": "category",
        "title": "Trả lời câu hỏi Bài 9: Tác động của ngoại lực đến địa hình bề mặt Trái Đất Vì sao quá trình phong hóa ...; phong hóa lí học ...; địa hình cácxtơ ...",
        "url": "giai-bai-tap-dia-li-10_tra-loi-cau-hoi-dia-li-10-bai-9",
        "level": 0
    },
    {
        "type": "category",
        "title": "Bài 1 (trang 34 sgk Địa Lí 10): Ngoại lực là gì? ...",
        "url": "giai-bai-tap-dia-li-10_bai-1-trang-34-sgk-dia-li-10",
        "level": 0
    },
    {
        "type": "category",
        "title": "Bài 2 (trang 34 sgk Địa Lí 10): Sự khác nhau ...",
        "url": "giai-bai-tap-dia-li-10_bai-2-trang-34-sgk-dia-li-10",
        "level": 0
    },
    {
        "type": "category",
        "title": "Bài 3 (trang 34 sgk Địa Lí 10): Hãy nêu một vài ...",
        "url": "giai-bai-tap-dia-li-10_bai-3-trang-34-sgk-dia-li-10",
        "level": 0
    }
]