[
    {
        "type": "category",
        "title": "Trả lời câu hỏi Bài 9: Tác động của ngoại lực đến địa hình bề mặt Trái Đất địa hình bồi tụ ...; ",
        "url": "giai-bai-tap-dia-li-10_tra-loi-cau-hoi-dia-li-10-bai-9-tiet-2",
        "level": 0
    },
    {
        "type": "category",
        "title": "Bài 1 (trang 37 sgk Địa Lí 10): Quá trình bóc mòn là gì? Kể tên một số dạng địa hình",
        "url": "giai-bai-tap-dia-li-10_bai-1-trang-37-sgk-dia-li-10",
        "level": 0
    },
    {
        "type": "category",
        "title": "Bài 2 (trang 37 sgk Địa Lí 10): Phân tích mối quan hệ giữa ba quá trình: ...",
        "url": "giai-bai-tap-dia-li-10_bai-2-trang-37-sgk-dia-li-10",
        "level": 0
    }
]