[
    {
        "type": "category",
        "title": "Trả lời câu hỏi Bài 8: Tác động của nội lực đến địa hình bề mặt Trái Đất Dựa vào kiến thức đã học ...",
        "url": "giai-bai-tap-dia-li-10_tra-loi-cau-hoi-dia-li-10-bai-8",
        "level": 0
    },
    {
        "type": "category",
        "title": "Bài 1 (trang 31 sgk Địa Lí 10): Nội lực là gì? ...",
        "url": "giai-bai-tap-dia-li-10_bai-1-trang-31-sgk-dia-li-10",
        "level": 0
    },
    {
        "type": "category",
        "title": "Bài 2 (trang 31 sgk Địa Lí 10): Trình bày các vận động ...",
        "url": "giai-bai-tap-dia-li-10_bai-2-trang-31-sgk-dia-li-10",
        "level": 0
    }
]