[
    {
        "type": "category",
        "title": "Trả lời câu hỏi Bài 17: Thổ nhưỡng quyển. Các nhân tố hình thành thổ nhưỡng lớp phủ thổ nhưỡng ...; ảnh hưởng của đá mẹ ...; Các kiểu khí hậu khác nhau ...; tác động của sinh vật ...; tác động của con người ...",
        "url": "giai-bai-tap-dia-li-10_tra-loi-cau-hoi-dia-li-10-bai-17",
        "level": 0
    },
    {
        "type": "category",
        "title": "Bài 1 (trang 65sgk Địa Lí 10): Đất là gì? ...",
        "url": "giai-bai-tap-dia-li-10_bai-1-trang-65-sgk-dia-li-10",
        "level": 0
    },
    {
        "type": "category",
        "title": "Bài 2 (trang 65sgk Địa Lí 10): Căn cứ vào đâu ...",
        "url": "giai-bai-tap-dia-li-10_bai-2-trang-65-sgk-dia-li-10",
        "level": 0
    },
    {
        "type": "category",
        "title": "Bài 3 (trang 65sgk Địa Lí 10): Trình bày tóm tắt ...",
        "url": "giai-bai-tap-dia-li-10_bai-3-trang-65-sgk-dia-li-10",
        "level": 0
    }
]