[
    {
        "type": "category",
        "title": "Trả lời câu hỏi Bài 15: Thủy quyển. Một số nhân tố ảnh hưởng đến chế độ nước sông. Một số sông lớn trên Trái Đất Dựa vào hình 15  ...; chế độ nước sông ...; nước lũ ở các sông ngòi miền Trung ...; rừng phòng hộ ...",
        "url": "giai-bai-tap-dia-li-10_tra-loi-cau-hoi-dia-li-10-bai-15",
        "level": 0
    },
    {
        "type": "category",
        "title": "Bài 1 (trang 58 sgk Địa Lí 10): Dựa vào hình 15 ...",
        "url": "giai-bai-tap-dia-li-10_bai-1-trang-58-sgk-dia-li-10",
        "level": 0
    },
    {
        "type": "category",
        "title": "Bài 2 (trang 58 sgk Địa Lí 10): Hãy trình bày những nhân tố ...",
        "url": "giai-bai-tap-dia-li-10_bai-2-trang-58-sgk-dia-li-10",
        "level": 0
    }
]