[
    {
        "type": "category",
        "title": "Trả lời câu hỏi Bài 35: Vai trò, các nhân tố ảnh hưởng và đặc điểm phân bố các ngành dịch vụ nhân tố ảnh hưởng ...; phân hóa tỉ trọng ... ",
        "url": "giai-bai-tap-dia-li-10_tra-loi-cau-hoi-dia-li-10-bai-35",
        "level": 0
    },
    {
        "type": "category",
        "title": "Bài 1 (trang 137 sgk Địa Lí 10): Thế nào là ngành dịch vụ? ...",
        "url": "giai-bai-tap-dia-li-10_bai-1-trang-137-sgk-dia-li-10",
        "level": 0
    },
    {
        "type": "category",
        "title": "Bài 2 (trang 137 sgk Địa Lí 10): Trình bày tình hình phát triển ...",
        "url": "giai-bai-tap-dia-li-10_bai-2-trang-137-sgk-dia-li-10",
        "level": 0
    },
    {
        "type": "category",
        "title": "Bài 3 (trang 137 sgk Địa Lí 10): Vẽ sơ đồ các nhân tố ... ",
        "url": "giai-bai-tap-dia-li-10_bai-3-trang-137-sgk-dia-li-10",
        "level": 0
    },
    {
        "type": "category",
        "title": "Bài 4 (trang 137 sgk Địa Lí 10): Cho bảng số liệu ...",
        "url": "giai-bai-tap-dia-li-10_bai-4-trang-137-sgk-dia-li-10",
        "level": 0
    }
]