[
    {
        "type": "category",
        "title": "Trả lời câu hỏi Bài 36: Vai trò, đặc điểm  và các nhân tố ảnh hưởng đến phát triển, phân bố ngành giao thông vận tải tiến bộ của ngành vận tải ...; phương tiện vận tải ...; mạng lưới sông ngòi đày đặc ...; Điều kiện tự nhiên khắc nghiệt ...; tác động của công nghiệp ...; ",
        "url": "giai-bai-tap-dia-li-10_tra-loi-cau-hoi-dia-li-10-bai-36",
        "level": 0
    },
    {
        "type": "category",
        "title": "Bài 1 (trang 141 sgk Địa Lí 10): Tại sao người ta nói ...",
        "url": "giai-bai-tap-dia-li-10_bai-1-trang-141-sgk-dia-li-10",
        "level": 0
    },
    {
        "type": "category",
        "title": "Bài 2 (trang 141 sgk Địa Lí 10): Chứng minh rằng ...",
        "url": "giai-bai-tap-dia-li-10_bai-2-trang-141-sgk-dia-li-10",
        "level": 0
    },
    {
        "type": "category",
        "title": "Bài 3 (trang 141 sgk Địa Lí 10): Chứng mình rằng các điều kiện kinh tế - xã hội ...",
        "url": "giai-bai-tap-dia-li-10_bai-3-trang-141-sgk-dia-li-10",
        "level": 0
    },
    {
        "type": "category",
        "title": "Bài 4 (trang 141 sgk Địa Lí 10): Hãy tính cự li vận chuyển ...",
        "url": "giai-bai-tap-dia-li-10_bai-4-trang-141-sgk-dia-li-10",
        "level": 0
    }
]