[
    {
        "type": "category",
        "title": "Trả lời câu hỏi Bài 27: Vai trò, đặc điểm, các nhân tố ảnh hưởng tới phát triển và phân bố nông nghiệp. Một số hình thức tổ chức lãnh thổ nông nghiệp sản xuất nông nghiệp ...; phân bố nông nghiệp ...; lãnh thổ nông nghiệp ...",
        "url": "giai-bai-tap-dia-li-10_tra-loi-cau-hoi-dia-li-10-bai-27",
        "level": 0
    },
    {
        "type": "category",
        "title": "Bài 1 (trang 106 sgk Địa Lí 10): Hãy nêu vai trò của ...",
        "url": "giai-bai-tap-dia-li-10_bai-1-trang-106-sgk-dia-li-10",
        "level": 0
    },
    {
        "type": "category",
        "title": "Bài 2 (trang 106 sgk Địa Lí 10): Ngành sản xuất nông nghiệp ...",
        "url": "giai-bai-tap-dia-li-10_bai-2-trang-106-sgk-dia-li-10",
        "level": 0
    },
    {
        "type": "category",
        "title": "Bài 3 (trang 106 sgk Địa Lí 10): Em hãy phân biệt ...",
        "url": "giai-bai-tap-dia-li-10_bai-3-trang-106-sgk-dia-li-10",
        "level": 0
    }
]