[
    {
        "type": "category",
        "title": "Trả lời câu hỏi Bài 31: Vai trò, đặc điểm của công nghiệp. Các nhân tố ảnh hưởng tới phát triển và phân bố công nghiệp sản xuất công nghiệp ...; phân bố công nghiệp ...",
        "url": "giai-bai-tap-dia-li-10_tra-loi-cau-hoi-dia-li-10-bai-31",
        "level": 0
    },
    {
        "type": "category",
        "title": "Bài 1 (trang 120 sgk Địa Lí 10): Hãy chứng minh ...",
        "url": "giai-bai-tap-dia-li-10_bai-1-trang-120-sgk-dia-li-10",
        "level": 0
    },
    {
        "type": "category",
        "title": "Bài 2 (trang 120 sgk Địa Lí 10): Hãy so sánh đặc điểm ...",
        "url": "giai-bai-tap-dia-li-10_bai-2-trang-120-sgk-dia-li-10",
        "level": 0
    },
    {
        "type": "category",
        "title": "Bài 3 (trang 120 sgk Địa Lí 10): Theo em, trong điều kiện hiện nay...",
        "url": "giai-bai-tap-dia-li-10_bai-3-trang-120-sgk-dia-li-10",
        "level": 0
    }
]