[
    {
        "type": "category",
        "title": "Trả lời câu hỏi Bài 5: Vũ Trụ. Hệ Mặt Trời và Trái Đất. Hệ quả của chuyển động tự quay quanh trục của Trái Đất Quan sát hình 5.2 ",
        "url": "giai-bai-tap-dia-li-10_tra-loi-cau-hoi-dia-li-10-bai-5",
        "level": 0
    },
    {
        "type": "category",
        "title": "Bài 1 (trang 21 sgk Địa Lí 10): Vũ Trụ là gì ...",
        "url": "giai-bai-tap-dia-li-10_bai-1-trang-21-sgk-dia-li-10",
        "level": 0
    },
    {
        "type": "category",
        "title": "Bài 2 (trang 21 sgk Địa Lí 10): Hãy trình bày ...",
        "url": "giai-bai-tap-dia-li-10_bai-2-trang-21-sgk-dia-li-10",
        "level": 0
    },
    {
        "type": "category",
        "title": "Bài 3 (trang 21 sgk Địa Lí 10): Căn cứ vào bản đồ ...",
        "url": "giai-bai-tap-dia-li-10_bai-3-trang-21-sgk-dia-li-10",
        "level": 0
    }
]