[
    {
        "type": "category",
        "title": "Trả lời câu hỏi Sinh 10 Bài 4 trang 19: Hãy kể tên các loại đường  ...",
        "url": "giai-bai-tap-sinh-10_tra-loi-cau-hoi-sinh-10-bai-4-trang-19",
        "level": 0
    },
    {
        "type": "category",
        "title": "Câu 1 trang 22 Sinh học 10: Thuật ngữ nào dưới đây  ...",
        "url": "giai-bai-tap-sinh-10_cau-1-trang-22-sinh-10",
        "level": 0
    },
    {
        "type": "category",
        "title": "Câu 2 trang 22 Sinh học 10: Nêu các cấu trúc và chức năng  ...",
        "url": "giai-bai-tap-sinh-10_cau-2-trang-22-sinh-10",
        "level": 0
    },
    {
        "type": "category",
        "title": "Câu 3 trang 22 Sinh học 10: Nêu và cho biết chức năng  ...",
        "url": "giai-bai-tap-sinh-10_cau-3-trang-22-sinh-10",
        "level": 0
    }
]