[
    {
        "type": "category",
        "title": "Trả lời câu hỏi Sinh 10 Bài 5 trang 25: Tại sao chúng ta lại  ...",
        "url": "giai-bai-tap-sinh-10_tra-loi-cau-hoi-sinh-10-bai-5-trang-25",
        "level": 0
    },
    {
        "type": "category",
        "title": "Câu 1 trang 25 Sinh học 10: Nếu cấu trúc bậc 1 của  ...",
        "url": "giai-bai-tap-sinh-10_cau-1-trang-25-sinh-10",
        "level": 0
    },
    {
        "type": "category",
        "title": "Câu 2 trang 25 Sinh học 10: Nêu một vài loại prôtêin  ...",
        "url": "giai-bai-tap-sinh-10_cau-2-trang-25-sinh-10",
        "level": 0
    },
    {
        "type": "category",
        "title": "Câu 3 trang 25 Sinh học 10: Tơ nhện, tơ tằm, sừng trâu,  ...",
        "url": "giai-bai-tap-sinh-10_cau-3-trang-25-sinh-10",
        "level": 0
    }
]