[
    {
        "type": "category",
        "title": "Trả lời câu hỏi Sinh 10 Bài 32 trang 126: Dựa vào các con đường ...",
        "url": "giai-bai-tap-sinh-10_tra-loi-cau-hoi-sinh-10-bai-32-trang-126",
        "level": 0
    },
    {
        "type": "category",
        "title": "Trả lời câu hỏi Sinh 10 Bài 32 trang 127: Xung quanh chúng ta ...",
        "url": "giai-bai-tap-sinh-10_tra-loi-cau-hoi-sinh-10-bai-32-trang-127",
        "level": 0
    },
    {
        "type": "category",
        "title": "Câu 1 trang 128 Sinh học 10: Thế nào là bệnh truyền nhiễm?  ...",
        "url": "giai-bai-tap-sinh-10_cau-1-trang-128-sinh-10",
        "level": 0
    },
    {
        "type": "category",
        "title": "Câu 2 trang 128 Sinh học 10: Thế nào là miễn dịch đặc hiệu,  ...",
        "url": "giai-bai-tap-sinh-10_cau-2-trang-128-sinh-10",
        "level": 0
    },
    {
        "type": "category",
        "title": "Câu 3 trang 128 Sinh học 10: Hãy phân biệt miễn dịch  ...",
        "url": "giai-bai-tap-sinh-10_cau-3-trang-128-sinh-10",
        "level": 0
    }
]