[
    {
        "type": "category",
        "title": "Trả lời câu hỏi Sinh 10 Bài 30 trang 120: Vì sao mỗi loại virus chỉ  ...  Các đối tượng nào có nguy cơ  ...",
        "url": "giai-bai-tap-sinh-10_tra-loi-cau-hoi-sinh-10-bai-30-trang-120",
        "level": 0
    },
    {
        "type": "category",
        "title": "Câu 1 trang 121 Sinh học 10: Nêu 5 giai đoạn nhân lên  ...",
        "url": "giai-bai-tap-sinh-10_cau-1-trang-121-sinh-10",
        "level": 0
    },
    {
        "type": "category",
        "title": "Câu 2 trang 121 Sinh học 10: HIV có thể lây nhiễm  ...",
        "url": "giai-bai-tap-sinh-10_cau-2-trang-121-sinh-10",
        "level": 0
    },
    {
        "type": "category",
        "title": "Câu 3 trang 121 Sinh học 10: Thế nào là bệnh cơ hội và  ...",
        "url": "giai-bai-tap-sinh-10_cau-3-trang-121-sinh-10",
        "level": 0
    },
    {
        "type": "category",
        "title": "Câu 4 trang 121 Sinh học 10: Tại sao nói HIV gây hội chứng  ...",
        "url": "giai-bai-tap-sinh-10_cau-4-trang-121-sinh-10",
        "level": 0
    },
    {
        "type": "category",
        "title": "Câu 5 trang 121 Sinh học 10: Cần phải nhận thức và thái độ  ...",
        "url": "giai-bai-tap-sinh-10_cau-5-trang-121-sinh-10",
        "level": 0
    }
]