[
    {
        "type": "category",
        "title": "Trả lời câu hỏi Sinh 10 Bài 25 trang 99: Sau thời gian của một thế hệ, ...",
        "url": "giai-bai-tap-sinh-10_tra-loi-cau-hoi-sinh-10-bai-25-trang-99",
        "level": 0
    },
    {
        "type": "category",
        "title": "Trả lời câu hỏi Sinh 10 Bài 25 trang 100: Hãy tính số lần phân chia  ...",
        "url": "giai-bai-tap-sinh-10_tra-loi-cau-hoi-sinh-10-bai-25-trang-100",
        "level": 0
    },
    {
        "type": "category",
        "title": "Trả lời câu hỏi Sinh 10 Bài 25 trang 101: Để thu được số lượng ...",
        "url": "giai-bai-tap-sinh-10_tra-loi-cau-hoi-sinh-10-bai-25-trang-101",
        "level": 0
    },
    {
        "type": "category",
        "title": "Câu 1 trang 101 Sinh học 10: Hãy nêu đặc điểm 4 pha sinh  ...",
        "url": "giai-bai-tap-sinh-10_cau-1-trang-101-sinh-10",
        "level": 0
    },
    {
        "type": "category",
        "title": "Câu 2 trang 101 Sinh học 10: Vì sao quá trình sinh trưởng  ...",
        "url": "giai-bai-tap-sinh-10_cau-2-trang-101-sinh-10",
        "level": 0
    },
    {
        "type": "category",
        "title": "Câu 3 trang 101 Sinh học 10: Vì sao trong nuôi cấy không liên tục,  ...",
        "url": "giai-bai-tap-sinh-10_cau-3-trang-101-sinh-10",
        "level": 0
    }
]