[
    {
        "type": "category",
        "title": "Trả lời câu hỏi Sinh 10 Bài 19 trang 78: Quan sát hình 19.1 và  ...",
        "url": "giai-bai-tap-sinh-10_tra-loi-cau-hoi-sinh-10-bai-19-trang-78",
        "level": 0
    },
    {
        "type": "category",
        "title": "Câu 1 trang 80 Sinh học 10: Mô tả tóm tắt diễn biến  ...",
        "url": "giai-bai-tap-sinh-10_cau-1-trang-80-sinh-10",
        "level": 0
    },
    {
        "type": "category",
        "title": "Câu 2 trang 80 Sinh học 10: Hiện tượng các NST  ...",
        "url": "giai-bai-tap-sinh-10_cau-2-trang-80-sinh-10",
        "level": 0
    },
    {
        "type": "category",
        "title": "Câu 3 trang 80 Sinh học 10: Nêu sự khác biệt giữa nguyên phân  ...",
        "url": "giai-bai-tap-sinh-10_cau-3-trang-80-sinh-10",
        "level": 0
    },
    {
        "type": "category",
        "title": "Câu 4 trang 80 Sinh học 10: Nêu ý nghĩa của quá trình  ...",
        "url": "giai-bai-tap-sinh-10_cau-4-trang-80-sinh-10",
        "level": 0
    }
]