[
    {
        "type": "category",
        "title": "Trả lời câu hỏi Sinh 10 Bài 3 trang 17: Quan sát hình 3.2  ...",
        "url": "giai-bai-tap-sinh-10_tra-loi-cau-hoi-sinh-10-bai-3-trang-17",
        "level": 0
    },
    {
        "type": "category",
        "title": "Câu 1 trang 18 Sinh học 10: Các nguyên tố vi lượng  ...",
        "url": "giai-bai-tap-sinh-10_cau-1-trang-18-sinh-10",
        "level": 0
    },
    {
        "type": "category",
        "title": "Câu 2 trang 18 Sinh học 10: Tại sao khi tìm kiếm  ...",
        "url": "giai-bai-tap-sinh-10_cau-2-trang-18-sinh-10",
        "level": 0
    },
    {
        "type": "category",
        "title": "Câu 3 trang 18 Sinh học 10: Trình bày cấu trúc  ...",
        "url": "giai-bai-tap-sinh-10_cau-3-trang-18-sinh-10",
        "level": 0
    }
]