[
    {
        "type": "category",
        "title": "Trả lời câu hỏi Sinh 10 Bài 26 trang 103: Vi khuẩn có thể sinh sản  ...",
        "url": "giai-bai-tap-sinh-10_tra-loi-cau-hoi-sinh-10-bai-26-trang-103",
        "level": 0
    },
    {
        "type": "category",
        "title": "Câu 1 trang 105 Sinh học 10: Vi khuẩn có thể hình thành  ...",
        "url": "giai-bai-tap-sinh-10_cau-1-trang-105-sinh-10",
        "level": 0
    },
    {
        "type": "category",
        "title": "Câu 2 trang 105 Sinh học 10: Cho ví dụ về các bào tử  ...",
        "url": "giai-bai-tap-sinh-10_cau-2-trang-105-sinh-10",
        "level": 0
    },
    {
        "type": "category",
        "title": "Câu 3 trang 105 Sinh học 10: Nếu không diệt hết nội bào tử,  ...",
        "url": "giai-bai-tap-sinh-10_cau-3-trang-105-sinh-10",
        "level": 0
    }
]