[
    {
        "type": "category",
        "title": "Trả lời câu hỏi Sinh 10 Bài 17 trang 68: Theo em câu nói: ...",
        "url": "giai-bai-tap-sinh-10_tra-loi-cau-hoi-sinh-10-bai-17-trang-68",
        "level": 0
    },
    {
        "type": "category",
        "title": "Câu 1 trang 70 Sinh học 10: Quang hợp được thực hiện  ...",
        "url": "giai-bai-tap-sinh-10_cau-1-trang-70-sinh-10",
        "level": 0
    },
    {
        "type": "category",
        "title": "Câu 2 trang 70 Sinh học 10: Quang hợp thường được chia ...",
        "url": "giai-bai-tap-sinh-10_cau-2-trang-70-sinh-10",
        "level": 0
    },
    {
        "type": "category",
        "title": "Câu 3 trang 70 Sinh học 10: Những phân tử nào chịu trách  ...",
        "url": "giai-bai-tap-sinh-10_cau-3-trang-70-sinh-10",
        "level": 0
    },
    {
        "type": "category",
        "title": "Câu 4 trang 70 Sinh học 10:  Oxi được sinh ra từ chất nào ...",
        "url": "giai-bai-tap-sinh-10_cau-4-trang-70-sinh-10",
        "level": 0
    },
    {
        "type": "category",
        "title": "Câu 5 trang 70 Sinh học 10:  Ở thực vật, pha sáng của...",
        "url": "giai-bai-tap-sinh-10_cau-5-trang-70-sinh-10",
        "level": 0
    },
    {
        "type": "category",
        "title": "Câu 6 trang 70 Sinh học 10: Pha tối của quang hợp diễn ra  ...",
        "url": "giai-bai-tap-sinh-10_cau-6-trang-70-sinh-10",
        "level": 0
    }
]