[
    {
        "type": "category",
        "title": "Trả lời câu hỏi Sinh 10 Bài 13 trang 53: Nêu ví dụ về các dạng  ...",
        "url": "giai-bai-tap-sinh-10_tra-loi-cau-hoi-sinh-10-bai-13-trang-53",
        "level": 0
    },
    {
        "type": "category",
        "title": "Câu 1 trang 56  Sinh học 10: Thế nào là năng lượng? ...",
        "url": "giai-bai-tap-sinh-10_cau-1-trang-56-sinh-10",
        "level": 0
    },
    {
        "type": "category",
        "title": "Câu 2 trang 56  Sinh học 10: Năng lượng được tích trữ  ...",
        "url": "giai-bai-tap-sinh-10_cau-2-trang-56-sinh-10",
        "level": 0
    },
    {
        "type": "category",
        "title": "Câu 3 trang 56  Sinh học 10: Trình bày cấu trúc hóa học  ...",
        "url": "giai-bai-tap-sinh-10_cau-3-trang-56-sinh-10",
        "level": 0
    },
    {
        "type": "category",
        "title": "Câu 4 trang 56  Sinh học 10: Giải thích khái niệm chuyển hóa  ...",
        "url": "giai-bai-tap-sinh-10_cau-4-trang-56-sinh-10",
        "level": 0
    }
]