[
    {
        "type": "category",
        "title": "Trả lời câu hỏi Sinh 10 Bài 29 trang 117: Em hãy giải thích tại sao  ...",
        "url": "giai-bai-tap-sinh-10_tra-loi-cau-hoi-sinh-10-bai-29-trang-117",
        "level": 0
    },
    {
        "type": "category",
        "title": "Câu 1 trang 118 Sinh học 10: Hãy giải thích các thuật ngữ:  ...",
        "url": "giai-bai-tap-sinh-10_cau-1-trang-118-sinh-10",
        "level": 0
    },
    {
        "type": "category",
        "title": "Câu 2 trang 118 Sinh học 10: Nêu ba đặc điểm cơ bản  ...",
        "url": "giai-bai-tap-sinh-10_cau-2-trang-118-sinh-10",
        "level": 0
    },
    {
        "type": "category",
        "title": "Câu 3 trang 118 Sinh học 10: Dựa theo hình 29.3,  ...",
        "url": "giai-bai-tap-sinh-10_cau-3-trang-118-sinh-10",
        "level": 0
    }
]