[
    {
        "type": "category",
        "title": "Trả lời câu hỏi Sinh 10 Bài 10 trang 46: Tại sao khi ghép các mô  ...",
        "url": "giai-bai-tap-sinh-10_tra-loi-cau-hoi-sinh-10-bai-10-trang-46",
        "level": 0
    },
    {
        "type": "category",
        "title": "Câu 1 trang 46 Sinh học 10: Nêu cấu trúc và chức năng  ...",
        "url": "giai-bai-tap-sinh-10_cau-1-trang-46-sinh-10",
        "level": 0
    },
    {
        "type": "category",
        "title": "Câu 2 trang 46 Sinh học 10: Mô tả cấu trúc và chức năng  ...",
        "url": "giai-bai-tap-sinh-10_cau-2-trang-46-sinh-10",
        "level": 0
    },
    {
        "type": "category",
        "title": "Câu 3 trang 46 Sinh học 10:  Phân biệt thành tế bào ...",
        "url": "giai-bai-tap-sinh-10_cau-3-trang-46-sinh-10",
        "level": 0
    },
    {
        "type": "category",
        "title": "Câu 4 trang 46 Sinh học 10: Chất nền ngoại bào là gì? ...",
        "url": "giai-bai-tap-sinh-10_cau-4-trang-46-sinh-10",
        "level": 0
    }
]