[
    {
        "type": "category",
        "title": "Trả lời câu hỏi Sinh 10 Bài 23 trang 92: Bình đựng nước thịt  ...",
        "url": "giai-bai-tap-sinh-10_tra-loi-cau-hoi-sinh-10-bai-23-trang-92",
        "level": 0
    },
    {
        "type": "category",
        "title": "Trả lời câu hỏi Sinh 10 Bài 23 trang 93: Em hãy kể những thực phẩm  ...",
        "url": "giai-bai-tap-sinh-10_tra-loi-cau-hoi-sinh-10-bai-23-trang-93",
        "level": 0
    },
    {
        "type": "category",
        "title": "Câu 1 trang 94 Sinh học 10: Vi khuẩn lam tổng hợp  ...",
        "url": "giai-bai-tap-sinh-10_cau-1-trang-94-sinh-10",
        "level": 0
    },
    {
        "type": "category",
        "title": "Câu 2 trang 94 Sinh học 10: Điền sự sai khác của ...",
        "url": "giai-bai-tap-sinh-10_cau-2-trang-94-sinh-10",
        "level": 0
    },
    {
        "type": "category",
        "title": "Câu 3 trang 94 Sinh học 10: Tại sao khi để quả vải chín  ...",
        "url": "giai-bai-tap-sinh-10_cau-3-trang-94-sinh-10",
        "level": 0
    }
]