[
    {
        "type": "category",
        "title": "Trả lời câu hỏi Sinh 10 Bài 14 trang 57: Tại sao cơ thể người có thể  ...",
        "url": "giai-bai-tap-sinh-10_tra-loi-cau-hoi-sinh-10-bai-14-trang-57",
        "level": 0
    },
    {
        "type": "category",
        "title": "Trả lời câu hỏi Sinh 10 Bài 14 trang 59: Sơ đồ dưới đây mô tả  ...",
        "url": "giai-bai-tap-sinh-10_tra-loi-cau-hoi-sinh-10-bai-14-trang-59",
        "level": 0
    },
    {
        "type": "category",
        "title": "Câu 1 trang 59 Sinh học 10: Nêu cấu trúc và cơ chế  ...",
        "url": "giai-bai-tap-sinh-10_cau-1-trang-59-sinh-10",
        "level": 0
    },
    {
        "type": "category",
        "title": "Câu 2 trang 59 Sinh học 10: Tại sao khi tăng nhiệt độ ...",
        "url": "giai-bai-tap-sinh-10_cau-2-trang-59-sinh-10",
        "level": 0
    },
    {
        "type": "category",
        "title": "Câu 3 trang 59 Sinh học 10: Tế bào nhân thực có các bào  ...",
        "url": "giai-bai-tap-sinh-10_cau-3-trang-59-sinh-10",
        "level": 0
    },
    {
        "type": "category",
        "title": "Câu 4 trang 59 Sinh học 10: Tế bào có thể tự điều  ...",
        "url": "giai-bai-tap-sinh-10_cau-4-trang-59-sinh-10",
        "level": 0
    }
]