[
    {
        "type": "category",
        "title": "Câu 1 trang 12 Sinh học 10: Hãy đánh dấu + vào  ...",
        "url": "giai-bai-tap-sinh-10_cau-1-trang-12-sinh-10",
        "level": 0
    },
    {
        "type": "category",
        "title": "Câu 2 trang 12-13 Sinh học 10: Hãy trình bày đặc điểm  ...",
        "url": "giai-bai-tap-sinh-10_cau-2-trang-12-sinh-10",
        "level": 0
    },
    {
        "type": "category",
        "title": "Câu 3 trang 13 Sinh học 10: Hãy đánh dấu + vào ô ...",
        "url": "giai-bai-tap-sinh-10_cau-3-trang-13-sinh-10",
        "level": 0
    }
]