[
    {
        "type": "category",
        "title": "Trả lời câu hỏi Sinh 10 Bài 8 trang 37: Một nhà khoa học đã tiến hành ...",
        "url": "giai-bai-tap-sinh-10_tra-loi-cau-hoi-sinh-10-bai-8-trang-37",
        "level": 0
    },
    {
        "type": "category",
        "title": "Trả lời câu hỏi Sinh 10 Bài 8 trang 38: Dựa vào hình 8.2 hãy cho biết  ...",
        "url": "giai-bai-tap-sinh-10_tra-loi-cau-hoi-sinh-10-bai-8-trang-38",
        "level": 0
    },
    {
        "type": "category",
        "title": "Câu 1 trang 39 Sinh học 10: Mô tả cấu trúc của nhân tế bào. ...",
        "url": "giai-bai-tap-sinh-10_cau-1-trang-39-sinh-10",
        "level": 0
    },
    {
        "type": "category",
        "title": "Câu 2 trang 39 Sinh học 10: Nêu các chức năng của  ...",
        "url": "giai-bai-tap-sinh-10_cau-2-trang-39-sinh-10",
        "level": 0
    },
    {
        "type": "category",
        "title": "Câu 3 trang 39 Sinh học 10: Trình bày cấu trúc và chức năng  ...",
        "url": "giai-bai-tap-sinh-10_cau-3-trang-39-sinh-10",
        "level": 0
    },
    {
        "type": "category",
        "title": "Câu 4 trang 39 Sinh học 10: Tế bào nào trong cơ thể  ...",
        "url": "giai-bai-tap-sinh-10_cau-4-trang-39-sinh-10",
        "level": 0
    },
    {
        "type": "category",
        "title": "Câu 5 trang 39 Sinh học 10: Nêu cấu tạo và chức năng  ...",
        "url": "giai-bai-tap-sinh-10_cau-5-trang-39-sinh-10",
        "level": 0
    },
    {
        "type": "category",
        "title": "Câu 6 trang 39 Sinh học 10: Nêu các điểm khác biệt ...",
        "url": "giai-bai-tap-sinh-10_cau-6-trang-39-sinh-10",
        "level": 0
    }
]