[
    {
        "type": "category",
        "title": "Trả lời câu hỏi Sinh 10 Bài 7 trang 31: Kích thước nhỏ đem lại ưu thế  ...",
        "url": "giai-bai-tap-sinh-10_tra-loi-cau-hoi-sinh-10-bai-7-trang-31",
        "level": 0
    },
    {
        "type": "category",
        "title": "Trả lời câu hỏi Sinh 10 Bài 7 trang 33: Nếu loại bỏ thành tế bào  ...",
        "url": "giai-bai-tap-sinh-10_tra-loi-cau-hoi-sinh-10-bai-7-trang-33",
        "level": 0
    },
    {
        "type": "category",
        "title": "Câu 1 trang 34 Sinh học 10: Thành tế bào vi khuẩn  ...",
        "url": "giai-bai-tap-sinh-10_cau-1-trang-34-sinh-10",
        "level": 0
    },
    {
        "type": "category",
        "title": "Câu 2 trang 34 Sinh học 10: Tế bào chất là gì? ...",
        "url": "giai-bai-tap-sinh-10_cau-2-trang-34-sinh-10",
        "level": 0
    },
    {
        "type": "category",
        "title": "Câu 3 trang 34 Sinh học 10: Nêu chức năng của roi ...",
        "url": "giai-bai-tap-sinh-10_cau-3-trang-34-sinh-10",
        "level": 0
    },
    {
        "type": "category",
        "title": "Câu 4 trang 34 Sinh học 10: Nêu vai trò của vùng nhân  ...",
        "url": "giai-bai-tap-sinh-10_cau-4-trang-34-sinh-10",
        "level": 0
    },
    {
        "type": "category",
        "title": "Câu 5 trang 34 Sinh học 10: Tế bào vi khuẩn có kích thước  ...",
        "url": "giai-bai-tap-sinh-10_cau-5-trang-34-sinh-10",
        "level": 0
    }
]