[
    {
        "type": "category",
        "title": "Trả lời câu hỏi Sinh 10 Bài 16 trang 64: Tại sao, tế bào không sử dụng  ...",
        "url": "giai-bai-tap-sinh-10_tra-loi-cau-hoi-sinh-10-bai-16-trang-64",
        "level": 0
    },
    {
        "type": "category",
        "title": "Trả lời câu hỏi Sinh 10 Bài 16 trang 65: Qua quá trình đường phân  ...",
        "url": "giai-bai-tap-sinh-10_tra-loi-cau-hoi-sinh-10-bai-16-trang-65",
        "level": 0
    },
    {
        "type": "category",
        "title": "Câu 1 trang 66 Sinh học 10: Thế nào là hô hấp tế bào?  ...",
        "url": "giai-bai-tap-sinh-10_cau-1-trang-66-sinh-10",
        "level": 0
    },
    {
        "type": "category",
        "title": "Câu 2 trang 66 Sinh học 10: Hô hấp tế bào có thể được  ...",
        "url": "giai-bai-tap-sinh-10_cau-2-trang-66-sinh-10",
        "level": 0
    },
    {
        "type": "category",
        "title": "Câu 3 trang 66 Sinh học 10: Quá trình hô hấp tế bào  ...",
        "url": "giai-bai-tap-sinh-10_cau-3-trang-66-sinh-10",
        "level": 0
    }
]