[
    {
        "type": "category",
        "title": "Trả lời câu hỏi Sinh 10 Bài 27 trang 106: Vì sao, có thể dùng vi sinh vật   ...",
        "url": "giai-bai-tap-sinh-10_tra-loi-cau-hoi-sinh-10-bai-27-trang-106",
        "level": 0
    },
    {
        "type": "category",
        "title": "Trả lời câu hỏi Sinh 10 Bài 27 trang 107: Vì sao có thể giữ thức ăn  ...",
        "url": "giai-bai-tap-sinh-10_tra-loi-cau-hoi-sinh-10-bai-27-trang-107",
        "level": 0
    },
    {
        "type": "category",
        "title": "Câu 1 trang 109 Sinh học 10: Một chủng tụ cầu vàng  ...",
        "url": "giai-bai-tap-sinh-10_cau-1-trang-108-109-sinh-10",
        "level": 0
    },
    {
        "type": "category",
        "title": "Câu 2 trang 109 Sinh học 10: Vi khuẩn lactic (Lactobacillus arabinosus)  ...",
        "url": "giai-bai-tap-sinh-10_cau-2-trang-109-sinh-10",
        "level": 0
    },
    {
        "type": "category",
        "title": "Câu 3 trang 109 Sinh học 10: Vì sao nên đun sôi lại  ...",
        "url": "giai-bai-tap-sinh-10_cau-3-trang-109-sinh-10",
        "level": 0
    }
]