[
    {
        "type": "category",
        "title": "Trả lời câu hỏi Sinh 10 Bài 22 trang 89: Căn cứ vào nguồn năng lượng,  ...",
        "url": "giai-bai-tap-sinh-10_tra-loi-cau-hoi-sinh-10-bai-22-trang-89",
        "level": 0
    },
    {
        "type": "category",
        "title": "Trả lời câu hỏi Sinh 10 Bài 22 trang 90: Hãy lấy ví dụ về VSV  ...",
        "url": "giai-bai-tap-sinh-10_tra-loi-cau-hoi-sinh-10-bai-22-trang-90",
        "level": 0
    },
    {
        "type": "category",
        "title": "Câu 1 trang 91 Sinh học 10: Cho các ví dụ về môi trường  ...",
        "url": "giai-bai-tap-sinh-10_cau-1-trang-91-sinh-10",
        "level": 0
    },
    {
        "type": "category",
        "title": "Câu 2 trang 91 Sinh học 10: Nêu những tiêu chí cơ bản  ...",
        "url": "giai-bai-tap-sinh-10_cau-2-trang-91-sinh-10",
        "level": 0
    },
    {
        "type": "category",
        "title": "Câu 3 trang 91 Sinh học 10: Khi có ánh sáng và giàu khí  ...",
        "url": "giai-bai-tap-sinh-10_cau-3-trang-91-sinh-10",
        "level": 0
    }
]