[
    {
        "type": "category",
        "title": "Trả lời câu hỏi Sinh 10 Bài 6 trang 27: Quan sát hình 6.1 và  ...",
        "url": "giai-bai-tap-sinh-10_tra-loi-cau-hoi-sinh-10-bai-6-trang-27",
        "level": 0
    },
    {
        "type": "category",
        "title": "Trả lời câu hỏi Sinh 10 Bài 6 trang 28: Hãy cho biết các đặc điểm  ...",
        "url": "giai-bai-tap-sinh-10_tra-loi-cau-hoi-sinh-10-bai-6-trang-28",
        "level": 0
    },
    {
        "type": "category",
        "title": "Câu 1 trang 30 Sinh học 10: Nêu sự khác biệt về cấu trúc  ...",
        "url": "giai-bai-tap-sinh-10_cau-1-trang-30-sinh-10",
        "level": 0
    },
    {
        "type": "category",
        "title": "Câu 2 trang 30 Sinh học 10: Nếu phân tử ADN có cấu trúc  ...",
        "url": "giai-bai-tap-sinh-10_cau-2-trang-30-sinh-10",
        "level": 0
    },
    {
        "type": "category",
        "title": "Câu 3 trang 30 Sinh học 10: Trong tế bào thường có  ...",
        "url": "giai-bai-tap-sinh-10_cau-3-trang-30-sinh-10",
        "level": 0
    },
    {
        "type": "category",
        "title": "Câu 4 trang 30 Sinh học 10: Tại sao cũng chỉ với 4 loại  ...",
        "url": "giai-bai-tap-sinh-10_cau-4-trang-30-sinh-10",
        "level": 0
    }
]