[
    {
        "type": "category",
        "title": "Trả lời câu hỏi Sinh 10 Bài 9 trang 40: Tế bào nào trong các tế bào  ...",
        "url": "giai-bai-tap-sinh-10_tra-loi-cau-hoi-sinh-10-bai-9-trang-40",
        "level": 0
    },
    {
        "type": "category",
        "title": "Trả lời câu hỏi Sinh 10 Bài 9 trang 41: Tại sao lá cây có màu xanh?  ...",
        "url": "giai-bai-tap-sinh-10_tra-loi-cau-hoi-sinh-10-bai-9-trang-41",
        "level": 0
    },
    {
        "type": "category",
        "title": "Trả lời câu hỏi Sinh 10 Bài 9 trang 42: Tế bào cơ, tế bào hồng cầu  ...",
        "url": "giai-bai-tap-sinh-10_tra-loi-cau-hoi-sinh-10-bai-9-trang-42",
        "level": 0
    },
    {
        "type": "category",
        "title": "Câu 1 trang 43 Sinh học 10: Trình bày cấu trúc và  ...",
        "url": "giai-bai-tap-sinh-10_cau-1-trang-43-sinh-10",
        "level": 0
    },
    {
        "type": "category",
        "title": "Câu 2 trang 43 Sinh học 10: Nêu cấu trúc và chức năng  ...",
        "url": "giai-bai-tap-sinh-10_cau-2-trang-43-sinh-10",
        "level": 0
    },
    {
        "type": "category",
        "title": "Câu 3 trang 43 Sinh học 10: Nêu cấu trúc và chức năng  ...",
        "url": "giai-bai-tap-sinh-10_cau-3-trang-43-sinh-10",
        "level": 0
    },
    {
        "type": "category",
        "title": "Câu 4 trang 43 Sinh học 10: Nêu các chức năng của  ...",
        "url": "giai-bai-tap-sinh-10_cau-4-trang-43-sinh-10",
        "level": 0
    }
]