[
    {
        "type": "category",
        "title": "Trả lời câu hỏi Sinh 10 Bài 1 trang 6: Sinh vật khác với vật vô sinh  ...",
        "url": "giai-bai-tap-sinh-10_tra-loi-cau-hoi-sinh-10-bai-1-trang-6",
        "level": 0
    },
    {
        "type": "category",
        "title": "Câu 1 trang 9 Sinh học 10: Thế giới sống được tổ chức   ...",
        "url": "giai-bai-tap-sinh-10_cau-1-trang-9-sinh-10",
        "level": 0
    },
    {
        "type": "category",
        "title": "Câu 2 trang 9 Sinh học 10: Đặc tính nổi bật của ...",
        "url": "giai-bai-tap-sinh-10_cau-2-trang-9-sinh-10",
        "level": 0
    },
    {
        "type": "category",
        "title": "Câu 3 trang 9 Sinh học 10: Nêu một số ví dụ về  ...",
        "url": "giai-bai-tap-sinh-10_cau-3-trang-9-sinh-10",
        "level": 0
    },
    {
        "type": "category",
        "title": "Câu 4 trang 9 Sinh học 10: Hãy chọn câu trả lời  ...",
        "url": "giai-bai-tap-sinh-10_cau-4-trang-9-sinh-10",
        "level": 0
    }
]