[
    {
        "type": "category",
        "title": "Trả lời câu hỏi Sinh 10 Bài 18 trang 74: Dựa vào hình 18.2, ...",
        "url": "giai-bai-tap-sinh-10_tra-loi-cau-hoi-sinh-10-bai-18-trang-74",
        "level": 0
    },
    {
        "type": "category",
        "title": "Câu 1 trang 75 Sinh học 10: Chu trình tế bào gồm  ...",
        "url": "giai-bai-tap-sinh-10_cau-1-trang-75-sinh-10",
        "level": 0
    },
    {
        "type": "category",
        "title": "Câu 2 trang 75 Sinh học 10: Tại sao các NST phải co  ...",
        "url": "giai-bai-tap-sinh-10_cau-2-trang-75-sinh-10",
        "level": 0
    },
    {
        "type": "category",
        "title": "Câu 3 trang 75 Sinh học 10: Điều gì sẽ xảy ra nếu kì giữa ...",
        "url": "giai-bai-tap-sinh-10_cau-3-trang-75-sinh-10",
        "level": 0
    },
    {
        "type": "category",
        "title": "Câu 4 trang 75 Sinh học 10: Nêu ý nghĩa của nguyên phân. ...",
        "url": "giai-bai-tap-sinh-10_cau-4-trang-75-sinh-10",
        "level": 0
    }
]