[
    {
        "type": "category",
        "title": "Trả lời câu hỏi Sinh 10 Bài 31 trang 121: Nguyên nhân gì khiến  ...",
        "url": "giai-bai-tap-sinh-10_tra-loi-cau-hoi-sinh-10-bai-31-trang-121",
        "level": 0
    },
    {
        "type": "category",
        "title": "Trả lời câu hỏi Sinh 10 Bài 31 trang 122: Ba bệnh sốt rất phổ biến  ...",
        "url": "giai-bai-tap-sinh-10_tra-loi-cau-hoi-sinh-10-bai-31-trang-122",
        "level": 0
    },
    {
        "type": "category",
        "title": "Trả lời câu hỏi Sinh 10 Bài 31 trang 124: Hãy nêu tầm quan trọng  ...",
        "url": "giai-bai-tap-sinh-10_tra-loi-cau-hoi-sinh-10-bai-31-trang-124",
        "level": 0
    },
    {
        "type": "category",
        "title": "Câu 1 trang 124 Sinh học 10: Phagơ gây thiệt hại  ...",
        "url": "giai-bai-tap-sinh-10_cau-1-trang-124-sinh-10",
        "level": 0
    },
    {
        "type": "category",
        "title": "Câu 2 trang 124 Sinh học 10: Virut thực vật lan truyền  ...",
        "url": "giai-bai-tap-sinh-10_cau-2-trang-124-sinh-10",
        "level": 0
    },
    {
        "type": "category",
        "title": "Câu 3 trang 124 Sinh học 10: Hãy nêu vai trò của virut  ...",
        "url": "giai-bai-tap-sinh-10_cau-3-trang-124-sinh-10",
        "level": 0
    }
]