[
    {
        "type": "category",
        "title": "Trả lời câu hỏi Sinh 10 Bài 11 trang 48: Tốc độ khuếch tán của  ...",
        "url": "giai-bai-tap-sinh-10_tra-loi-cau-hoi-sinh-10-bai-11-trang-48",
        "level": 0
    },
    {
        "type": "category",
        "title": "Câu 1 trang 50 Sinh học 10: Thế nào là vận chuyển  ...",
        "url": "giai-bai-tap-sinh-10_cau-1-trang-50-sinh-10",
        "level": 0
    },
    {
        "type": "category",
        "title": "Câu 2 trang 50 Sinh học 10: Phân biệt vận chuyển  ...",
        "url": "giai-bai-tap-sinh-10_cau-2-trang-50-sinh-10",
        "level": 0
    },
    {
        "type": "category",
        "title": "Câu 3 trang 50 Sinh học 10: Tại sao muốn giữ rau tươi,  ...",
        "url": "giai-bai-tap-sinh-10_cau-3-trang-50-sinh-10",
        "level": 0
    },
    {
        "type": "category",
        "title": "Câu 4 trang 50 Sinh học 10: Khi tiến hành ẩm bào,  ...",
        "url": "giai-bai-tap-sinh-10_cau-4-trang-50-sinh-10",
        "level": 0
    }
]