[
    {
        "type": "category",
        "title": "Chương 1: Bản đồ",
        "url": "bai-tap-trac-nghiem-dia-li-10_chuong-1",
        "level": 0
    },
    {
        "type": "category",
        "title": "Trắc nghiệm Bài 2: Một số phương pháp biểu hiện các đối tượng địa lí trên bản đồ",
        "url": "bai-tap-trac-nghiem-dia-li-10_bai-2",
        "level": 1
    },
    {
        "type": "category",
        "title": "Trắc nghiệm Bài 3: Sử dụng bản đồ trong học tập và đời sống",
        "url": "bai-tap-trac-nghiem-dia-li-10_bai-3",
        "level": 1
    },
    {
        "type": "category",
        "title": "Trắc nghiệm Bài 4: Thực hành: Xác định một số phương pháp biểu hiện các đối tượng địa lí trên bản đồ",
        "url": "bai-tap-trac-nghiem-dia-li-10_bai-4",
        "level": 1
    },
    {
        "type": "category",
        "title": "Chương 2: Vũ trụ. Hệ quả các chuyển động của Trái Đất",
        "url": "bai-tap-trac-nghiem-dia-li-10_chuong-2",
        "level": 0
    },
    {
        "type": "category",
        "title": "Trắc nghiệm Bài 5: Vũ Trụ. Hệ Mặt Trời và Trái Đất. Hệ quả của chuyển động tự quay quanh trục của Trái Đất",
        "url": "bai-tap-trac-nghiem-dia-li-10_bai-5",
        "level": 1
    },
    {
        "type": "category",
        "title": "Trắc nghiệm Bài 6: Hệ quả chuyển động xung quanh Mặt Trời của Trái Đất",
        "url": "bai-tap-trac-nghiem-dia-li-10_bai-6",
        "level": 1
    },
    {
        "type": "category",
        "title": "Chương 3: Cấu trúc của Trái Đất. Các quyền của lớp vỏ địa lí",
        "url": "bai-tap-trac-nghiem-dia-li-10_chuong-3",
        "level": 0
    },
    {
        "type": "category",
        "title": "Trắc nghiệm Bài 7: Cấu trúc của Trái Đất. Thạch quyển. Thuyết kiến tạo mảng",
        "url": "bai-tap-trac-nghiem-dia-li-10_bai-7",
        "level": 1
    },
    {
        "type": "category",
        "title": "Trắc nghiệm Bài 8: Tác động của nội lực đến địa hình bề mặt Trái Đất",
        "url": "bai-tap-trac-nghiem-dia-li-10_bai-8",
        "level": 1
    },
    {
        "type": "category",
        "title": "Trắc nghiệm Bài 9: Tác động của ngoại lực đến địa hình bề mặt Trái Đất",
        "url": "bai-tap-trac-nghiem-dia-li-10_bai-9",
        "level": 1
    },
    {
        "type": "category",
        "title": "Trắc nghiệm Bài 9: Tác động của ngoại lực đến địa hình bề mặt Trái Đất (tiếp)",
        "url": "bai-tap-trac-nghiem-dia-li-10_bai-9-1",
        "level": 1
    },
    {
        "type": "category",
        "title": "Trắc nghiệm Bài 10: Thực hành: Nhận xét về sự phân bố các vành đai động đất, núi lửa và các vùng núi trẻ trên bản đồ",
        "url": "bai-tap-trac-nghiem-dia-li-10_bai-10",
        "level": 1
    },
    {
        "type": "category",
        "title": "Trắc nghiệm Bài 11: Khí quyển. Sự phân bố nhiệt độ không khí trên Trái Đất",
        "url": "bai-tap-trac-nghiem-dia-li-10_bai-11",
        "level": 1
    },
    {
        "type": "category",
        "title": "Trắc nghiệm Bài 12: Sự phân bố khí áp. Một số loại gió chính",
        "url": "bai-tap-trac-nghiem-dia-li-10_bai-12",
        "level": 1
    },
    {
        "type": "category",
        "title": "Trắc nghiệm Bài 13: Ngưng đọng hơi nước trong khí quyển. Mưa",
        "url": "bai-tap-trac-nghiem-dia-li-10_bai-13",
        "level": 1
    },
    {
        "type": "category",
        "title": "Trắc nghiệm Bài 14: Thực hành: Đọc bản đồ sự phân hóa các đới và các kiểu khí hậu trên Trái Đất. Phân tích biểu đồ một số kiểu khí hậu",
        "url": "bai-tap-trac-nghiem-dia-li-10_bai-14",
        "level": 1
    },
    {
        "type": "category",
        "title": "Trắc nghiệm Bài 15: Thủy quyển. Một số nhân tố ảnh hưởng đến chế độ nước sông. Một số sông lớn trên Trái Đất",
        "url": "bai-tap-trac-nghiem-dia-li-10_bai-15",
        "level": 1
    },
    {
        "type": "category",
        "title": "Trắc nghiệm Bài 16: Sông. Thủy triều. Dòng biển",
        "url": "bai-tap-trac-nghiem-dia-li-10_bai-16",
        "level": 1
    },
    {
        "type": "category",
        "title": "Trắc nghiệm Bài 17: Thổ nhưỡng quyển. Các nhân tố hình thành thổ nhưỡng",
        "url": "bai-tap-trac-nghiem-dia-li-10_bai-17",
        "level": 1
    },
    {
        "type": "category",
        "title": "Trắc nghiệm Bài 18: Sinh quyên. Các nhân tố ảnh hưởng tới sự phát triển và phân bố của sinh vật",
        "url": "bai-tap-trac-nghiem-dia-li-10_bai-18",
        "level": 1
    },
    {
        "type": "category",
        "title": "Chương 4: Một số quy luật của lớp vỏ địa lí",
        "url": "bai-tap-trac-nghiem-dia-li-10_chuong-4",
        "level": 0
    },
    {
        "type": "category",
        "title": "Trắc nghiệm Bài 19: Sự phân bố của sinh vật và đất trên Trái Đất",
        "url": "bai-tap-trac-nghiem-dia-li-10_bai-19",
        "level": 1
    },
    {
        "type": "category",
        "title": "Trắc nghiệm Bài 20: Lớp vỏ địa lí. Quy luật thống nhất và hoàn chỉnh của lớp vỏ địa lí",
        "url": "bai-tap-trac-nghiem-dia-li-10_bai-20",
        "level": 1
    },
    {
        "type": "category",
        "title": "Trắc nghiệm Bài 21: Quy luật địa đới và quy luật phi địa đới",
        "url": "bai-tap-trac-nghiem-dia-li-10_bai-21",
        "level": 1
    },
    {
        "type": "category",
        "title": "Chương 5: Địa lí dân cư",
        "url": "bai-tap-trac-nghiem-dia-li-10_chuong-5",
        "level": 0
    },
    {
        "type": "category",
        "title": "Trắc nghiệm Bài 22: Dân số và sự gia tăng dân số",
        "url": "bai-tap-trac-nghiem-dia-li-10_bai-22",
        "level": 1
    },
    {
        "type": "category",
        "title": "Trắc nghiệm Bài 23: Cơ cấu dân số",
        "url": "bai-tap-trac-nghiem-dia-li-10_bai-23",
        "level": 1
    },
    {
        "type": "category",
        "title": "Trắc nghiệm Bài 24: Phân bố dân cư. Các loại hình quần cư và đô thị hóa",
        "url": "bai-tap-trac-nghiem-dia-li-10_bai-24",
        "level": 1
    },
    {
        "type": "category",
        "title": "Trắc nghiệm Bài 25: Thực hành: Phân tích bản đồ phân nố dân cư thế giới",
        "url": "bai-tap-trac-nghiem-dia-li-10_bai-25",
        "level": 1
    },
    {
        "type": "category",
        "title": "Chương 6: Cơ cấu nền kinh tế",
        "url": "bai-tap-trac-nghiem-dia-li-10_chuong-6",
        "level": 0
    },
    {
        "type": "category",
        "title": "Trắc nghiệm Bài 26: Cơ cấu nền kinh tế",
        "url": "bai-tap-trac-nghiem-dia-li-10_bai-26",
        "level": 1
    },
    {
        "type": "category",
        "title": "Chương 7: Địa lí nông nghiệp",
        "url": "bai-tap-trac-nghiem-dia-li-10_chuong-7",
        "level": 0
    },
    {
        "type": "category",
        "title": "Trắc nghiệm Bài 27: Vai trò, đặc điểm, các nhân tố ảnh hưởng tới phát triển và phân bố nông nghiệp. Một số hình thức tổ chức lãnh thổ nông nghiệp",
        "url": "bai-tap-trac-nghiem-dia-li-10_bai-27",
        "level": 1
    },
    {
        "type": "category",
        "title": "Trắc nghiệm Bài 28: Địa lí ngành trồng trọt",
        "url": "bai-tap-trac-nghiem-dia-li-10_bai-28",
        "level": 1
    },
    {
        "type": "category",
        "title": "Trắc nghiệm Bài 29: Địa lí ngành chăn nuôi",
        "url": "bai-tap-trac-nghiem-dia-li-10_bai-29",
        "level": 1
    },
    {
        "type": "category",
        "title": "Trắc nghiệm Bài 30: Thực hành: Vẽ và phân tích biểu đồ về sản lượng lương thực, dân số của thế giới và một số quốc gia",
        "url": "bai-tap-trac-nghiem-dia-li-10_bai-30",
        "level": 1
    },
    {
        "type": "category",
        "title": "Chương 8: Địa lí công nghiệp",
        "url": "bai-tap-trac-nghiem-dia-li-10_chuong-8",
        "level": 0
    },
    {
        "type": "category",
        "title": "Trắc nghiệm Bài 31: Vai trò, đặc điểm của công nghiệp. Các nhân tố ảnh hưởng tới phát triển và phân bố công nghiệp",
        "url": "bai-tap-trac-nghiem-dia-li-10_bai-31",
        "level": 1
    },
    {
        "type": "category",
        "title": "Trắc nghiệm Bài 32: Địa lí các ngành công nghiệp",
        "url": "bai-tap-trac-nghiem-dia-li-10_bai-32",
        "level": 1
    },
    {
        "type": "category",
        "title": "Trắc nghiệm Bài 32: Địa lí các ngành công nghiệp (tiếp)",
        "url": "bai-tap-trac-nghiem-dia-li-10_bai-32-1",
        "level": 1
    },
    {
        "type": "category",
        "title": "Trắc nghiệm Bài 33: Một số hình thức chủ yếu của tổ chức lãnh thổ công nghiệp",
        "url": "bai-tap-trac-nghiem-dia-li-10_bai-33",
        "level": 1
    },
    {
        "type": "category",
        "title": "Trắc nghiệm Bài 34: Thực hành: Vẽ biểu đồ tình hình sản xuất một số sản phẩm công nghiệp trên thế giới",
        "url": "bai-tap-trac-nghiem-dia-li-10_bai-34",
        "level": 1
    },
    {
        "type": "category",
        "title": "Chương 9: Địa lí dịch vụ",
        "url": "bai-tap-trac-nghiem-dia-li-10_chuong-9",
        "level": 0
    },
    {
        "type": "category",
        "title": "Trắc nghiệm Bài 35: Vai trò, các nhân tố ảnh hưởng và đặc điểm phân bố các ngành dịch vụ",
        "url": "bai-tap-trac-nghiem-dia-li-10_bai-35",
        "level": 1
    },
    {
        "type": "category",
        "title": "Trắc nghiệm Bài 36: Vai trò, đặc điểm  và các nhân tố ảnh hưởng đến phát triển, phân bố ngành giao thông vận tải",
        "url": "bai-tap-trac-nghiem-dia-li-10_bai-36",
        "level": 1
    },
    {
        "type": "category",
        "title": "Trắc nghiệm Bài 37: Địa lí các ngành giao thông vận tải",
        "url": "bai-tap-trac-nghiem-dia-li-10_bai-37",
        "level": 1
    },
    {
        "type": "category",
        "title": "Trắc nghiệm Bài 38: Thực hành: Viết báo cáo ngắn về kênh đào Xuy-ê và kênh dào Pa-na-ma",
        "url": "bai-tap-trac-nghiem-dia-li-10_bai-38",
        "level": 1
    },
    {
        "type": "category",
        "title": "Trắc nghiệm Bài 40: Địa lí ngành thương mại",
        "url": "bai-tap-trac-nghiem-dia-li-10_bai-40",
        "level": 1
    },
    {
        "type": "category",
        "title": "Chương 10: Môi trường và sự phát triển bền vững",
        "url": "bai-tap-trac-nghiem-dia-li-10_chuong-10",
        "level": 0
    },
    {
        "type": "category",
        "title": "Trắc nghiệm Bài 41: Môi trường và tài nguyên thiên nhiên",
        "url": "bai-tap-trac-nghiem-dia-li-10_bai-41",
        "level": 1
    },
    {
        "type": "category",
        "title": "Trắc nghiệm Bài 42: Môi trường và sự phát triển bền vững",
        "url": "bai-tap-trac-nghiem-dia-li-10_bai-42",
        "level": 1
    }
]