[
    {
        "type": "category",
        "title": "Phần 1: Lịch sử thế giới thời nguyên thủy, cổ đại và trung đại",
        "url": "bai-tap-trac-nghiem-lich-su-10_trac-nghiem-lich-su-10-phan-1",
        "level": 0
    },
    {
        "type": "category",
        "title": "Chương 1: Xã hội nguyên thủy",
        "url": "bai-tap-trac-nghiem-lich-su-10_chuong-1-xa-hoi-nguyen-thuy",
        "level": 1
    },
    {
        "type": "category",
        "title": "Trắc nghiệm Bài 1: Sự xuất hiện loài người và bầy người nguyên thủy (phần 1)",
        "url": "bai-tap-trac-nghiem-lich-su-10_bai-1-su-xuat-hien-loai-nguoi-va-bay-nguoi-nguyen-thuy",
        "level": 2
    },
    {
        "type": "category",
        "title": "Trắc nghiệm Bài 1: Sự xuất hiện loài người và bầy người nguyên thủy (phần 2)",
        "url": "bai-tap-trac-nghiem-lich-su-10_bai-1-su-xuat-hien-loai-nguoi-va-bay-nguoi-nguyen-thuy-1",
        "level": 2
    },
    {
        "type": "category",
        "title": "Trắc nghiệm Bài 1: Sự xuất hiện loài người và bầy người nguyên thủy (phần 3)",
        "url": "bai-tap-trac-nghiem-lich-su-10_bai-1-su-xuat-hien-loai-nguoi-va-bay-nguoi-nguyen-thuy-2",
        "level": 2
    },
    {
        "type": "category",
        "title": "Trắc nghiệm Bài 2: Xã hội nguyên thủy (phần 1)",
        "url": "bai-tap-trac-nghiem-lich-su-10_bai-2-xa-hoi-nguyen-thuy",
        "level": 2
    },
    {
        "type": "category",
        "title": "Trắc nghiệm Bài 2: Xã hội nguyên thủy (phần 2)",
        "url": "bai-tap-trac-nghiem-lich-su-10_bai-2-xa-hoi-nguyen-thuy-1",
        "level": 2
    },
    {
        "type": "category",
        "title": "Chương 2: Xã hội cổ đại",
        "url": "bai-tap-trac-nghiem-lich-su-10_chuong-2-xa-hoi-co-dai",
        "level": 1
    },
    {
        "type": "category",
        "title": "Trắc nghiệm Bài 3: Các quốc gia cổ đại phương Đông (phần 1)",
        "url": "bai-tap-trac-nghiem-lich-su-10_bai-3-cac-quoc-gia-co-dai-phuong-dong",
        "level": 2
    },
    {
        "type": "category",
        "title": "Trắc nghiệm Bài 3: Các quốc gia cổ đại phương Đông (phần 2)",
        "url": "bai-tap-trac-nghiem-lich-su-10_bai-3-cac-quoc-gia-co-dai-phuong-dong-1",
        "level": 2
    },
    {
        "type": "category",
        "title": "Trắc nghiệm Bài 3: Các quốc gia cổ đại phương Đông (phần 3)",
        "url": "bai-tap-trac-nghiem-lich-su-10_bai-3-cac-quoc-gia-co-dai-phuong-dong-2",
        "level": 2
    },
    {
        "type": "category",
        "title": "Trắc nghiệm Bài 4: Các quốc gia cổ đại phương Tây – Hy Lạp và Rôma (phần 1)",
        "url": "bai-tap-trac-nghiem-lich-su-10_bai-4-cac-quoc-gia-co-dai-phuong-tay-hi-lap-va-roma",
        "level": 2
    },
    {
        "type": "category",
        "title": "Trắc nghiệm Bài 4: Các quốc gia cổ đại phương Tây – Hy Lạp và Rôma (phần 2)",
        "url": "bai-tap-trac-nghiem-lich-su-10_bai-4-cac-quoc-gia-co-dai-phuong-tay-hi-lap-va-roma-1",
        "level": 2
    },
    {
        "type": "category",
        "title": "Trắc nghiệm Bài 4: Các quốc gia cổ đại phương Tây – Hy Lạp và Rôma (phần 3)",
        "url": "bai-tap-trac-nghiem-lich-su-10_bai-4-cac-quoc-gia-co-dai-phuong-tay-hi-lap-va-roma-2",
        "level": 2
    },
    {
        "type": "category",
        "title": "Chương 3: Trung Quốc thời phong kiến",
        "url": "bai-tap-trac-nghiem-lich-su-10_chuong-3-trung-quoc-thoi-phong-kien",
        "level": 1
    },
    {
        "type": "category",
        "title": "Trắc nghiệm Bài 5: Trung quốc thời phong kiến (phần 1)",
        "url": "bai-tap-trac-nghiem-lich-su-10_bai-5-trung-quoc-thoi-phong-kien",
        "level": 2
    },
    {
        "type": "category",
        "title": "Trắc nghiệm Bài 5: Trung quốc thời phong kiến (phần 2)",
        "url": "bai-tap-trac-nghiem-lich-su-10_bai-5-trung-quoc-thoi-phong-kien-1",
        "level": 2
    },
    {
        "type": "category",
        "title": "Trắc nghiệm Bài 5: Trung quốc thời phong kiến (phần 3)",
        "url": "bai-tap-trac-nghiem-lich-su-10_bai-5-trung-quoc-thoi-phong-kien-2",
        "level": 2
    },
    {
        "type": "category",
        "title": "Trắc nghiệm Bài 5: Trung quốc thời phong kiến (phần 4)",
        "url": "bai-tap-trac-nghiem-lich-su-10_bai-5-trung-quoc-thoi-phong-kien-3",
        "level": 2
    },
    {
        "type": "category",
        "title": "Chương 4: Ấn Độ thời phong kiến",
        "url": "bai-tap-trac-nghiem-lich-su-10_chuong-4-an-do-thoi-phong-kien",
        "level": 1
    },
    {
        "type": "category",
        "title": "Trắc nghiệm Bài 6: Các quốc gia Ấn và văn hóa truyền thống Ấn Độ (phần 1)",
        "url": "bai-tap-trac-nghiem-lich-su-10_bai-6-cac-quoc-gia-an-va-van-hoa-truyen-thong-an",
        "level": 2
    },
    {
        "type": "category",
        "title": "Trắc nghiệm Bài 6: Các quốc gia Ấn và văn hóa truyền thống Ấn Độ (phần 2)",
        "url": "bai-tap-trac-nghiem-lich-su-10_bai-6-cac-quoc-gia-an-va-van-hoa-truyen-thong-an-1",
        "level": 2
    },
    {
        "type": "category",
        "title": "Trắc nghiệm Bài 7: Sự phát triển của lịch sử và văn hóa đa dạng của Ấn Độ (phần 1)",
        "url": "bai-tap-trac-nghiem-lich-su-10_bai-7-su-phat-trien-cua-lich-su-va-van-hoa-da-dang-cua-an-do",
        "level": 2
    },
    {
        "type": "category",
        "title": "Trắc nghiệm Bài 7: Sự phát triển của lịch sử và văn hóa đa dạng của Ấn Độ (phần 2)",
        "url": "bai-tap-trac-nghiem-lich-su-10_bai-7-su-phat-trien-cua-lich-su-va-van-hoa-da-dang-cua-an-do-1",
        "level": 2
    },
    {
        "type": "category",
        "title": "Chương 5: Đông Nam Á thời phong kiến",
        "url": "bai-tap-trac-nghiem-lich-su-10_chuong-5-dong-nam-a-thoi-phong-kien",
        "level": 1
    },
    {
        "type": "category",
        "title": "Trắc nghiệm Bài 8: Sự hình thành và phát triển các vương quốc chính ở Đông Nam Á (phần 1)",
        "url": "bai-tap-trac-nghiem-lich-su-10_bai-8-su-hinh-thanh-va-phat-trien-cac-vuong-quoc-chinh-o-dong-nam-a",
        "level": 2
    },
    {
        "type": "category",
        "title": "Trắc nghiệm Bài 8: Sự hình thành và phát triển các vương quốc chính ở Đông Nam Á (phần 2)",
        "url": "bai-tap-trac-nghiem-lich-su-10_bai-8-su-hinh-thanh-va-phat-trien-cac-vuong-quoc-chinh-o-dong-nam-a-1",
        "level": 2
    },
    {
        "type": "category",
        "title": "Trắc nghiệm Bài 9: Vương quốc Campuchia và vương quốc Lào (phần 1)",
        "url": "bai-tap-trac-nghiem-lich-su-10_bai-9-vuong-quoc-campuchia-va-vuong-quoc-lao",
        "level": 2
    },
    {
        "type": "category",
        "title": "Trắc nghiệm Bài 9: Vương quốc Campuchia và vương quốc Lào (phần 2)",
        "url": "bai-tap-trac-nghiem-lich-su-10_bai-9-vuong-quoc-campuchia-va-vuong-quoc-lao-1",
        "level": 2
    },
    {
        "type": "category",
        "title": "Chương 6: Tây Âu thời trung đại",
        "url": "bai-tap-trac-nghiem-lich-su-10_chuong-6-tay-au-thoi-trung-dai",
        "level": 1
    },
    {
        "type": "category",
        "title": "Trắc nghiệm Bài 10: Thời kì hình thành và phát triển của chế độ phong kiến ở Tây Âu (từ thế kỉ V đến thế kỉ XIV) (phần 1)",
        "url": "bai-tap-trac-nghiem-lich-su-10_bai-10-thoi-ki-hinh-thanh-va-phat-trien-cua-che-do-phong-kien-o-tay-au",
        "level": 2
    },
    {
        "type": "category",
        "title": "Trắc nghiệm Bài 10: Thời kì hình thành và phát triển của chế độ phong kiến ở Tây Âu (từ thế kỉ V đến thế kỉ XIV) (phần 2)",
        "url": "bai-tap-trac-nghiem-lich-su-10_bai-10-thoi-ki-hinh-thanh-va-phat-trien-cua-che-do-phong-kien-o-tay-au-1",
        "level": 2
    },
    {
        "type": "category",
        "title": "Trắc nghiệm Bài 10: Thời kì hình thành và phát triển của chế độ phong kiến ở Tây Âu (từ thế kỉ V đến thế kỉ XIV) (phần 3)",
        "url": "bai-tap-trac-nghiem-lich-su-10_bai-10-thoi-ki-hinh-thanh-va-phat-trien-cua-che-do-phong-kien-o-tay-au-2",
        "level": 2
    },
    {
        "type": "category",
        "title": "Trắc nghiệm Bài 10: Thời kì hình thành và phát triển của chế độ phong kiến ở Tây Âu (từ thế kỉ V đến thế kỉ XIV) (phần 4)",
        "url": "bai-tap-trac-nghiem-lich-su-10_bai-10-thoi-ki-hinh-thanh-va-phat-trien-cua-che-do-phong-kien-o-tay-au-3",
        "level": 2
    },
    {
        "type": "category",
        "title": "Trắc nghiệm Bài 11: Tây Âu thời hậu kì trung đại (phần 1)",
        "url": "bai-tap-trac-nghiem-lich-su-10_bai-11-tay-au-thoi-ki-trung-dai",
        "level": 2
    },
    {
        "type": "category",
        "title": "Trắc nghiệm Bài 11: Tây Âu thời hậu kì trung đại (phần 2)",
        "url": "bai-tap-trac-nghiem-lich-su-10_bai-11-tay-au-thoi-ki-trung-dai-1",
        "level": 2
    },
    {
        "type": "category",
        "title": "Trắc nghiệm Bài 11: Tây Âu thời hậu kì trung đại (phần 3)",
        "url": "bai-tap-trac-nghiem-lich-su-10_bai-11-tay-au-thoi-ki-trung-dai-2",
        "level": 2
    },
    {
        "type": "category",
        "title": "Trắc nghiệm Bài 12: Ôn tập lịch sử thế giới thời nguyên thủy, cổ đại, trung đại (phần 1)",
        "url": "bai-tap-trac-nghiem-lich-su-10_bai-12-on-tap-lich-su-the-gioi-thoi-nguyen-thuy-co-dai-trung-dai",
        "level": 2
    },
    {
        "type": "category",
        "title": "Trắc nghiệm Bài 12: Ôn tập lịch sử thế giới thời nguyên thủy, cổ đại, trung đại (phần 2)",
        "url": "bai-tap-trac-nghiem-lich-su-10_bai-12-on-tap-lich-su-the-gioi-thoi-nguyen-thuy-co-dai-trung-dai-1",
        "level": 2
    },
    {
        "type": "category",
        "title": "Phần 2: Lịch sử Việt Nam từ nguồn gốc đến giữa thế kỉ XIX",
        "url": "bai-tap-trac-nghiem-lich-su-10_trac-nghiem-lich-su-10-phan-2",
        "level": 0
    },
    {
        "type": "category",
        "title": "Chương 1: Việt Nam từ thời nguyên thủy đến thế kỉ X",
        "url": "bai-tap-trac-nghiem-lich-su-10_chuong-1-viet-nam-tu-thoi-nguyen-thuy-den-the-ki-10",
        "level": 1
    },
    {
        "type": "category",
        "title": "Trắc nghiệm Bài 13: Việt Nam thời nguyên thủy (phần 1)",
        "url": "bai-tap-trac-nghiem-lich-su-10_bai-13-viet-nam-thoi-nguyen-thuy",
        "level": 2
    },
    {
        "type": "category",
        "title": "Trắc nghiệm Bài 13: Việt Nam thời nguyên thủy (phần 2)",
        "url": "bai-tap-trac-nghiem-lich-su-10_bai-13-viet-nam-thoi-nguyen-thuy-1",
        "level": 2
    },
    {
        "type": "category",
        "title": "Trắc nghiệm Bài 14: Các quốc gia cổ đại trên đất nước Việt Nam(phần 1)",
        "url": "bai-tap-trac-nghiem-lich-su-10_bai-14-cac-quoc-gia-co-dai-tren-dat-nuoc-viet-nam",
        "level": 2
    },
    {
        "type": "category",
        "title": "Trắc nghiệm Bài 14: Các quốc gia cổ đại trên đất nước Việt Nam(phần 2)",
        "url": "bai-tap-trac-nghiem-lich-su-10_bai-14-cac-quoc-gia-co-dai-tren-dat-nuoc-viet-nam-1",
        "level": 2
    },
    {
        "type": "category",
        "title": "Trắc nghiệm Bài 14: Các quốc gia cổ đại trên đất nước Việt Nam(phần 3)",
        "url": "bai-tap-trac-nghiem-lich-su-10_bai-14-cac-quoc-gia-co-dai-tren-dat-nuoc-viet-nam-2",
        "level": 2
    },
    {
        "type": "category",
        "title": "Trắc nghiệm Bài 14: Các quốc gia cổ đại trên đất nước Việt Nam(phần 4)",
        "url": "bai-tap-trac-nghiem-lich-su-10_bai-14-cac-quoc-gia-co-dai-tren-dat-nuoc-viet-nam-3",
        "level": 2
    },
    {
        "type": "category",
        "title": "Trắc nghiệm Bài 15: Thời Bắc thuộc và các cuộc đấu tranh giành độc lập dân tộc (Từ thế kỉ II TCN đến đầu thế kỉ X) (phần 1)",
        "url": "bai-tap-trac-nghiem-lich-su-10_bai-15-thoi-bac-thuoc-va-cac-quoc-gia-dau-tranh-gianh-doc-lap-dan-toc",
        "level": 2
    },
    {
        "type": "category",
        "title": "Trắc nghiệm Bài 15: Thời Bắc thuộc và các cuộc đấu tranh giành độc lập dân tộc (Từ thế kỉ II TCN đến đầu thế kỉ X) (phần 2)",
        "url": "bai-tap-trac-nghiem-lich-su-10_bai-15-thoi-bac-thuoc-va-cac-quoc-gia-dau-tranh-gianh-doc-lap-dan-toc-1",
        "level": 2
    },
    {
        "type": "category",
        "title": "Trắc nghiệm Bài 16: Thời Bắc thuộc và các cuộc đấu tranh giành độc lập dân tộc (tiếp theo) (phần 1)",
        "url": "bai-tap-trac-nghiem-lich-su-10_bai-16-thoi-bac-thuoc-va-cac-quoc-gia-dau-tranh-gianh-doc-lap-dan-toc-tiep-theo",
        "level": 2
    },
    {
        "type": "category",
        "title": "Trắc nghiệm Bài 16: Thời Bắc thuộc và các cuộc đấu tranh giành độc lập dân tộc (tiếp theo) (phần 2)",
        "url": "bai-tap-trac-nghiem-lich-su-10_bai-16-thoi-bac-thuoc-va-cac-quoc-gia-dau-tranh-gianh-doc-lap-dan-toc-tiep-theo-1",
        "level": 2
    },
    {
        "type": "category",
        "title": "Trắc nghiệm Bài 16: Thời Bắc thuộc và các cuộc đấu tranh giành độc lập dân tộc (tiếp theo) (phần 3)",
        "url": "bai-tap-trac-nghiem-lich-su-10_bai-16-thoi-bac-thuoc-va-cac-quoc-gia-dau-tranh-gianh-doc-lap-dan-toc-tiep-theo-2",
        "level": 2
    },
    {
        "type": "category",
        "title": "Chương 2: Việt Nam từ thế kỉ X đến thế kỉ XV",
        "url": "bai-tap-trac-nghiem-lich-su-10_chuong-2-viet-nam-tu-the-ki-10-den-the-ki-15",
        "level": 1
    },
    {
        "type": "category",
        "title": "Trắc nghiệm Bài 17: Quá trình hình thành và phát triển của nhà nước phong kiến(từ thế kỉ X đến thế kỉ XV) (phần 1)",
        "url": "bai-tap-trac-nghiem-lich-su-10_bai-17-qua-trinh-hinh-thanh-va-phat-trien-cua-nha-nuoc-phong-kien",
        "level": 2
    },
    {
        "type": "category",
        "title": "Trắc nghiệm Bài 17: Quá trình hình thành và phát triển của nhà nước phong kiến(từ thế kỉ X đến thế kỉ XV) (phần 2)",
        "url": "bai-tap-trac-nghiem-lich-su-10_bai-17-qua-trinh-hinh-thanh-va-phat-trien-cua-nha-nuoc-phong-kien-1",
        "level": 2
    },
    {
        "type": "category",
        "title": "Trắc nghiệm Bài 17: Quá trình hình thành và phát triển của nhà nước phong kiến(từ thế kỉ X đến thế kỉ XV) (phần 3)",
        "url": "bai-tap-trac-nghiem-lich-su-10_bai-17-qua-trinh-hinh-thanh-va-phat-trien-cua-nha-nuoc-phong-kien-2",
        "level": 2
    },
    {
        "type": "category",
        "title": "Trắc nghiệm Bài 18: Công cuộc xây dựng và phát triển kinh tế trong các thế kỉ X-XV (phần 1)",
        "url": "bai-tap-trac-nghiem-lich-su-10_bai-18-cong-cuoc-xay-dung-va-phat-trien-kinh-te-trong-cac-the-ki-x-xv",
        "level": 2
    },
    {
        "type": "category",
        "title": "Trắc nghiệm Bài 18: Công cuộc xây dựng và phát triển kinh tế trong các thế kỉ X-XV (phần 2)",
        "url": "bai-tap-trac-nghiem-lich-su-10_bai-18-cong-cuoc-xay-dung-va-phat-trien-kinh-te-trong-cac-the-ki-x-xv-1",
        "level": 2
    },
    {
        "type": "category",
        "title": "Trắc nghiệm Bài 19: Những cuộc kháng chiến chống ngoại xâm ở các thế kỉ X-XV (phần 1)",
        "url": "bai-tap-trac-nghiem-lich-su-10_bai-19-nhung-cuoc-khang-chien-chong-ngoai-xam-o-cac-the-ki-x-xv",
        "level": 2
    },
    {
        "type": "category",
        "title": "Trắc nghiệm Bài 19: Những cuộc kháng chiến chống ngoại xâm ở các thế kỉ X-XV (phần 2)",
        "url": "bai-tap-trac-nghiem-lich-su-10_bai-19-nhung-cuoc-khang-chien-chong-ngoai-xam-o-cac-the-ki-x-xv-1",
        "level": 2
    },
    {
        "type": "category",
        "title": "Trắc nghiệm Bài 20: Xây dựng và phát triển văn hóa dân tộc trong các thế kỉ X-XV (phần 1)",
        "url": "bai-tap-trac-nghiem-lich-su-10_bai-20-xay-dung-va-phat-trien-van-hoa-dan-toc-trong-cac-the-ki-x-xv",
        "level": 2
    },
    {
        "type": "category",
        "title": "Trắc nghiệm Bài 20: Xây dựng và phát triển văn hóa dân tộc trong các thế kỉ X-XV (phần 2)",
        "url": "bai-tap-trac-nghiem-lich-su-10_bai-20-xay-dung-va-phat-trien-van-hoa-dan-toc-trong-cac-the-ki-x-xv-1",
        "level": 2
    },
    {
        "type": "category",
        "title": "Chương 3: Việt Nam từ thế kỉ XVI đến thế kỉ XVIII",
        "url": "bai-tap-trac-nghiem-lich-su-10_chuong-3-viet-nam-tu-the-ki-16-den-the-ki-18",
        "level": 1
    },
    {
        "type": "category",
        "title": "Trắc nghiệm Bài 21: Những biến đổi của nhà nước phong kiến trong các thế kỉ XVI-XVII (phần 1)",
        "url": "bai-tap-trac-nghiem-lich-su-10_bai-21-nhung-bien-doi-cua-nha-nuoc-phong-kien-trong-cac-the-ki-xvi-xvii",
        "level": 2
    },
    {
        "type": "category",
        "title": "Trắc nghiệm Bài 22: Tình hình kinh tế XVI-XVIII (phần 1)",
        "url": "bai-tap-trac-nghiem-lich-su-10_bai-22-tinh-hinh-kinh-te-xvi-xviii",
        "level": 2
    },
    {
        "type": "category",
        "title": "Trắc nghiệm Bài 23: Phong trào Tây Sơn và sự nghiệp thống nhất đất nước, bảo vệ Tổ Quốc cuối thế kỉ XVIII (phần 1)",
        "url": "bai-tap-trac-nghiem-lich-su-10_bai-23-phong-trao-tay-son-va-su-nghiep-thong-nhat-dat-nuoc-bao-ve-to-quoc-cuoi-the-ki-xviii",
        "level": 2
    },
    {
        "type": "category",
        "title": "Trắc nghiệm Bài 23: Phong trào Tây Sơn và sự nghiệp thống nhất đất nước, bảo vệ Tổ Quốc cuối thế kỉ XVIII (phần 2)",
        "url": "bai-tap-trac-nghiem-lich-su-10_bai-23-phong-trao-tay-son-va-su-nghiep-thong-nhat-dat-nuoc-bao-ve-to-quoc-cuoi-the-ki-xviii-1",
        "level": 2
    },
    {
        "type": "category",
        "title": "Trắc nghiệm Bài 24: Tình hình văn hóa ở các thế kỉ XVI-XVIII (phần 1)",
        "url": "bai-tap-trac-nghiem-lich-su-10_bai-24-tinh-hinh-van-hoa-o-cac-the-ki-xvi-xviii",
        "level": 2
    },
    {
        "type": "category",
        "title": "Trắc nghiệm Bài 24: Tình hình văn hóa ở các thế kỉ XVI-XVIII (phần 2)",
        "url": "bai-tap-trac-nghiem-lich-su-10_bai-24-tinh-hinh-van-hoa-o-cac-the-ki-xvi-xviii-1",
        "level": 2
    },
    {
        "type": "category",
        "title": "Chương 4: Việt Nam ở nửa đầu thế kỉ XIX",
        "url": "bai-tap-trac-nghiem-lich-su-10_chuong-4-viet-nam-o-nua-dau-the-ki-19",
        "level": 1
    },
    {
        "type": "category",
        "title": "Trắc nghiệm Bài 25: Tình hình chính trị, kinh tế, văn hóa dưới triều Nguyễn (nửa đầu thế kỉ XIX) (phần 1)",
        "url": "bai-tap-trac-nghiem-lich-su-10_bai-25-tinh-hinh-chinh-tri-kinh-te-van-hoa-duoi-trieu-nguyen-xix",
        "level": 2
    },
    {
        "type": "category",
        "title": "Trắc nghiệm Bài 25: Tình hình chính trị, kinh tế, văn hóa dưới triều Nguyễn (nửa đầu thế kỉ XIX) (phần 2)",
        "url": "bai-tap-trac-nghiem-lich-su-10_bai-25-tinh-hinh-chinh-tri-kinh-te-van-hoa-duoi-trieu-nguyen-xix-1",
        "level": 2
    },
    {
        "type": "category",
        "title": "Trắc nghiệm Bài 26: Tình hình xã hội ở nửa đầu thế kỉ XIX và phong trào đấu tranh của nhân dân (phần 1)",
        "url": "bai-tap-trac-nghiem-lich-su-10_bai-26-tinh-hinh-xa-hoi-o-nua-dau-the-ki-xix-va-phong-trao-dau-tranh-cua-nhan-dan",
        "level": 2
    },
    {
        "type": "category",
        "title": "Chương 5: Sơ kết lịch sử Việt Nam từ nguồn gốc đến giữa thế kỉ XIX",
        "url": "bai-tap-trac-nghiem-lich-su-10_chuong-5-so-ket-lich-su-viet-nam-tu-nguon-goc-den-giua-the-ki-19",
        "level": 1
    },
    {
        "type": "category",
        "title": "Trắc nghiệm Bài 27: Quá trình dựng nước và giữ nước (phần 1)",
        "url": "bai-tap-trac-nghiem-lich-su-10_bai-27-qua-trinh-dung-nuoc-va-giu-nuoc",
        "level": 2
    },
    {
        "type": "category",
        "title": "Trắc nghiệm Bài 27: Quá trình dựng nước và giữ nước (phần 2)",
        "url": "bai-tap-trac-nghiem-lich-su-10_bai-27-qua-trinh-dung-nuoc-va-giu-nuoc-1",
        "level": 2
    },
    {
        "type": "category",
        "title": "Trắc nghiệm Bài 27: Quá trình dựng nước và giữ nước (phần 3)",
        "url": "bai-tap-trac-nghiem-lich-su-10_bai-27-qua-trinh-dung-nuoc-va-giu-nuoc-2",
        "level": 2
    },
    {
        "type": "category",
        "title": "Trắc nghiệm Bài 28: Truyền thống yêu nước của dân tộc Việt Nam thời phong kiến",
        "url": "bai-tap-trac-nghiem-lich-su-10_bai-28-truyen-thong-yeu-nuoc-cua-dan-toc-viet-nam-thoi-phong-kien",
        "level": 2
    },
    {
        "type": "category",
        "title": "Phần 3: Lịch sử thế giới cận đại",
        "url": "bai-tap-trac-nghiem-lich-su-10_trac-nghiem-lich-su-10-phan-3",
        "level": 0
    },
    {
        "type": "category",
        "title": "Chương 1: Các cuộc cách mạng tư sản",
        "url": "bai-tap-trac-nghiem-lich-su-10_chuong-1-cac-cuoc-cach-mang-tu-san",
        "level": 1
    },
    {
        "type": "category",
        "title": "Trắc nghiệm Bài 29: Cách mạng Hà Lan và cách mạng tư sản Anh (phần 1)",
        "url": "bai-tap-trac-nghiem-lich-su-10_bai-29-cach-mang-ha-lan-va-cach-mang-tu-san-anh",
        "level": 2
    },
    {
        "type": "category",
        "title": "Trắc nghiệm Bài 29: Cách mạng Hà Lan và cách mạng tư sản Anh (phần 2)",
        "url": "bai-tap-trac-nghiem-lich-su-10_bai-29-cach-mang-ha-lan-va-cach-mang-tu-san-anh-1",
        "level": 2
    },
    {
        "type": "category",
        "title": "Trắc nghiệm Bài 30: Chiến tranh giành độc lập của các thuộc địa Anh ở Bắc Mĩ (phần 1)",
        "url": "bai-tap-trac-nghiem-lich-su-10_bai-30-chien-tranh-gianh-doc-lap-cua-cac-thuoc-dia-anh-o-bac-mi",
        "level": 2
    },
    {
        "type": "category",
        "title": "Trắc nghiệm Bài 30: Chiến tranh giành độc lập của các thuộc địa Anh ở Bắc Mĩ (phần 2)",
        "url": "bai-tap-trac-nghiem-lich-su-10_bai-30-chien-tranh-gianh-doc-lap-cua-cac-thuoc-dia-anh-o-bac-mi-1",
        "level": 2
    },
    {
        "type": "category",
        "title": "Trắc nghiệm Bài 31: Cách mạng tư sản Pháp cuối thế kỉ XVIII (phần 1)",
        "url": "bai-tap-trac-nghiem-lich-su-10_bai-31-cach-mang-tu-san-phap-cuoi-the-ki-xviii",
        "level": 2
    },
    {
        "type": "category",
        "title": "Trắc nghiệm Bài 31: Cách mạng tư sản Pháp cuối thế kỉ XVIII (phần 2)",
        "url": "bai-tap-trac-nghiem-lich-su-10_bai-31-cach-mang-tu-san-phap-cuoi-the-ki-xviii-1",
        "level": 2
    },
    {
        "type": "category",
        "title": "Trắc nghiệm Bài 31: Cách mạng tư sản Pháp cuối thế kỉ XVIII (phần 3)",
        "url": "bai-tap-trac-nghiem-lich-su-10_bai-31-cach-mang-tu-san-phap-cuoi-the-ki-xviii-2",
        "level": 2
    },
    {
        "type": "category",
        "title": "Chương 2: Các nước Âu - Mĩ",
        "url": "bai-tap-trac-nghiem-lich-su-10_chuong-2-cac-nuoc-au-mi-tu-giua-the-ki-16",
        "level": 1
    },
    {
        "type": "category",
        "title": "Trắc nghiệm Bài 32: Cách mạng công nghiệp ở Châu Âu (phần 1)",
        "url": "bai-tap-trac-nghiem-lich-su-10_bai-32-cach-mang-cong-nghiep-o-chau-au",
        "level": 2
    },
    {
        "type": "category",
        "title": "Trắc nghiệm Bài 33: Hoàn thành cách mạng tư sản ở châu Âu và Mĩ giữa thế kỉ XIX (phần 1)",
        "url": "bai-tap-trac-nghiem-lich-su-10_bai-33-hoan-thanh-cach-mang-cua-tu-san-o-chau-au-va-mi-giua-tk-xix",
        "level": 2
    },
    {
        "type": "category",
        "title": "Trắc nghiệm Bài 33: Hoàn thành cách mạng tư sản ở châu Âu và Mĩ giữa thế kỉ XIX (phần 2)",
        "url": "bai-tap-trac-nghiem-lich-su-10_bai-33-hoan-thanh-cach-mang-cua-tu-san-o-chau-au-va-mi-giua-tk-xix-1",
        "level": 2
    },
    {
        "type": "category",
        "title": "Trắc nghiệm Bài 33: Hoàn thành cách mạng tư sản ở châu Âu và Mĩ giữa thế kỉ XIX (phần 3)",
        "url": "bai-tap-trac-nghiem-lich-su-10_bai-33-hoan-thanh-cach-mang-cua-tu-san-o-chau-au-va-mi-giua-tk-xix-2",
        "level": 2
    },
    {
        "type": "category",
        "title": "Trắc nghiệm Bài 34-35: Các nước tư bản chuyển sang giai đoạn đế quốc chủ nghĩa (phần 1)",
        "url": "bai-tap-trac-nghiem-lich-su-10_bai-34-35-cac-nuoc-tu-ban-chuyen-sang-giai-doan-de-quoc-chu-nghia",
        "level": 2
    },
    {
        "type": "category",
        "title": "Trắc nghiệm Bài 34-35: Các nước tư bản chuyển sang giai đoạn đế quốc chủ nghĩa (phần 2)",
        "url": "bai-tap-trac-nghiem-lich-su-10_bai-34-35-cac-nuoc-tu-ban-chuyen-sang-giai-doan-de-quoc-chu-nghia-1",
        "level": 2
    },
    {
        "type": "category",
        "title": "Trắc nghiệm Bài 34-35: Các nước tư bản chuyển sang giai đoạn đế quốc chủ nghĩa (phần 3)",
        "url": "bai-tap-trac-nghiem-lich-su-10_bai-34-35-cac-nuoc-tu-ban-chuyen-sang-giai-doan-de-quoc-chu-nghia-2",
        "level": 2
    },
    {
        "type": "category",
        "title": "Trắc nghiệm Bài 34-35: Các nước tư bản chuyển sang giai đoạn đế quốc chủ nghĩa (phần 4)",
        "url": "bai-tap-trac-nghiem-lich-su-10_bai-34-35-cac-nuoc-tu-ban-chuyen-sang-giai-doan-de-quoc-chu-nghia-3",
        "level": 2
    },
    {
        "type": "category",
        "title": "Chương 3: Phong trào công nhân (Từ đầu thế kỉ XIX đến đầu thế kỉ XX)",
        "url": "bai-tap-trac-nghiem-lich-su-10_chuong-3-phong-trao-cong-nhan",
        "level": 1
    },
    {
        "type": "category",
        "title": "Trắc nghiệm Bài 36: Sự hình thành và phát triển của phong trào công nhân ",
        "url": "bai-tap-trac-nghiem-lich-su-10_bai-36-su-hinh-thanh-va-phat-trien-cua-phong-trao-cong-nhan",
        "level": 2
    },
    {
        "type": "category",
        "title": "Trắc nghiệm Bài 37: Mác và Ăngghen sự ra đời của chủ nghĩa xã hội khoa học (phần 1)",
        "url": "bai-tap-trac-nghiem-lich-su-10_bai-37-mac-va-angghen-su-ra-doi-cua-chu-nghia-xa-hoi-khoa-hoc",
        "level": 2
    },
    {
        "type": "category",
        "title": "Trắc nghiệm Bài 38: Quốc tế thứ nhất và công xã Pari 1871 (phần 1)",
        "url": "bai-tap-trac-nghiem-lich-su-10_bai-38-quoc-te-thu-nhat-va-cong-xa-pari-1871",
        "level": 2
    },
    {
        "type": "category",
        "title": "Trắc nghiệm Bài 38: Quốc tế thứ nhất và công xã Pari 1871 (phần 2)",
        "url": "bai-tap-trac-nghiem-lich-su-10_bai-38-quoc-te-thu-nhat-va-cong-xa-pari-1871-1",
        "level": 2
    },
    {
        "type": "category",
        "title": "Trắc nghiệm Bài 39: Quốc tế thứ hai ",
        "url": "bai-tap-trac-nghiem-lich-su-10_bai-39-quoc-te-thu-hai",
        "level": 2
    },
    {
        "type": "category",
        "title": "Trắc nghiệm Bài 40: Lênin và phong trào công nhân Nga đầu thế kỉ XX (phần 1)",
        "url": "bai-tap-trac-nghiem-lich-su-10_bai-40-lenin-va-phong-trao-cong-nhan-nga-dau-the-ki-xx",
        "level": 2
    },
    {
        "type": "category",
        "title": "Trắc nghiệm Bài 40: Lênin và phong trào công nhân Nga đầu thế kỉ XX (phần 2)",
        "url": "bai-tap-trac-nghiem-lich-su-10_bai-40-lenin-va-phong-trao-cong-nhan-nga-dau-the-ki-xx-1",
        "level": 2
    }
]