[
    {
        "type": "category",
        "title": "Phần 1: Công dân với việc hình thành thế giới quan, phương pháp luận khoa học",
        "url": "bai-tap-trac-nghiem-gdcd-10_trac-nghiem-gdcd-10-phan-1",
        "level": 0
    },
    {
        "type": "category",
        "title": "Trắc nghiệm Bài 1: Thế giới quan duy vật và phương pháp luận biện chứng (phần 1)",
        "url": "bai-tap-trac-nghiem-gdcd-10_bai-1-the-gioi-quan-duy-vat-va-phuong-phap-luan-bien-chung",
        "level": 1
    },
    {
        "type": "category",
        "title": "Trắc nghiệm Bài 1: Thế giới quan duy vật và phương pháp luận biện chứng (phần 2)",
        "url": "bai-tap-trac-nghiem-gdcd-10_bai-1-the-gioi-quan-duy-vat-va-phuong-phap-luan-bien-chung-1",
        "level": 1
    },
    {
        "type": "category",
        "title": "Trắc nghiệm Bài 3: Sự vận động và phát triển của thế giới vật chất (phần 1)",
        "url": "bai-tap-trac-nghiem-gdcd-10_bai-3-su-van-dong-va-phat-trien-cua-the-gioi-vat-chat",
        "level": 1
    },
    {
        "type": "category",
        "title": "Trắc nghiệm Bài 3: Sự vận động và phát triển của thế giới vật chất (phần 2)",
        "url": "bai-tap-trac-nghiem-gdcd-10_bai-3-su-van-dong-va-phat-trien-cua-the-gioi-vat-chat-1",
        "level": 1
    },
    {
        "type": "category",
        "title": "Trắc nghiệm Bài 3: Sự vận động và phát triển của thế giới vật chất (phần 3)",
        "url": "bai-tap-trac-nghiem-gdcd-10_bai-3-su-van-dong-va-phat-trien-cua-the-gioi-vat-chat-2",
        "level": 1
    },
    {
        "type": "category",
        "title": "Trắc nghiệm Bài 4: Nguồn gốc vận động phát triên của sự vật và hiện tượng (phần 1)",
        "url": "bai-tap-trac-nghiem-gdcd-10_bai-4-nguon-goc-van-dong-phat-trien-cua-su-vat-va-hien-tuong",
        "level": 1
    },
    {
        "type": "category",
        "title": "Trắc nghiệm Bài 4: Nguồn gốc vận động phát triên của sự vật và hiện tượng (phần 2)",
        "url": "bai-tap-trac-nghiem-gdcd-10_bai-4-nguon-goc-van-dong-phat-trien-cua-su-vat-va-hien-tuong-1",
        "level": 1
    },
    {
        "type": "category",
        "title": "Trắc nghiệm Bài 4: Nguồn gốc vận động phát triên của sự vật và hiện tượng (phần 3)",
        "url": "bai-tap-trac-nghiem-gdcd-10_bai-4-nguon-goc-van-dong-phat-trien-cua-su-vat-va-hien-tuong-2",
        "level": 1
    },
    {
        "type": "category",
        "title": "Trắc nghiệm Bài 5: Cách thức vận động, phát triên của sự vật và hiện tượng (phần 1)",
        "url": "bai-tap-trac-nghiem-gdcd-10_bai-5-cach-thuc-van-dong-phat-trien-cua-su-vat-va-hien-tuong",
        "level": 1
    },
    {
        "type": "category",
        "title": "Trắc nghiệm Bài 5: Cách thức vận động, phát triên của sự vật và hiện tượng (phần 2)",
        "url": "bai-tap-trac-nghiem-gdcd-10_bai-5-cach-thuc-van-dong-phat-trien-cua-su-vat-va-hien-tuong-1",
        "level": 1
    },
    {
        "type": "category",
        "title": "Trắc nghiệm Bài 5: Cách thức vận động, phát triên của sự vật và hiện tượng (phần 3)",
        "url": "bai-tap-trac-nghiem-gdcd-10_bai-5-cach-thuc-van-dong-phat-trien-cua-su-vat-va-hien-tuong-2",
        "level": 1
    },
    {
        "type": "category",
        "title": "Trắc nghiệm Bài 6: Khuynh hướng phát triền của sự vật và hiện tượng (phần 1)",
        "url": "bai-tap-trac-nghiem-gdcd-10_bai-6-khuynh-huong-phat-trien-cua-su-vat-va-hien-tuong",
        "level": 1
    },
    {
        "type": "category",
        "title": "Trắc nghiệm Bài 6: Khuynh hướng phát triền của sự vật và hiện tượng (phần 2)",
        "url": "bai-tap-trac-nghiem-gdcd-10_bai-6-khuynh-huong-phat-trien-cua-su-vat-va-hien-tuong-1",
        "level": 1
    },
    {
        "type": "category",
        "title": "Trắc nghiệm Bài 6: Khuynh hướng phát triền của sự vật và hiện tượng (phần 3)",
        "url": "bai-tap-trac-nghiem-gdcd-10_bai-6-khuynh-huong-phat-trien-cua-su-vat-va-hien-tuong-2",
        "level": 1
    },
    {
        "type": "category",
        "title": "Trắc nghiệm Bài 7: Thực tiễn và vai trò của thực tiễn đối với nhận thức (phần 1)",
        "url": "bai-tap-trac-nghiem-gdcd-10_bai-7-thuc-tien-va-vai-tro-cua-thuc-tien-doi-voi-nhan-thuc",
        "level": 1
    },
    {
        "type": "category",
        "title": "Trắc nghiệm Bài 7: Thực tiễn và vai trò của thực tiễn đối với nhận thức (phần 2)",
        "url": "bai-tap-trac-nghiem-gdcd-10_bai-7-thuc-tien-va-vai-tro-cua-thuc-tien-doi-voi-nhan-thuc-1",
        "level": 1
    },
    {
        "type": "category",
        "title": "Trắc nghiệm Bài 7: Thực tiễn và vai trò của thực tiễn đối với nhận thức (phần 3)",
        "url": "bai-tap-trac-nghiem-gdcd-10_bai-7-thuc-tien-va-vai-tro-cua-thuc-tien-doi-voi-nhan-thuc-2",
        "level": 1
    },
    {
        "type": "category",
        "title": "Trắc nghiệm Bài 9: Con người là chủ thể của lịch sử và là mục tiêu phát triên của xã hội (phần 1)",
        "url": "bai-tap-trac-nghiem-gdcd-10_bai-9-con-nguoi-la-chu-the-cua-lich-su-va-la-muc-tieu-phat-trien-cua-xa-hoi",
        "level": 1
    },
    {
        "type": "category",
        "title": "Trắc nghiệm Bài 9: Con người là chủ thể của lịch sử và là mục tiêu phát triên của xã hội (phần 2)",
        "url": "bai-tap-trac-nghiem-gdcd-10_bai-9-con-nguoi-la-chu-the-cua-lich-su-va-la-muc-tieu-phat-trien-cua-xa-hoi-1",
        "level": 1
    },
    {
        "type": "category",
        "title": "Trắc nghiệm Bài 9: Con người là chủ thể của lịch sử và là mục tiêu phát triên của xã hội (phần 3)",
        "url": "bai-tap-trac-nghiem-gdcd-10_bai-9-con-nguoi-la-chu-the-cua-lich-su-va-la-muc-tieu-phat-trien-cua-xa-hoi-2",
        "level": 1
    },
    {
        "type": "category",
        "title": "Phần 2: Công dân với đạo đức",
        "url": "bai-tap-trac-nghiem-gdcd-10_trac-nghiem-gdcd-10-phan-2",
        "level": 0
    },
    {
        "type": "category",
        "title": "Trắc nghiệm Bài 10: Quan niệm về đạo đức (phần 1)",
        "url": "bai-tap-trac-nghiem-gdcd-10_bai-10-quan-niem-ve-dao-duc",
        "level": 1
    },
    {
        "type": "category",
        "title": "Bài tập trắc nghiệm 10: Quan niệm về đạo đức (phần 2)",
        "url": "bai-tap-trac-nghiem-gdcd-10_bai-10-quan-niem-ve-dao-duc-1",
        "level": 1
    },
    {
        "type": "category",
        "title": "Bài tập trắc nghiệm 10: Quan niệm về đạo đức (phần 3)",
        "url": "bai-tap-trac-nghiem-gdcd-10_bai-10-quan-niem-ve-dao-duc-2",
        "level": 1
    },
    {
        "type": "category",
        "title": "Trắc nghiệm Bài 11: Một số phạm trù cơ bản của đạo đức học (phần 1)",
        "url": "bai-tap-trac-nghiem-gdcd-10_bai-11-mot-so-pham-tru-co-ban-cua-dao-duc-hoc",
        "level": 1
    },
    {
        "type": "category",
        "title": "Trắc nghiệm Bài 11: Một số phạm trù cơ bản của đạo đức học (phần 2)",
        "url": "bai-tap-trac-nghiem-gdcd-10_bai-11-mot-so-pham-tru-co-ban-cua-dao-duc-hoc-1",
        "level": 1
    },
    {
        "type": "category",
        "title": "Trắc nghiệm Bài 11: Một số phạm trù cơ bản của đạo đức học (phần 3)",
        "url": "bai-tap-trac-nghiem-gdcd-10_bai-11-mot-so-pham-tru-co-ban-cua-dao-duc-hoc-2",
        "level": 1
    },
    {
        "type": "category",
        "title": "Trắc nghiệm Bài 12: Công dân với tình yêu, hôn nhân và gia đình (phần 1)",
        "url": "bai-tap-trac-nghiem-gdcd-10_bai-12-cong-dan-voi-tinh-yeu-hon-nhan-va-gia-dinh",
        "level": 1
    },
    {
        "type": "category",
        "title": "Trắc nghiệm Bài 12: Công dân với tình yêu, hôn nhân và gia đình (phần 2)",
        "url": "bai-tap-trac-nghiem-gdcd-10_bai-12-cong-dan-voi-tinh-yeu-hon-nhan-va-gia-dinh-1",
        "level": 1
    },
    {
        "type": "category",
        "title": "Trắc nghiệm Bài 12: Công dân với tình yêu, hôn nhân và gia đình (phần 3)",
        "url": "bai-tap-trac-nghiem-gdcd-10_bai-12-cong-dan-voi-tinh-yeu-hon-nhan-va-gia-dinh-2",
        "level": 1
    },
    {
        "type": "category",
        "title": "Trắc nghiệm Bài 13: Công dân với cộng đồng (phần 1)",
        "url": "bai-tap-trac-nghiem-gdcd-10_bai-13-cong-dan-voi-cong-dong",
        "level": 1
    },
    {
        "type": "category",
        "title": "Trắc nghiệm Bài 13: Công dân với cộng đồng (phần 2)",
        "url": "bai-tap-trac-nghiem-gdcd-10_bai-13-cong-dan-voi-cong-dong-1",
        "level": 1
    },
    {
        "type": "category",
        "title": "Trắc nghiệm Bài 13: Công dân với cộng đồng (phần 3)",
        "url": "bai-tap-trac-nghiem-gdcd-10_bai-13-cong-dan-voi-cong-dong-2",
        "level": 1
    },
    {
        "type": "category",
        "title": "Trắc nghiệm Bài 14: Công dân với sự nghiệp xây dựng và bảo vệ tổ quốc (phần 1)",
        "url": "bai-tap-trac-nghiem-gdcd-10_bai-14-cong-dan-voi-su-nghiep-xay-dung-va-bao-ve-to-quoc",
        "level": 1
    },
    {
        "type": "category",
        "title": "Trắc nghiệm Bài 14: Công dân với sự nghiệp xây dựng và bảo vệ tổ quốc (phần 2)",
        "url": "bai-tap-trac-nghiem-gdcd-10_bai-14-cong-dan-voi-su-nghiep-xay-dung-va-bao-ve-to-quoc-1",
        "level": 1
    },
    {
        "type": "category",
        "title": "Trắc nghiệm Bài 15: Công dân với một số vấn đề cấp thiết của nhân loại (phần 1)",
        "url": "bai-tap-trac-nghiem-gdcd-10_bai-15-cong-dan-voi-mot-so-van-de-cap-thiet-cua-nhan-loai",
        "level": 1
    },
    {
        "type": "category",
        "title": "Trắc nghiệm Bài 15: Công dân với một số vấn đề cấp thiết của nhân loại (phần 2)",
        "url": "bai-tap-trac-nghiem-gdcd-10_bai-15-cong-dan-voi-mot-so-van-de-cap-thiet-cua-nhan-loai-1",
        "level": 1
    },
    {
        "type": "category",
        "title": "Trắc nghiệm Bài 15: Công dân với một số vấn đề cấp thiết của nhân loại (phần 3)",
        "url": "bai-tap-trac-nghiem-gdcd-10_bai-15-cong-dan-voi-mot-so-van-de-cap-thiet-cua-nhan-loai-2",
        "level": 1
    },
    {
        "type": "category",
        "title": "Trắc nghiệm Bài 16: Tự hoàn thiện bản thân (phần 1)",
        "url": "bai-tap-trac-nghiem-gdcd-10_bai-16-tu-hoan-thien-ban-than",
        "level": 1
    },
    {
        "type": "category",
        "title": "Trắc nghiệm Bài 16: Tự hoàn thiện bản thân (phần 2)",
        "url": "bai-tap-trac-nghiem-gdcd-10_bai-16-tu-hoan-thien-ban-than-1",
        "level": 1
    },
    {
        "type": "category",
        "title": "Trắc nghiệm Bài 16: Tự hoàn thiện bản thân (phần 3)",
        "url": "bai-tap-trac-nghiem-gdcd-10_bai-16-tu-hoan-thien-ban-than-2",
        "level": 1
    }
]