[
    {
        "type": "category",
        "title": "Trả lời câu hỏi Sinh 10 nâng cao Bài 32 trang 107 :  Hãy viết sơ đồ liệt kê các cấp tổ chức của sinh giới và cho biết các .... Hãy viết sơ đồ liệt kê các thành phần hóa học của ... ",
        "url": "giai-bai-tap-sinh-10-nang-cao_tra-loi-cau-hoi-sinh-10-nang-cao-bai-32-trang-107",
        "level": 0
    },
    {
        "type": "category",
        "title": "Trả lời câu hỏi Sinh 10 nâng cao Bài 32 trang 108 :  Hãy điền nội dung vào các bảng sau sao cho phù ....",
        "url": "giai-bai-tap-sinh-10-nang-cao_tra-loi-cau-hoi-sinh-10-nang-cao-bai-32-trang-108",
        "level": 0
    },
    {
        "type": "category",
        "title": "Trả lời câu hỏi Sinh 10 nâng cao Bài 32 trang 109 :  Hãy viết sơ đồ tổng quát quá trình quang hợp. Cho biết trong  ....",
        "url": "giai-bai-tap-sinh-10-nang-cao_tra-loi-cau-hoi-sinh-10-nang-cao-bai-32-trang-109",
        "level": 0
    },
    {
        "type": "category",
        "title": "Bài 1 trang 110 sgk Sinh học 10 nâng cao:  Hãy nêu vai trò của nước trong cấu trúc ....",
        "url": "giai-bai-tap-sinh-10-nang-cao_bai-1-trang-110-sgk-sinh-hoc-10-nang-cao",
        "level": 0
    },
    {
        "type": "category",
        "title": "Bài 2 trang 110 sgk Sinh học 10 nâng cao:  Trình bày cấu trúc, chức năng của các hợp .....",
        "url": "giai-bai-tap-sinh-10-nang-cao_bai-2-trang-110-sgk-sinh-hoc-10-nang-cao",
        "level": 0
    },
    {
        "type": "category",
        "title": "Bài 3 trang 110 sgk Sinh học 10 nâng cao:  Tại sao cơ thể chúng ta lại được cấu tạo từ rất nhiều  ....",
        "url": "giai-bai-tap-sinh-10-nang-cao_bai-3-trang-110-sgk-sinh-hoc-10-nang-cao",
        "level": 0
    },
    {
        "type": "category",
        "title": "Bài 4 trang 110 sgk Sinh học 10 nâng cao:  Trình bày cấu trúc, chức năng của màng sinh  ....",
        "url": "giai-bai-tap-sinh-10-nang-cao_bai-4-trang-110-sgk-sinh-hoc-10-nang-cao",
        "level": 0
    },
    {
        "type": "category",
        "title": "Bài 5 trang 110 sgk Sinh học 10 nâng cao:  Mô tả cấu trúc và chức năng của ....",
        "url": "giai-bai-tap-sinh-10-nang-cao_bai-5-trang-110-sgk-sinh-hoc-10-nang-cao",
        "level": 0
    },
    {
        "type": "category",
        "title": "Bài 6 trang 110 sgk Sinh học 10 nâng cao:  Trình bày cấu trúc, chức năng của  ....",
        "url": "giai-bai-tap-sinh-10-nang-cao_bai-6-trang-110-sgk-sinh-hoc-10-nang-cao",
        "level": 0
    },
    {
        "type": "category",
        "title": "Bài 7 trang 110 sgk Sinh học 10 nâng cao:  Trong tế bào thực vật có hai loại bào quan tổng  ....",
        "url": "giai-bai-tap-sinh-10-nang-cao_bai-7-trang-110-sgk-sinh-hoc-10-nang-cao",
        "level": 0
    },
    {
        "type": "category",
        "title": "Bài 8 trang 110 sgk Sinh học 10 nâng cao:  Trình bày cấu trúc, chức năng của lưới .....",
        "url": "giai-bai-tap-sinh-10-nang-cao_bai-8-trang-110-sgk-sinh-hoc-10-nang-cao",
        "level": 0
    },
    {
        "type": "category",
        "title": "Bài 9 trang 110 sgk Sinh học 10 nâng cao:  Phân biệt quang tổng hợp với hoá  ....",
        "url": "giai-bai-tap-sinh-10-nang-cao_bai-9-trang-110-sgk-sinh-hoc-10-nang-cao",
        "level": 0
    },
    {
        "type": "category",
        "title": "Bài 10 trang 110 sgk Sinh học 10 nâng cao:  Trình bày mối liên quan và sự khác nhau giữa ....",
        "url": "giai-bai-tap-sinh-10-nang-cao_bai-10-trang-110-sgk-sinh-hoc-10-nang-cao",
        "level": 0
    },
    {
        "type": "category",
        "title": "Bài 11 trang 110 sgk Sinh học 10 nâng cao:  Trình bày quá trình phân giải glucôzơ ....",
        "url": "giai-bai-tap-sinh-10-nang-cao_bai-11-trang-110-sgk-sinh-hoc-10-nang-cao",
        "level": 0
    },
    {
        "type": "category",
        "title": "Bài 12 trang 110 sgk Sinh học 10 nâng cao:  Thế nào là chu kì tế bào? Tại sao thời gian ....",
        "url": "giai-bai-tap-sinh-10-nang-cao_bai-12-trang-110-sgk-sinh-hoc-10-nang-cao",
        "level": 0
    },
    {
        "type": "category",
        "title": "Bài 13 trang 110 sgk Sinh học 10 nâng cao:  Phân biệt nguyên phân với giảm  ....",
        "url": "giai-bai-tap-sinh-10-nang-cao_bai-13-trang-110-sgk-sinh-hoc-10-nang-cao",
        "level": 0
    },
    {
        "type": "category",
        "title": "Bài 14 trang 110 sgk Sinh học 10 nâng cao:  Chọn phương án đúng : 14.1 Vai trò của lục lạp trong tế  ....",
        "url": "giai-bai-tap-sinh-10-nang-cao_bai-14-trang-110-sgk-sinh-hoc-10-nang-cao",
        "level": 0
    }
]