[
    {
        "type": "category",
        "title": "Trả lời câu hỏi Sinh 10 nâng cao Bài 8 trang 30: Tại sao về mùa lạnh hanh, khô, người   .... Dựa vào hình 8.6 và hình 8.7, hãy mô tả cấu trúc phân ... ",
        "url": "giai-bai-tap-sinh-10-nang-cao_tra-loi-cau-hoi-sinh-10-nang-cao-bai-8-trang-30",
        "level": 0
    },
    {
        "type": "category",
        "title": "Bài 1 trang 32 sgk Sinh học 10 nâng cao:  Hãy cho biết cấu tạo và vai trò của một vài đại diện ....",
        "url": "giai-bai-tap-sinh-10-nang-cao_bai-1-trang-32-sgk-sinh-hoc-10-nang-cao",
        "level": 0
    },
    {
        "type": "category",
        "title": "Bài 2 trang 32 sgk Sinh học 10 nâng cao:  Lipit và cacbohiđrat có điểm nào giống và khác .....",
        "url": "giai-bai-tap-sinh-10-nang-cao_bai-2-trang-32-sgk-sinh-hoc-10-nang-cao",
        "level": 0
    },
    {
        "type": "category",
        "title": "Bài 3 trang 32 sgk Sinh học 10 nâng cao:  Chọn câu đúng. Những hợp chất nào sau đây có đơn ....",
        "url": "giai-bai-tap-sinh-10-nang-cao_bai-3-trang-32-sgk-sinh-hoc-10-nang-cao",
        "level": 0
    },
    {
        "type": "category",
        "title": "Bài 4 trang 32 sgk Sinh học 10 nâng cao:  Chọn câu đúng. Fructôzơ là một loại  ....",
        "url": "giai-bai-tap-sinh-10-nang-cao_bai-4-trang-32-sgk-sinh-hoc-10-nang-cao",
        "level": 0
    }
]