[
    {
        "type": "category",
        "title": "Trả lời câu hỏi Sinh 10 nâng cao Bài 3 trang 13 :  Hãy nghiên cứu sơ đồ hình 3.1 và so sánh đặc điểm ....",
        "url": "giai-bai-tap-sinh-10-nang-cao_tra-loi-cau-hoi-sinh-10-nang-cao-bai-3-trang-13",
        "level": 0
    },
    {
        "type": "category",
        "title": "Trả lời câu hỏi Sinh 10 nâng cao Bài 3 trang 14 :  Hãy nghiên cứu sơ đồ ở hình 3.2 và chỉ ra các ....",
        "url": "giai-bai-tap-sinh-10-nang-cao_tra-loi-cau-hoi-sinh-10-nang-cao-bai-3-trang-14",
        "level": 0
    },
    {
        "type": "category",
        "title": "Bài 1 trang 15 sgk Sinh học 10 nâng cao:  Giới Khởi sinh gồm những sinh vật nào ....",
        "url": "giai-bai-tap-sinh-10-nang-cao_bai-1-trang-15-sgk-sinh-hoc-10-nang-cao",
        "level": 0
    },
    {
        "type": "category",
        "title": "Bài 2 trang 15 sgk Sinh học 10 nâng cao:  Hãy điền đáp án đúng vào các chỗ trống sau đây: Động vật .....",
        "url": "giai-bai-tap-sinh-10-nang-cao_bai-2-trang-15-sgk-sinh-hoc-10-nang-cao",
        "level": 0
    },
    {
        "type": "category",
        "title": "Bài 3 trang 15 sgk Sinh học 10 nâng cao:  Hãy nêu những đặc điểm của giới  ....",
        "url": "giai-bai-tap-sinh-10-nang-cao_bai-3-trang-15-sgk-sinh-hoc-10-nang-cao",
        "level": 0
    },
    {
        "type": "category",
        "title": "Bài 4 trang 15 sgk Sinh học 10 nâng cao:  Vi sinh vật là gì?",
        "url": "giai-bai-tap-sinh-10-nang-cao_bai-4-trang-15-sgk-sinh-hoc-10-nang-cao",
        "level": 0
    }
]