[
    {
        "type": "category",
        "title": "Trả lời câu hỏi Sinh 10 nâng cao Bài 13 trang 46:  Dựa vào hình 13.1, hãy hoàn thành bảng sau bằng ....",
        "url": "giai-bai-tap-sinh-10-nang-cao_tra-loi-cau-hoi-sinh-10-nang-cao-bai-13-trang-46",
        "level": 0
    },
    {
        "type": "category",
        "title": "Trả lời câu hỏi Sinh 10 nâng cao Bài 13 trang 47:  Dựa vào hình 13.2, hãy mô tả cấu trúc chung ....",
        "url": "giai-bai-tap-sinh-10-nang-cao_tra-loi-cau-hoi-sinh-10-nang-cao-bai-13-trang-47",
        "level": 0
    },
    {
        "type": "category",
        "title": "Bài 1 trang 48 sgk Sinh học 10 nâng cao:  Trình bày khái quát về tế bào ....",
        "url": "giai-bai-tap-sinh-10-nang-cao_bai-1-trang-48-sgk-sinh-hoc-10-nang-cao",
        "level": 0
    },
    {
        "type": "category",
        "title": "Bài 2 trang 48 sgk Sinh học 10 nâng cao:  Vẽ sơ đồ cấu trúc tế bào vi khuẩn và  .....",
        "url": "giai-bai-tap-sinh-10-nang-cao_bai-2-trang-48-sgk-sinh-hoc-10-nang-cao",
        "level": 0
    },
    {
        "type": "category",
        "title": "Bài 3 trang 48 sgk Sinh học 10 nâng cao:  Những nhận định nào dưới đây là  ....",
        "url": "giai-bai-tap-sinh-10-nang-cao_bai-3-trang-48-sgk-sinh-hoc-10-nang-cao",
        "level": 0
    },
    {
        "type": "category",
        "title": "Bài 4 trang 48 sgk Sinh học 10 nâng cao:  Chọn phương án đúng. Chức năng của  ....",
        "url": "giai-bai-tap-sinh-10-nang-cao_bai-4-trang-48-sgk-sinh-hoc-10-nang-cao",
        "level": 0
    }
]