[
    {
        "type": "category",
        "title": "Trả lời câu hỏi Sinh 10 nâng cao Bài 26 trang 86 :  Hãy mô tả cấu trúc của lục lạp trong  ....",
        "url": "giai-bai-tap-sinh-10-nang-cao_tra-loi-cau-hoi-sinh-10-nang-cao-bai-26-trang-86",
        "level": 0
    },
    {
        "type": "category",
        "title": "Trả lời câu hỏi Sinh 10 nâng cao Bài 26 trang 87 :  Từ mô tả ở trên và quan sát hình 26.2, hãy chỉ ra các  .... Quan sát hình 26.3, hãy chỉ ra các chất tham gia và sản  ... Dựa vào kiến thức đã học em hãy hoàn thành ... ",
        "url": "giai-bai-tap-sinh-10-nang-cao_tra-loi-cau-hoi-sinh-10-nang-cao-bai-26-trang-87",
        "level": 0
    },
    {
        "type": "category",
        "title": "Bài 1 trang 88 sgk Sinh học 10 nâng cao:  Nêu mối liên quan giữa hai pha của  ....",
        "url": "giai-bai-tap-sinh-10-nang-cao_bai-1-trang-88-sgk-sinh-hoc-10-nang-cao",
        "level": 0
    },
    {
        "type": "category",
        "title": "Bài 2 trang 88 sgk Sinh học 10 nâng cao:   Ôxi được sinh ra trong quang hợp nhờ quá trình.....",
        "url": "giai-bai-tap-sinh-10-nang-cao_bai-2-trang-88-sgk-sinh-hoc-10-nang-cao",
        "level": 0
    },
    {
        "type": "category",
        "title": "Bài 3 trang 88 sgk Sinh học 10 nâng cao:  Mô tả pha tối của quang hợp. Tại sao gọi pha tối ....",
        "url": "giai-bai-tap-sinh-10-nang-cao_bai-3-trang-88-sgk-sinh-hoc-10-nang-cao",
        "level": 0
    },
    {
        "type": "category",
        "title": "Bài 4 trang 88 sgk Sinh học 10 nâng cao:  Hãy lựa chọn và ghép các chữ cái ở đầu câu (a, b, c,…) ở cột B vào các ....",
        "url": "giai-bai-tap-sinh-10-nang-cao_bai-4-trang-88-sgk-sinh-hoc-10-nang-cao",
        "level": 0
    }
]