[
    {
        "type": "category",
        "title": "Trả lời câu hỏi Sinh 10 nâng cao Bài 25 trang 83 :  Hãy xác định phương trình hóa tổng hợp ....",
        "url": "giai-bai-tap-sinh-10-nang-cao_tra-loi-cau-hoi-sinh-10-nang-cao-bai-25-trang-83",
        "level": 0
    },
    {
        "type": "category",
        "title": "Trả lời câu hỏi Sinh 10 nâng cao Bài 25 trang 84 :  Nhắc lại khái niệm về quang hợp đã học ở .... Thế nào là sắc tố quang hợp? Trong tự  ... Sắc tố quang hợp có vai trò gì trong  ... ",
        "url": "giai-bai-tap-sinh-10-nang-cao_tra-loi-cau-hoi-sinh-10-nang-cao-bai-25-trang-84",
        "level": 0
    },
    {
        "type": "category",
        "title": "Trả lời câu hỏi Sinh 10 nâng cao Bài 25 trang 85 :   Từ thí nghiệm trên rút ra nhận ....",
        "url": "giai-bai-tap-sinh-10-nang-cao_tra-loi-cau-hoi-sinh-10-nang-cao-bai-25-trang-85",
        "level": 0
    },
    {
        "type": "category",
        "title": "Bài 1 trang 85 sgk Sinh học 10 nâng cao:  Hoá tổng hợp là gì? Viết phương trình  ....",
        "url": "giai-bai-tap-sinh-10-nang-cao_bai-1-trang-85-sgk-sinh-hoc-10-nang-cao",
        "level": 0
    },
    {
        "type": "category",
        "title": "Bài 2 trang 85 sgk Sinh học 10 nâng cao:  Điểm khác nhau trong con đường tổng  .....",
        "url": "giai-bai-tap-sinh-10-nang-cao_bai-2-trang-85-sgk-sinh-hoc-10-nang-cao",
        "level": 0
    },
    {
        "type": "category",
        "title": "Bài 3 trang 85 sgk Sinh học 10 nâng cao:  Quang hợp là gì ? Viết phương trình  ....",
        "url": "giai-bai-tap-sinh-10-nang-cao_bai-3-trang-85-sgk-sinh-hoc-10-nang-cao",
        "level": 0
    },
    {
        "type": "category",
        "title": "Bài 4 trang 85 sgk Sinh học 10 nâng cao:  Thế nào là sắc tố quang hợp? Tại sao mỗi cơ thể ....",
        "url": "giai-bai-tap-sinh-10-nang-cao_bai-4-trang-85-sgk-sinh-hoc-10-nang-cao",
        "level": 0
    }
]