[
    {
        "type": "category",
        "title": "Trả lời câu hỏi Sinh 10 nâng cao Bài 2 trang 10 : Hãy nghiên cứu bảng 2.1, chỉ ra những đặc điểm  ....",
        "url": "giai-bai-tap-sinh-10-nang-cao_tra-loi-cau-hoi-sinh-10-nang-cao-bai-2-trang-10",
        "level": 0
    },
    {
        "type": "category",
        "title": "Trả lời câu hỏi Sinh 10 nâng cao Bài 2 trang 12 : Chúng ta đã làm gì khiến cho sự đa dạng sinh vật ở   ....",
        "url": "giai-bai-tap-sinh-10-nang-cao_tra-loi-cau-hoi-sinh-10-nang-cao-bai-2-trang-12",
        "level": 0
    },
    {
        "type": "category",
        "title": "Bài 1 trang 12 sgk Sinh học 10 nâng cao: Giới sinh vật là gì ? Có bao nhiêu giới   ....",
        "url": "giai-bai-tap-sinh-10-nang-cao_bai-1-trang-12-sgk-sinh-hoc-10-nang-cao",
        "level": 0
    },
    {
        "type": "category",
        "title": "Bài 2 trang 12 sgk Sinh học 10 nâng cao:  Hãy kể các bậc chính trong thang phân loại .....",
        "url": "giai-bai-tap-sinh-10-nang-cao_bai-2-trang-12-sgk-sinh-hoc-10-nang-cao",
        "level": 0
    },
    {
        "type": "category",
        "title": "Bài 3 trang 12 sgk Sinh học 10 nâng cao:  Hãy viết tên khoa học của hổ cho biết hổ thuộc ....",
        "url": "giai-bai-tap-sinh-10-nang-cao_bai-3-trang-12-sgk-sinh-hoc-10-nang-cao",
        "level": 0
    },
    {
        "type": "category",
        "title": "Bài 4 trang 12 sgk Sinh học 10 nâng cao: Em phải làm gì để bảo tồn đa dạng sinh  ....",
        "url": "giai-bai-tap-sinh-10-nang-cao_bai-4-trang-12-sgk-sinh-hoc-10-nang-cao",
        "level": 0
    }
]