[
    {
        "type": "category",
        "title": "Trả lời câu hỏi Sinh 10 nâng cao Bài 46 trang 155:  Hãy kể tên những bệnh truyền nhiễm .... Lấy ví dụ các bệnh truyền nhiễm theo các con đường ... ",
        "url": "giai-bai-tap-sinh-10-nang-cao_tra-loi-cau-hoi-sinh-10-nang-cao-bai-46-trang-155",
        "level": 0
    },
    {
        "type": "category",
        "title": "Trả lời câu hỏi Sinh 10 nâng cao Bài 46 trang 156:   Hãy kể tên một số dịch bệnh do virut gây ra ở người  .... Dựa vào kiến thức đã học ở lớp 8, hãy cho biết ... ",
        "url": "giai-bai-tap-sinh-10-nang-cao_tra-loi-cau-hoi-sinh-10-nang-cao-bai-46-trang-156",
        "level": 0
    },
    {
        "type": "category",
        "title": "Trả lời câu hỏi Sinh 10 nâng cao Bài 46 trang 157:   Vậy theo em hiểu thế nào là  ....",
        "url": "giai-bai-tap-sinh-10-nang-cao_tra-loi-cau-hoi-sinh-10-nang-cao-bai-46-trang-157",
        "level": 0
    },
    {
        "type": "category",
        "title": "Bài 1 trang 157 sgk Sinh học 10 nâng cao:  Thế nào là bệnh truyền nhiễm? Bệnh  ....",
        "url": "giai-bai-tap-sinh-10-nang-cao_bai-1-trang-157-sgk-sinh-hoc-10-nang-cao",
        "level": 0
    },
    {
        "type": "category",
        "title": "Bài 2 trang 157 sgk Sinh học 10 nâng cao:  Tại sao xung quanh và trên cơ thể chúng ta .....",
        "url": "giai-bai-tap-sinh-10-nang-cao_bai-2-trang-157-sgk-sinh-hoc-10-nang-cao",
        "level": 0
    },
    {
        "type": "category",
        "title": "Bài 3 trang 157 sgk Sinh học 10 nâng cao:  Tại sao người ta nói hiện nay các bệnh truyền nhiễm  ....",
        "url": "giai-bai-tap-sinh-10-nang-cao_bai-3-trang-157-sgk-sinh-hoc-10-nang-cao",
        "level": 0
    },
    {
        "type": "category",
        "title": "Bài 4 trang 157 sgk Sinh học 10 nâng cao:  Thế nào là miễn dịch? Các loại miễn dịch. Vai  ....",
        "url": "giai-bai-tap-sinh-10-nang-cao_bai-4-trang-157-sgk-sinh-hoc-10-nang-cao",
        "level": 0
    },
    {
        "type": "category",
        "title": "Bài 5 trang 157 sgk Sinh học 10 nâng cao:  Thế nào là intefêron? Nêu tính chất  ....",
        "url": "giai-bai-tap-sinh-10-nang-cao_bai-5-trang-157-sgk-sinh-hoc-10-nang-cao",
        "level": 0
    }
]