[
    {
        "type": "category",
        "title": "Bài 1 trang 119 sgk Sinh học 10 nâng cao:  Hãy nêu đặc điểm của quá trình tổng  ....",
        "url": "giai-bai-tap-sinh-10-nang-cao_bai-1-trang-119-sgk-sinh-hoc-10-nang-cao",
        "level": 0
    },
    {
        "type": "category",
        "title": "Bài 2 trang 119 sgk Sinh học 10 nâng cao:  Trên thị trường thường gặp các loại bột giặt .....",
        "url": "giai-bai-tap-sinh-10-nang-cao_bai-2-trang-119-sgk-sinh-hoc-10-nang-cao",
        "level": 0
    },
    {
        "type": "category",
        "title": "Bài 3 trang 119 sgk Sinh học 10 nâng cao:  Tại sao trâu bò lại đồng hoá được  ....",
        "url": "giai-bai-tap-sinh-10-nang-cao_bai-3-trang-119-sgk-sinh-hoc-10-nang-cao",
        "level": 0
    }
]