[
    {
        "type": "category",
        "title": "Trả lời câu hỏi Sinh 10 nâng cao Bài 16 trang 57 :  Quan sát hình 16.1, hãy cho biết trong tế bào nhân thực  .... Dựa vào các thông tin ở trên, hãy cho biết trong cơ ... ",
        "url": "giai-bai-tap-sinh-10-nang-cao_tra-loi-cau-hoi-sinh-10-nang-cao-bai-16-trang-57",
        "level": 0
    },
    {
        "type": "category",
        "title": "Trả lời câu hỏi Sinh 10 nâng cao Bài 16 trang 58 :  Điều gì sẽ xảy ra nếu vì lí do nào đó  ... ",
        "url": "giai-bai-tap-sinh-10-nang-cao_tra-loi-cau-hoi-sinh-10-nang-cao-bai-16-trang-58",
        "level": 0
    },
    {
        "type": "category",
        "title": "Bài 1 trang 59 sgk Sinh học 10 nâng cao:  Lập bảng mô tả đặc điểm cấu trúc và  ....",
        "url": "giai-bai-tap-sinh-10-nang-cao_bai-1-trang-59-sgk-sinh-hoc-10-nang-cao",
        "level": 0
    },
    {
        "type": "category",
        "title": "Bài 2 trang 59 sgk Sinh học 10 nâng cao:  Hình dạng tế bào là ổn định hay thay đổi? Trong cơ .....",
        "url": "giai-bai-tap-sinh-10-nang-cao_bai-2-trang-59-sgk-sinh-hoc-10-nang-cao",
        "level": 0
    },
    {
        "type": "category",
        "title": "Bài 3 trang 59 sgk Sinh học 10 nâng cao:  Chọn phương án đúng. Điều nào dưới đây không  ....",
        "url": "giai-bai-tap-sinh-10-nang-cao_bai-3-trang-59-sgk-sinh-hoc-10-nang-cao",
        "level": 0
    }
]