[
    {
        "type": "category",
        "title": "Trả lời câu hỏi Sinh 10 nâng cao Bài 24 trang 81 :  -\tQuan sát hình 24.2, hãy cho biết mối liên quan giữa đường  ....",
        "url": "giai-bai-tap-sinh-10-nang-cao_tra-loi-cau-hoi-sinh-10-nang-cao-bai-24-trang-81",
        "level": 0
    },
    {
        "type": "category",
        "title": "Bài 1 trang 82 sgk Sinh học 10 nâng cao:  Phân biệt đường phân và chu trình Crep với chuỗi ....",
        "url": "giai-bai-tap-sinh-10-nang-cao_bai-1-trang-82-sgk-sinh-hoc-10-nang-cao",
        "level": 0
    },
    {
        "type": "category",
        "title": "Bài 2 trang 82 sgk Sinh học 10 nâng cao:   Giải thích tại sao tế bào cơ nếu co liên .....",
        "url": "giai-bai-tap-sinh-10-nang-cao_bai-2-trang-82-sgk-sinh-hoc-10-nang-cao",
        "level": 0
    },
    {
        "type": "category",
        "title": "Bài 3 trang 82 sgk Sinh học 10 nâng cao:  Chọn phương án đúng. Trong quá trình phân ....",
        "url": "giai-bai-tap-sinh-10-nang-cao_bai-3-trang-82-sgk-sinh-hoc-10-nang-cao",
        "level": 0
    }
]