[
    {
        "type": "category",
        "title": "Trả lời câu hỏi Sinh 10 nâng cao Bài 44 trang 150:  Hãy nêu những phương thức lây truyền của HIV .... Quá trình xâm nhiễm và nhân lên của ... Từ cách lây nhiễm của AIDS, hãy rút ... ",
        "url": "giai-bai-tap-sinh-10-nang-cao_tra-loi-cau-hoi-sinh-10-nang-cao-bai-44-trang-150",
        "level": 0
    },
    {
        "type": "category",
        "title": "Bài 1 trang 151 sgk Sinh học 10 nâng cao:  Tóm tắt quá trình xâm nhập và phát  ....",
        "url": "giai-bai-tap-sinh-10-nang-cao_bai-1-trang-151-sgk-sinh-hoc-10-nang-cao",
        "level": 0
    },
    {
        "type": "category",
        "title": "Bài 2 trang 151 sgk Sinh học 10 nâng cao:  Trình bày các khái niệm: virut ôn hoà, virut độc .....",
        "url": "giai-bai-tap-sinh-10-nang-cao_bai-2-trang-151-sgk-sinh-hoc-10-nang-cao",
        "level": 0
    },
    {
        "type": "category",
        "title": "Bài 3 trang 151 sgk Sinh học 10 nâng cao:  HIV có thể lây nhiễm theo con đường ....",
        "url": "giai-bai-tap-sinh-10-nang-cao_bai-3-trang-151-sgk-sinh-hoc-10-nang-cao",
        "level": 0
    },
    {
        "type": "category",
        "title": "Bài 4 trang 151 sgk Sinh học 10 nâng cao:  Tại sao bệnh nhân AIDS ở giai đoạn đầu rất khó  ....",
        "url": "giai-bai-tap-sinh-10-nang-cao_bai-4-trang-151-sgk-sinh-hoc-10-nang-cao",
        "level": 0
    },
    {
        "type": "category",
        "title": "Bài 5 trang 151 sgk Sinh học 10 nâng cao:  Thế nào là vi sinh vật gây bệnh cơ hội? Bệnh  ....",
        "url": "giai-bai-tap-sinh-10-nang-cao_bai-5-trang-151-sgk-sinh-hoc-10-nang-cao",
        "level": 0
    },
    {
        "type": "category",
        "title": "Bài 6 trang 151 sgk Sinh học 10 nâng cao:  Hãy chọn phương án đúng: a) Người ta tìm thấy HIV ....",
        "url": "giai-bai-tap-sinh-10-nang-cao_bai-6-trang-151-sgk-sinh-hoc-10-nang-cao",
        "level": 0
    }
]