[
    {
        "type": "category",
        "title": "Trả lời câu hỏi Sinh 10 nâng cao Bài 5 trang 19 :  Hãy nêu các đặc điểm về cấu tạo và lối  .... Hãy nghiên cứu sơ đồ ở hình 5 và chỉ ra các đặc điểm khác ... ",
        "url": "giai-bai-tap-sinh-10-nang-cao_tra-loi-cau-hoi-sinh-10-nang-cao-bai-5-trang-19",
        "level": 0
    },
    {
        "type": "category",
        "title": "Bài 1 trang 20 sgk Sinh học 10 nâng cao:  Nêu các đặc điểm của giới Động  ....",
        "url": "giai-bai-tap-sinh-10-nang-cao_bai-1-trang-20-sgk-sinh-hoc-10-nang-cao",
        "level": 0
    },
    {
        "type": "category",
        "title": "Bài 2 trang 20 sgk Sinh học 10 nâng cao:  Động vật khác với thực vật ở những  .....",
        "url": "giai-bai-tap-sinh-10-nang-cao_bai-2-trang-20-sgk-sinh-hoc-10-nang-cao",
        "level": 0
    },
    {
        "type": "category",
        "title": "Bài 3 trang 20 sgk Sinh học 10 nâng cao:  Nêu các đặc điểm khác biệt giữa nhóm động  ....",
        "url": "giai-bai-tap-sinh-10-nang-cao_bai-3-trang-20-sgk-sinh-hoc-10-nang-cao",
        "level": 0
    },
    {
        "type": "category",
        "title": "Bài 4 trang 20 sgk Sinh học 10 nâng cao:  Nêu các lí do phải bảo tồn các động  ....",
        "url": "giai-bai-tap-sinh-10-nang-cao_bai-4-trang-20-sgk-sinh-hoc-10-nang-cao",
        "level": 0
    }
]