[
    {
        "type": "category",
        "title": "Bài 1 trang 136 sgk Sinh học 10 nâng cao:  Hãy kể tên các chất dinh dưỡng chính ảnh hưởng ....",
        "url": "giai-bai-tap-sinh-10-nang-cao_bai-1-trang-136-sgk-sinh-hoc-10-nang-cao",
        "level": 0
    },
    {
        "type": "category",
        "title": "Bài 2 trang 136 sgk Sinh học 10 nâng cao:  Các chất nào được gọi là yếu tố sinh  .....",
        "url": "giai-bai-tap-sinh-10-nang-cao_bai-2-trang-136-sgk-sinh-hoc-10-nang-cao",
        "level": 0
    },
    {
        "type": "category",
        "title": "Bài 3 trang 136 sgk Sinh học 10 nâng cao:  Những loại chất nào thường được sử dụng để ức  ....",
        "url": "giai-bai-tap-sinh-10-nang-cao_bai-3-trang-136-sgk-sinh-hoc-10-nang-cao",
        "level": 0
    }
]