[
    {
        "type": "category",
        "title": "Trả lời câu hỏi Sinh 10 nâng cao Bài 33 trang 113 :  Hãy lấy một số ví dụ về vi sinh vật hóa  ....",
        "url": "giai-bai-tap-sinh-10-nang-cao_tra-loi-cau-hoi-sinh-10-nang-cao-bai-33-trang-113",
        "level": 0
    },
    {
        "type": "category",
        "title": "Bài 1 trang 115 sgk Sinh học 10 nâng cao:  Phân biệt sự khác nhau giữa 3 loại môi ....",
        "url": "giai-bai-tap-sinh-10-nang-cao_bai-1-trang-115-sgk-sinh-hoc-10-nang-cao",
        "level": 0
    },
    {
        "type": "category",
        "title": "Bài 2 trang 115 sgk Sinh học 10 nâng cao:  Định nghĩa và cho ví dụ về 4 kiểu  .....",
        "url": "giai-bai-tap-sinh-10-nang-cao_bai-2-trang-115-sgk-sinh-hoc-10-nang-cao",
        "level": 0
    },
    {
        "type": "category",
        "title": "Bài 3 trang 115 sgk Sinh học 10 nâng cao:  Phân biệt 3 kiểu chuyển hoá vật chất: lên men ....",
        "url": "giai-bai-tap-sinh-10-nang-cao_bai-3-trang-115-sgk-sinh-hoc-10-nang-cao",
        "level": 0
    }
]