[
    {
        "type": "category",
        "title": "Trả lời câu hỏi Sinh 10 nâng cao Bài 9 trang 33:  Quan sát hình 9.1, hãy cho biết công thức tổng .... Tại sao chúng ta cần phải ăn nhiều  ... ",
        "url": "giai-bai-tap-sinh-10-nang-cao_tra-loi-cau-hoi-sinh-10-nang-cao-bai-9-trang-33",
        "level": 0
    },
    {
        "type": "category",
        "title": "Trả lời câu hỏi Sinh 10 nâng cao Bài 9 trang 34:  Căn cứ vào đâu ta có thể phân biệt  ....",
        "url": "giai-bai-tap-sinh-10-nang-cao_tra-loi-cau-hoi-sinh-10-nang-cao-bai-9-trang-34",
        "level": 0
    },
    {
        "type": "category",
        "title": "Bài 1 trang 35 sgk Sinh học 10 nâng cao:  Viết công thức tổng quát của axit amin. Phân biệt ....",
        "url": "giai-bai-tap-sinh-10-nang-cao_bai-1-trang-35-sgk-sinh-hoc-10-nang-cao",
        "level": 0
    },
    {
        "type": "category",
        "title": "Bài 2 trang 35 sgk Sinh học 10 nâng cao:  Phân biệt các cấu trúc bậc 1, 2, 3, 4 của các phân .....",
        "url": "giai-bai-tap-sinh-10-nang-cao_bai-2-trang-35-sgk-sinh-hoc-10-nang-cao",
        "level": 0
    },
    {
        "type": "category",
        "title": "Bài 3 trang 35 sgk Sinh học 10 nâng cao:  Chọn câu đúng. Tính đa dạng của prôtêin được ....",
        "url": "giai-bai-tap-sinh-10-nang-cao_bai-3-trang-35-sgk-sinh-hoc-10-nang-cao",
        "level": 0
    },
    {
        "type": "category",
        "title": "Bài 4 trang 35 sgk Sinh học 10 nâng cao:   Chọn câu đúng. Phân tử prôtêin có thể  ....",
        "url": "giai-bai-tap-sinh-10-nang-cao_bai-4-trang-35-sgk-sinh-hoc-10-nang-cao",
        "level": 0
    }
]