[
    {
        "type": "category",
        "title": "Trả lời câu hỏi Sinh 10 nâng cao Bài 4 trang 16 :  Nêu đặc điểm thực vật thích nghi với đời sống ....",
        "url": "giai-bai-tap-sinh-10-nang-cao_tra-loi-cau-hoi-sinh-10-nang-cao-bai-4-trang-16",
        "level": 0
    },
    {
        "type": "category",
        "title": "Bài 1 trang 18 sgk Sinh học 10 nâng cao:  Giới Thực vật có những đặc điểm  ....",
        "url": "giai-bai-tap-sinh-10-nang-cao_bai-1-trang-18-sgk-sinh-hoc-10-nang-cao",
        "level": 0
    },
    {
        "type": "category",
        "title": "Bài 2 trang 18 sgk Sinh học 10 nâng cao:  Hãy nêu các ngành của giới Thực  .....",
        "url": "giai-bai-tap-sinh-10-nang-cao_bai-2-trang-18-sgk-sinh-hoc-10-nang-cao",
        "level": 0
    },
    {
        "type": "category",
        "title": "Bài 3 trang 18 sgk Sinh học 10 nâng cao: Hãy chọn đáp án đúng. 3.1. Rêu là thực  ....",
        "url": "giai-bai-tap-sinh-10-nang-cao_bai-3-trang-18-sgk-sinh-hoc-10-nang-cao",
        "level": 0
    },
    {
        "type": "category",
        "title": "Bài 4 trang 18 sgk Sinh học 10 nâng cao:  Nêu đa dạng giới Thực vật.",
        "url": "giai-bai-tap-sinh-10-nang-cao_bai-4-trang-18-sgk-sinh-hoc-10-nang-cao",
        "level": 0
    },
    {
        "type": "category",
        "title": "Bài 5 trang 18 sgk Sinh học 10 nâng cao:  Tại sao chúng ta phải bảo vệ  ....",
        "url": "giai-bai-tap-sinh-10-nang-cao_bai-5-trang-18-sgk-sinh-hoc-10-nang-cao",
        "level": 0
    }
]