[
    {
        "type": "category",
        "title": "Trả lời câu hỏi Sinh 10 nâng cao Bài 28 trang 93 :  Quan sát hình 28.2 và có những nhận xét gì về quá .... Nêu điểm khác nhau cơ bản giữa nguyên ... ",
        "url": "giai-bai-tap-sinh-10-nang-cao_tra-loi-cau-hoi-sinh-10-nang-cao-bai-28-trang-93",
        "level": 0
    },
    {
        "type": "category",
        "title": "Bài 1 trang 94 sgk Sinh học 10 nâng cao:  Nêu khái niệm về chu kì tế bào và những diễn biến  ....",
        "url": "giai-bai-tap-sinh-10-nang-cao_bai-1-trang-94-sgk-sinh-hoc-10-nang-cao",
        "level": 0
    },
    {
        "type": "category",
        "title": "Bài 2 trang 94 sgk Sinh học 10 nâng cao:  Trình bày diễn biến của sự phân bào ở tế bào nhân .....",
        "url": "giai-bai-tap-sinh-10-nang-cao_bai-2-trang-94-sgk-sinh-hoc-10-nang-cao",
        "level": 0
    },
    {
        "type": "category",
        "title": "Bài 3 trang 94 sgk Sinh học 10 nâng cao:  Sự sinh trưởng của tế bào diễn ra chủ yếu ở  ....",
        "url": "giai-bai-tap-sinh-10-nang-cao_bai-3-trang-94-sgk-sinh-hoc-10-nang-cao",
        "level": 0
    },
    {
        "type": "category",
        "title": "Bài 4 trang 94 sgk Sinh học 10 nâng cao:  Sự nhân đôi của ADN và nhiễm sắc thể diễn  ....",
        "url": "giai-bai-tap-sinh-10-nang-cao_bai-4-trang-94-sgk-sinh-hoc-10-nang-cao",
        "level": 0
    }
]