[
    {
        "type": "category",
        "title": "Trả lời câu hỏi Sinh 10 nâng cao Bài 43 trang 143 :  Từ cách phát hiện ra virut, có nhận xét gì về ....",
        "url": "giai-bai-tap-sinh-10-nang-cao_tra-loi-cau-hoi-sinh-10-nang-cao-bai-43-trang-143",
        "level": 0
    },
    {
        "type": "category",
        "title": "Trả lời câu hỏi Sinh 10 nâng cao Bài 43 trang 145 :  Dựa vào những thông tin trên hình 43 hãy điền ....",
        "url": "giai-bai-tap-sinh-10-nang-cao_tra-loi-cau-hoi-sinh-10-nang-cao-bai-43-trang-145",
        "level": 0
    },
    {
        "type": "category",
        "title": "Bài 1 trang 146 sgk Sinh học 10 nâng cao:  Virut có được coi là một cơ thể sinh  ....",
        "url": "giai-bai-tap-sinh-10-nang-cao_bai-1-trang-146-sgk-sinh-hoc-10-nang-cao",
        "level": 0
    },
    {
        "type": "category",
        "title": "Bài 2 trang 146 sgk Sinh học 10 nâng cao:  Trình bày khái niệm và cấu trúc của virut .....",
        "url": "giai-bai-tap-sinh-10-nang-cao_bai-2-trang-146-sgk-sinh-hoc-10-nang-cao",
        "level": 0
    },
    {
        "type": "category",
        "title": "Bài 3 trang 146 sgk Sinh học 10 nâng cao:  Phân biệt các nhóm virut ở người, động vật ....",
        "url": "giai-bai-tap-sinh-10-nang-cao_bai-3-trang-146-sgk-sinh-hoc-10-nang-cao",
        "level": 0
    },
    {
        "type": "category",
        "title": "Bài 4 trang 146 sgk Sinh học 10 nâng cao:   Hãy chọn phương án đúng nhất ....",
        "url": "giai-bai-tap-sinh-10-nang-cao_bai-4-trang-146-sgk-sinh-hoc-10-nang-cao",
        "level": 0
    }
]