[
    {
        "type": "category",
        "title": "Trả lời câu hỏi Sinh 10 nâng cao Bài 45 trang 152:  Hãy kể tên những bệnh do virut gây  ....",
        "url": "giai-bai-tap-sinh-10-nang-cao_tra-loi-cau-hoi-sinh-10-nang-cao-bai-45-trang-152",
        "level": 0
    },
    {
        "type": "category",
        "title": "Trả lời câu hỏi Sinh 10 nâng cao Bài 45 trang 153:  Hãy cho biết những dịch bệnh lớn nào do .... Từ những kiến thức về virut kí sinh ở côn trùng, hãy ... ",
        "url": "giai-bai-tap-sinh-10-nang-cao_tra-loi-cau-hoi-sinh-10-nang-cao-bai-45-trang-153",
        "level": 0
    },
    {
        "type": "category",
        "title": "Bài 1 trang 154 sgk Sinh học 10 nâng cao:  Trình bày tác hại của virut gây ra đối  ....",
        "url": "giai-bai-tap-sinh-10-nang-cao_bai-1-trang-154-sgk-sinh-hoc-10-nang-cao",
        "level": 0
    },
    {
        "type": "category",
        "title": "Bài 2 trang 154 sgk Sinh học 10 nâng cao:   Trình bày tác hại của virut gây ra đối .....",
        "url": "giai-bai-tap-sinh-10-nang-cao_bai-2-trang-154-sgk-sinh-hoc-10-nang-cao",
        "level": 0
    },
    {
        "type": "category",
        "title": "Bài 3 trang 154 sgk Sinh học 10 nâng cao:  Trình bày những ứng dụng của virut  ....",
        "url": "giai-bai-tap-sinh-10-nang-cao_bai-3-trang-154-sgk-sinh-hoc-10-nang-cao",
        "level": 0
    },
    {
        "type": "category",
        "title": "Bài 4 trang 154 sgk Sinh học 10 nâng cao:  Tại sao nhờ kĩ thuật di truyền mà người ta đã ....",
        "url": "giai-bai-tap-sinh-10-nang-cao_bai-4-trang-154-sgk-sinh-hoc-10-nang-cao",
        "level": 0
    },
    {
        "type": "category",
        "title": "Bài 5 trang 154 sgk Sinh học 10 nâng cao:  Hãy chọn phương án đúng. Virut  ....",
        "url": "giai-bai-tap-sinh-10-nang-cao_bai-5-trang-154-sgk-sinh-hoc-10-nang-cao",
        "level": 0
    }
]