[
    {
        "type": "category",
        "title": "Trả lời câu hỏi Sinh 10 nâng cao Bài 41 trang 137:  Dựa vào phạm vi nhiệt độ sinh trưởng ở hình dưới ....",
        "url": "giai-bai-tap-sinh-10-nang-cao_tra-loi-cau-hoi-sinh-10-nang-cao-bai-41-trang-137",
        "level": 0
    },
    {
        "type": "category",
        "title": "Trả lời câu hỏi Sinh 10 nâng cao Bài 41 trang 138:  Hãy nêu một số vi khuẩn ưa axit thường gặp .... -\tTrong tự nhiên, nhiều vi khuẩn ưa trung tính tạo ra các  ... ",
        "url": "giai-bai-tap-sinh-10-nang-cao_tra-loi-cau-hoi-sinh-10-nang-cao-bai-41-trang-138",
        "level": 0
    },
    {
        "type": "category",
        "title": "Trả lời câu hỏi Sinh 10 nâng cao Bài 41 trang 139:  Khi sinh trưởng trong môi trường nghèo dinh dưỡng (nhược ....",
        "url": "giai-bai-tap-sinh-10-nang-cao_tra-loi-cau-hoi-sinh-10-nang-cao-bai-41-trang-139",
        "level": 0
    },
    {
        "type": "category",
        "title": "Bài 1 trang 140 sgk Sinh học 10 nâng cao:  Hãy cho biết nơi sống của các vi khuẩn ưa ....",
        "url": "giai-bai-tap-sinh-10-nang-cao_bai-1-trang-140-sgk-sinh-hoc-10-nang-cao",
        "level": 0
    },
    {
        "type": "category",
        "title": "Bài 2 trang 140 sgk Sinh học 10 nâng cao:  Tác nhân gây hư hại các loại quả thường là nấm mốc .....",
        "url": "giai-bai-tap-sinh-10-nang-cao_bai-2-trang-140-sgk-sinh-hoc-10-nang-cao",
        "level": 0
    },
    {
        "type": "category",
        "title": "Bài 3 trang 140 sgk Sinh học 10 nâng cao:  Khi mua một miếng thịt lợn hoặc một con cá nhưng chưa  ....",
        "url": "giai-bai-tap-sinh-10-nang-cao_bai-3-trang-140-sgk-sinh-hoc-10-nang-cao",
        "level": 0
    },
    {
        "type": "category",
        "title": "Bài 4 trang 140 sgk Sinh học 10 nâng cao:  Gặp hôm trời nắng to, ai cũng muốn mang phơi một số ....",
        "url": "giai-bai-tap-sinh-10-nang-cao_bai-4-trang-140-sgk-sinh-hoc-10-nang-cao",
        "level": 0
    }
]