[
    {
        "type": "category",
        "title": "Trả lời câu hỏi Sinh 10 nâng cao Bài 1 trang 8 : Nếu tế bào cơ tim, mô cơ tim, quả tim, cũng như hệ tuần  ....",
        "url": "giai-bai-tap-sinh-10-nang-cao_tra-loi-cau-hoi-sinh-10-nang-cao-bai-1-trang-8",
        "level": 0
    },
    {
        "type": "category",
        "title": "Bài 1 trang 9 sgk Sinh học 10 nâng cao: Hãy nêu các cấp tổ chức chính của hệ sống  ....",
        "url": "giai-bai-tap-sinh-10-nang-cao_bai-1-trang-9-sgk-sinh-hoc-10-nang-cao",
        "level": 0
    },
    {
        "type": "category",
        "title": "Bài 2 trang 9 sgk Sinh học 10 nâng cao: Tại sao xem tế bào là cấp tổ chức cơ bản  .....",
        "url": "giai-bai-tap-sinh-10-nang-cao_bai-2-trang-9-sgk-sinh-hoc-10-nang-cao",
        "level": 0
    },
    {
        "type": "category",
        "title": "Bài 3 trang 9 sgk Sinh học 10 nâng cao: Hãy chọn đáp án đúng nhất. Cơ thể người  ....",
        "url": "giai-bai-tap-sinh-10-nang-cao_bai-3-trang-9-sgk-sinh-hoc-10-nang-cao",
        "level": 0
    },
    {
        "type": "category",
        "title": "Bài 4 trang 9 sgk Sinh học 10 nâng cao:  Cho biết: con la (là con của lừa lai với ngựa) thường ....",
        "url": "giai-bai-tap-sinh-10-nang-cao_bai-4-trang-9-sgk-sinh-hoc-10-nang-cao",
        "level": 0
    },
    {
        "type": "category",
        "title": "Bài 5 trang 9 sgk Sinh học 10 nâng cao: Hãy điền vào ô trống cấp tổ chức thích hợp: Nhiều cá thể cùng  ....",
        "url": "giai-bai-tap-sinh-10-nang-cao_bai-5-trang-9-sgk-sinh-hoc-10-nang-cao",
        "level": 0
    },
    {
        "type": "category",
        "title": "Bài 6 trang 9 sgk Sinh học 10 nâng cao: Cấp tổ chức cao nhất và lớn nhất của sự sống là   ....",
        "url": "giai-bai-tap-sinh-10-nang-cao_bai-6-trang-9-sgk-sinh-hoc-10-nang-cao",
        "level": 0
    }
]