[
    {
        "type": "category",
        "title": "Trả lời câu hỏi Sinh 10 nâng cao Bài 38 trang 128:  Trong môi trường tự nhiên (đất, nước), pha log ....",
        "url": "giai-bai-tap-sinh-10-nang-cao_tra-loi-cau-hoi-sinh-10-nang-cao-bai-38-trang-128",
        "level": 0
    },
    {
        "type": "category",
        "title": "Bài 1 trang 129 sgk Sinh học 10 nâng cao:  Định nghĩa : “Sinh trưởng của vi sinh vật” ....",
        "url": "giai-bai-tap-sinh-10-nang-cao_bai-1-trang-129-sgk-sinh-hoc-10-nang-cao",
        "level": 0
    },
    {
        "type": "category",
        "title": "Bài 2 trang 129 sgk Sinh học 10 nâng cao:  Hãy nêu đặc điểm 4 pha sinh trưởng của quần thể .....",
        "url": "giai-bai-tap-sinh-10-nang-cao_bai-2-trang-129-sgk-sinh-hoc-10-nang-cao",
        "level": 0
    },
    {
        "type": "category",
        "title": "Bài 3 trang 129 sgk Sinh học 10 nâng cao:  Tại sao nói “Dạ dày – ruột ở người là một  ....",
        "url": "giai-bai-tap-sinh-10-nang-cao_bai-3-trang-129-sgk-sinh-hoc-10-nang-cao",
        "level": 0
    },
    {
        "type": "category",
        "title": "Bài 4 trang 129 sgk Sinh học 10 nâng cao:  Nếu nuôi vi sinh vật không liên tục thì dựa vào đường ....",
        "url": "giai-bai-tap-sinh-10-nang-cao_bai-4-trang-129-sgk-sinh-hoc-10-nang-cao",
        "level": 0
    }
]