[
    {
        "type": "category",
        "title": "Trả lời câu hỏi Sinh 10 nâng cao Bài 48 trang 160 :   Hãy điền nội dung phù hợp vào những ô trống theo bảng .... Dùng dấu (+) với nghĩa \"có\", còn dấu (-) với nghĩa  ... Hãy điền nội dung phù hợp vào những ô trống ",
        "url": "giai-bai-tap-sinh-10-nang-cao_tra-loi-cau-hoi-sinh-10-nang-cao-bai-48-trang-160",
        "level": 0
    },
    {
        "type": "category",
        "title": "Trả lời câu hỏi Sinh 10 nâng cao Bài 48 trang 161 :   Hãy điền nội dung phù hợp vào những ô trống .... Hãy điền nội dung phù hợp vào những ô trống theo ... Hãy điền nội dung phù hợp vào những ô trống theo bảng mẫu sau  ... Hãy điền vào những ô trống theo bảng mẫu đề cập  ... ",
        "url": "giai-bai-tap-sinh-10-nang-cao_tra-loi-cau-hoi-sinh-10-nang-cao-bai-48-trang-161",
        "level": 0
    },
    {
        "type": "category",
        "title": "Bài 1 trang 162 sgk Sinh học 10 nâng cao:  Vi sinh vật quang tự dưỡng cần nguồn năng ....",
        "url": "giai-bai-tap-sinh-10-nang-cao_bai-1-trang-162-sgk-sinh-hoc-10-nang-cao",
        "level": 0
    },
    {
        "type": "category",
        "title": "Bài 2 trang 162 sgk Sinh học 10 nâng cao:  Vi sinh vật quang dị dưỡng cần nguồn năng  .....",
        "url": "giai-bai-tap-sinh-10-nang-cao_bai-2-trang-162-sgk-sinh-hoc-10-nang-cao",
        "level": 0
    },
    {
        "type": "category",
        "title": "Bài 3 trang 162 sgk Sinh học 10 nâng cao:  Vi sinh vật hoá tự dưỡng cần nguồn  ....",
        "url": "giai-bai-tap-sinh-10-nang-cao_bai-3-trang-162-sgk-sinh-hoc-10-nang-cao",
        "level": 0
    },
    {
        "type": "category",
        "title": "Bài 4 trang 162 sgk Sinh học 10 nâng cao:  Vi sinh vật hoá dị dưỡng cần nguồn  ....",
        "url": "giai-bai-tap-sinh-10-nang-cao_bai-4-trang-162-sgk-sinh-hoc-10-nang-cao",
        "level": 0
    },
    {
        "type": "category",
        "title": "Bài 5 trang 162 sgk Sinh học 10 nâng cao:  Trong nuôi cấy không liên tục, vi khuẩn bắt đầu  ....",
        "url": "giai-bai-tap-sinh-10-nang-cao_bai-5-trang-162-sgk-sinh-hoc-10-nang-cao",
        "level": 0
    },
    {
        "type": "category",
        "title": "Bài 6 trang 163 sgk Sinh học 10 nâng cao:  Trong nuôi cấy không liên tục vi khuẩn trao đổi ....",
        "url": "giai-bai-tap-sinh-10-nang-cao_bai-6-trang-163-sgk-sinh-hoc-10-nang-cao",
        "level": 0
    },
    {
        "type": "category",
        "title": "Bài 7 trang 163 sgk Sinh học 10 nâng cao:  Trong nuôi cấy không liên tục tốc độ sinh trưởng ....",
        "url": "giai-bai-tap-sinh-10-nang-cao_bai-7-trang-163-sgk-sinh-hoc-10-nang-cao",
        "level": 0
    },
    {
        "type": "category",
        "title": "Bài 8 trang 163 sgk Sinh học 10 nâng cao:  Trong nuôi cấy không liên tục số lượng tế bào vi khuẩn ....",
        "url": "giai-bai-tap-sinh-10-nang-cao_bai-8-trang-163-sgk-sinh-hoc-10-nang-cao",
        "level": 0
    },
    {
        "type": "category",
        "title": "Bài 9 trang 163 sgk Sinh học 10 nâng cao:  Phagơ bám lên bề mặt tế bào chủ nhờ thụ thể thích  ....",
        "url": "giai-bai-tap-sinh-10-nang-cao_bai-9-trang-163-sgk-sinh-hoc-10-nang-cao",
        "level": 0
    },
    {
        "type": "category",
        "title": "Bài 10 trang 163 sgk Sinh học 10 nâng cao:  Sự hình thành ADN và prôtêin của phagơ  ....",
        "url": "giai-bai-tap-sinh-10-nang-cao_bai-10-trang-163-sgk-sinh-hoc-10-nang-cao",
        "level": 0
    },
    {
        "type": "category",
        "title": "Bài 11 trang 164 sgk Sinh học 10 nâng cao:  Bao đuôi của phagơ co lại đẩy bộ gen vào tế bào  ....",
        "url": "giai-bai-tap-sinh-10-nang-cao_bai-11-trang-164-sgk-sinh-hoc-10-nang-cao",
        "level": 0
    },
    {
        "type": "category",
        "title": "Bài 12 trang 164 sgk Sinh học 10 nâng cao:  ADN được prôtêin bao lại thành phagơ hoàn ....",
        "url": "giai-bai-tap-sinh-10-nang-cao_bai-12-trang-164-sgk-sinh-hoc-10-nang-cao",
        "level": 0
    }
]