[
    {
        "type": "category",
        "title": "Bài 1 trang 133 sgk Sinh học 10 nâng cao:  Vi khuẩn có thể sinh sản bằng các  ....",
        "url": "giai-bai-tap-sinh-10-nang-cao_bai-1-trang-133-sgk-sinh-hoc-10-nang-cao",
        "level": 0
    },
    {
        "type": "category",
        "title": "Bài 2 trang 133 sgk Sinh học 10 nâng cao:  Quá trình nảy chồi ở nấm men diễn  .....",
        "url": "giai-bai-tap-sinh-10-nang-cao_bai-2-trang-133-sgk-sinh-hoc-10-nang-cao",
        "level": 0
    },
    {
        "type": "category",
        "title": "Bài 3 trang 133 sgk Sinh học 10 nâng cao:  Hãy mô tả sự tạo thành bào tử hữu  ....",
        "url": "giai-bai-tap-sinh-10-nang-cao_bai-3-trang-133-sgk-sinh-hoc-10-nang-cao",
        "level": 0
    },
    {
        "type": "category",
        "title": "Bài 4 trang 133 sgk Sinh học 10 nâng cao:  Nấm sợi có thể sinh sản bằng các  ....",
        "url": "giai-bai-tap-sinh-10-nang-cao_bai-4-trang-133-sgk-sinh-hoc-10-nang-cao",
        "level": 0
    }
]