[
    {
        "type": "category",
        "title": "Trả lời câu hỏi Sinh 10 nâng cao Bài 14 trang 49 :  Quan sát hình 14.1, hãy liệt kê các cấu trúc cơ bản ....",
        "url": "giai-bai-tap-sinh-10-nang-cao_tra-loi-cau-hoi-sinh-10-nang-cao-bai-14-trang-49",
        "level": 0
    },
    {
        "type": "category",
        "title": "Trả lời câu hỏi Sinh 10 nâng cao Bài 14 trang 50 :  Quan sát hình 14.2, hãy cho biết màng nhân ....",
        "url": "giai-bai-tap-sinh-10-nang-cao_tra-loi-cau-hoi-sinh-10-nang-cao-bai-14-trang-50",
        "level": 0
    },
    {
        "type": "category",
        "title": "Bài 1 trang 53 sgk Sinh học 10 nâng cao:  Mô tả cấu trúc của nhân tế bào ....",
        "url": "giai-bai-tap-sinh-10-nang-cao_bai-1-trang-53-sgk-sinh-hoc-10-nang-cao",
        "level": 0
    },
    {
        "type": "category",
        "title": "Bài 2 trang 53 sgk Sinh học 10 nâng cao:  Mô tả cấu trúc và chức năng của  .....",
        "url": "giai-bai-tap-sinh-10-nang-cao_bai-2-trang-53-sgk-sinh-hoc-10-nang-cao",
        "level": 0
    },
    {
        "type": "category",
        "title": "Bài 3 trang 53 sgk Sinh học 10 nâng cao:  Chức năng của khung xương tế bào là  ....",
        "url": "giai-bai-tap-sinh-10-nang-cao_bai-3-trang-53-sgk-sinh-hoc-10-nang-cao",
        "level": 0
    },
    {
        "type": "category",
        "title": "Bài 4 trang 53 sgk Sinh học 10 nâng cao:  Chọn phương án đúng. Số lượng lớn các ribôxôm ....",
        "url": "giai-bai-tap-sinh-10-nang-cao_bai-4-trang-53-sgk-sinh-hoc-10-nang-cao",
        "level": 0
    },
    {
        "type": "category",
        "title": "Bài 5 trang 53 sgk Sinh học 10 nâng cao:  Chọn phương án đúng. Điều nào dưới  ....",
        "url": "giai-bai-tap-sinh-10-nang-cao_bai-5-trang-53-sgk-sinh-hoc-10-nang-cao",
        "level": 0
    }
]