[
    {
        "type": "category",
        "title": "Trả lời câu hỏi Sinh 10 nâng cao Bài 18 trang 64 :  Hãy mô tả thí nghiệm. Từ kết quả thí nghiệm hãy nêu nhận xét  ....",
        "url": "giai-bai-tap-sinh-10-nang-cao_tra-loi-cau-hoi-sinh-10-nang-cao-bai-18-trang-64",
        "level": 0
    },
    {
        "type": "category",
        "title": "Bài 1 trang 66 sgk Sinh học 10 nâng cao:  Thế nào là vận chuyển thụ động, vận chuyển chủ động ....",
        "url": "giai-bai-tap-sinh-10-nang-cao_bai-1-trang-66-sgk-sinh-hoc-10-nang-cao",
        "level": 0
    },
    {
        "type": "category",
        "title": "Bài 2 trang 66 sgk Sinh học 10 nâng cao:  Hình vẽ dưới đây cho thấy sự vận chuyển các .....",
        "url": "giai-bai-tap-sinh-10-nang-cao_bai-2-trang-66-sgk-sinh-hoc-10-nang-cao",
        "level": 0
    },
    {
        "type": "category",
        "title": "Bài 3 trang 67 sgk Sinh học 10 nâng cao:  Điều kiện để xảy ra cơ chế vận chuyển thụ động ....",
        "url": "giai-bai-tap-sinh-10-nang-cao_bai-3-trang-67-sgk-sinh-hoc-10-nang-cao",
        "level": 0
    },
    {
        "type": "category",
        "title": "Bài 4 trang 67 sgk Sinh học 10 nâng cao:  Cho 3 tế bào cùng loại vào: nước cất (A), dung dịch  ....",
        "url": "giai-bai-tap-sinh-10-nang-cao_bai-4-trang-67-sgk-sinh-hoc-10-nang-cao",
        "level": 0
    },
    {
        "type": "category",
        "title": "Bài 5 trang 67 sgk Sinh học 10 nâng cao:  Nồng độ các chất tan trong một tế bào hồng cầu ....",
        "url": "giai-bai-tap-sinh-10-nang-cao_bai-5-trang-67-sgk-sinh-hoc-10-nang-cao",
        "level": 0
    }
]