[
    {
        "type": "category",
        "title": "Trả lời câu hỏi Sinh 10 nâng cao Bài 17 trang 60 :  Dựa vào hình 17.1, hãy cho biết màng sinh chất ....",
        "url": "giai-bai-tap-sinh-10-nang-cao_tra-loi-cau-hoi-sinh-10-nang-cao-bai-17-trang-60",
        "level": 0
    },
    {
        "type": "category",
        "title": "Trả lời câu hỏi Sinh 10 nâng cao Bài 17 trang 61 :  Thành tế bào thực vật và thành tế bào vi  ....",
        "url": "giai-bai-tap-sinh-10-nang-cao_tra-loi-cau-hoi-sinh-10-nang-cao-bai-17-trang-61",
        "level": 0
    },
    {
        "type": "category",
        "title": "Bài 1 trang 62 sgk Sinh học 10 nâng cao:  Vẽ sơ đồ cấu trúc màng sinh chất và cho biết chức năng ....",
        "url": "giai-bai-tap-sinh-10-nang-cao_bai-1-trang-62-sgk-sinh-hoc-10-nang-cao",
        "level": 0
    },
    {
        "type": "category",
        "title": "Bài 2 trang 62 sgk Sinh học 10 nâng cao:  Hãy cho biết trong tế bào nhân thực những bộ  .....",
        "url": "giai-bai-tap-sinh-10-nang-cao_bai-2-trang-62-sgk-sinh-hoc-10-nang-cao",
        "level": 0
    },
    {
        "type": "category",
        "title": "Bài 3 trang 62 sgk Sinh học 10 nâng cao:  Chọn phương án đúng. Màng sinh  ....",
        "url": "giai-bai-tap-sinh-10-nang-cao_bai-3-trang-62-sgk-sinh-hoc-10-nang-cao",
        "level": 0
    },
    {
        "type": "category",
        "title": "Bài 4 trang 62 sgk Sinh học 10 nâng cao:   Chọn phương án đúng. Các lỗ nhỏ trên màng  ....",
        "url": "giai-bai-tap-sinh-10-nang-cao_bai-4-trang-62-sgk-sinh-hoc-10-nang-cao",
        "level": 0
    }
]