[
    {
        "type": "category",
        "title": "Trả lời câu hỏi Sinh 10 nâng cao Bài 10 trang 36 :  Quan sát hình 10.1 em thấy ADN có mấy loại nuclêôtit, là những  ....",
        "url": "giai-bai-tap-sinh-10-nang-cao_tra-loi-cau-hoi-sinh-10-nang-cao-bai-10-trang-36",
        "level": 0
    },
    {
        "type": "category",
        "title": "Trả lời câu hỏi Sinh 10 nâng cao Bài 10 trang 37 :  Quan sát hình 10.2, cho biết hai mạch pôlinuclêôtit liên kết  ....",
        "url": "giai-bai-tap-sinh-10-nang-cao_tra-loi-cau-hoi-sinh-10-nang-cao-bai-10-trang-37",
        "level": 0
    },
    {
        "type": "category",
        "title": "Bài 1 trang 38 sgk Sinh học 10 nâng cao:  Mô tả thành phần cấu tạo của một nuclêôtit và liên ....",
        "url": "giai-bai-tap-sinh-10-nang-cao_bai-1-trang-38-sgk-sinh-hoc-10-nang-cao",
        "level": 0
    },
    {
        "type": "category",
        "title": "Bài 2 trang 38 sgk Sinh học 10 nâng cao:  Trình bày cấu trúc của phân tử ADN  .....",
        "url": "giai-bai-tap-sinh-10-nang-cao_bai-2-trang-38-sgk-sinh-hoc-10-nang-cao",
        "level": 0
    },
    {
        "type": "category",
        "title": "Bài 3 trang 38 sgk Sinh học 10 nâng cao:  Phân biệt các loại liên kết trong phân  ....",
        "url": "giai-bai-tap-sinh-10-nang-cao_bai-3-trang-38-sgk-sinh-hoc-10-nang-cao",
        "level": 0
    },
    {
        "type": "category",
        "title": "Bài 4 trang 38 sgk Sinh học 10 nâng cao:  Chọn câu trả lời đúng. Đơn phân của  ....",
        "url": "giai-bai-tap-sinh-10-nang-cao_bai-4-trang-38-sgk-sinh-hoc-10-nang-cao",
        "level": 0
    },
    {
        "type": "category",
        "title": "Bài 5 trang 38 sgk Sinh học 10 nâng cao:  Điền vào chỗ trống trong những câu  ....",
        "url": "giai-bai-tap-sinh-10-nang-cao_bai-5-trang-38-sgk-sinh-hoc-10-nang-cao",
        "level": 0
    }
]