[
    {
        "type": "category",
        "title": "Trả lời câu hỏi Sinh 10 nâng cao Bài 30 trang 102 :  Quan sát hình 30.1 và 30.2, hãy trả lời các câu hỏi ....",
        "url": "giai-bai-tap-sinh-10-nang-cao_tra-loi-cau-hoi-sinh-10-nang-cao-bai-30-trang-102",
        "level": 0
    },
    {
        "type": "category",
        "title": "Bài 1 trang 103 sgk Sinh học 10 nâng cao:  Lập bảng so sánh giữa giảm phân và  ....",
        "url": "giai-bai-tap-sinh-10-nang-cao_bai-1-trang-103-sgk-sinh-hoc-10-nang-cao",
        "level": 0
    },
    {
        "type": "category",
        "title": "Bài 2 trang 103 sgk Sinh học 10 nâng cao:  Tại sao quá trình giảm phân lại tạo ra  .....",
        "url": "giai-bai-tap-sinh-10-nang-cao_bai-2-trang-103-sgk-sinh-hoc-10-nang-cao",
        "level": 0
    },
    {
        "type": "category",
        "title": "Bài 3 trang 103 sgk Sinh học 10 nâng cao:   Nêu ý nghĩa của giảm phân....",
        "url": "giai-bai-tap-sinh-10-nang-cao_bai-3-trang-103-sgk-sinh-hoc-10-nang-cao",
        "level": 0
    },
    {
        "type": "category",
        "title": "Bài 4 trang 104 sgk Sinh học 10 nâng cao:   Ở người 2n = 46, một tế bào sinh tinh (tinh bào 1) diễn....",
        "url": "giai-bai-tap-sinh-10-nang-cao_bai-4-trang-104-sgk-sinh-hoc-10-nang-cao",
        "level": 0
    },
    {
        "type": "category",
        "title": "Bài 5 trang 104 sgk Sinh học 10 nâng cao:  Sự tiếp hợp và trao đổi chéo diễn ra ở kì nào ....",
        "url": "giai-bai-tap-sinh-10-nang-cao_bai-5-trang-104-sgk-sinh-hoc-10-nang-cao",
        "level": 0
    }
]