[
    {
        "type": "category",
        "title": "Bài 1 trang 122 sgk Sinh học 10 nâng cao:  Hãy nêu đặc điểm của các quá trình ....",
        "url": "giai-bai-tap-sinh-10-nang-cao_bai-1-trang-122-sgk-sinh-hoc-10-nang-cao",
        "level": 0
    },
    {
        "type": "category",
        "title": "Bài 2 trang 122 sgk Sinh học 10 nâng cao:  Tại sao vi sinh vật phải tiết các enzim .....",
        "url": "giai-bai-tap-sinh-10-nang-cao_bai-2-trang-122-sgk-sinh-hoc-10-nang-cao",
        "level": 0
    },
    {
        "type": "category",
        "title": "Bài 3 trang 122 sgk Sinh học 10 nâng cao:  Hãy nêu 1 – 2 ví dụ về ích lợi và tác hại của các  ....",
        "url": "giai-bai-tap-sinh-10-nang-cao_bai-3-trang-122-sgk-sinh-hoc-10-nang-cao",
        "level": 0
    }
]