[
    {
        "type": "category",
        "title": "Trả lời câu hỏi Sinh 10 nâng cao Bài 29 trang 96:  Quan sát hình 29.1 và dựa vào những thông tin nêu  ....",
        "url": "giai-bai-tap-sinh-10-nang-cao_tra-loi-cau-hoi-sinh-10-nang-cao-bai-29-trang-96",
        "level": 0
    },
    {
        "type": "category",
        "title": "Trả lời câu hỏi Sinh 10 nâng cao Bài 29 trang 97:  Quan sát hình 29.1 và hình 29.2, hãy trả lời các ....",
        "url": "giai-bai-tap-sinh-10-nang-cao_tra-loi-cau-hoi-sinh-10-nang-cao-bai-29-trang-97",
        "level": 0
    },
    {
        "type": "category",
        "title": "Bài 1 trang 99 sgk Sinh học 10 nâng cao:  Trình bày những diễn biến cơ bản trong quá trình phân ....",
        "url": "giai-bai-tap-sinh-10-nang-cao_bai-1-trang-99-sgk-sinh-hoc-10-nang-cao",
        "level": 0
    },
    {
        "type": "category",
        "title": "Bài 2 trang 99 sgk Sinh học 10 nâng cao:  Nêu sự khác nhau trong phân chia tế bào chất .....",
        "url": "giai-bai-tap-sinh-10-nang-cao_bai-2-trang-99-sgk-sinh-hoc-10-nang-cao",
        "level": 0
    },
    {
        "type": "category",
        "title": "Bài 3 trang 99 sgk Sinh học 10 nâng cao:  Tại sao nói nguyên phân là phương thức phân bào ....",
        "url": "giai-bai-tap-sinh-10-nang-cao_bai-3-trang-99-sgk-sinh-hoc-10-nang-cao",
        "level": 0
    },
    {
        "type": "category",
        "title": "Bài 4 trang 99 sgk Sinh học 10 nâng cao:  Quá trình nguyên phân diễn ra liên tiếp qua một số ....",
        "url": "giai-bai-tap-sinh-10-nang-cao_bai-4-trang-99-sgk-sinh-hoc-10-nang-cao",
        "level": 0
    }
]