[
    {
        "type": "category",
        "title": "Trả lời câu hỏi Sinh 10 nâng cao Bài 22 trang 74 :  Dựa vào kiến thức đã học trong chương trình Sinh .... Quan sát hình 22.1, hãy giải thích cơ chế tác ... ",
        "url": "giai-bai-tap-sinh-10-nang-cao_tra-loi-cau-hoi-sinh-10-nang-cao-bai-22-trang-74",
        "level": 0
    },
    {
        "type": "category",
        "title": "Bài 1 trang 77 sgk Sinh học 10 nâng cao:  Enzim là gì? Nêu vai trò của enzim  ....",
        "url": "giai-bai-tap-sinh-10-nang-cao_bai-1-trang-77-sgk-sinh-hoc-10-nang-cao",
        "level": 0
    },
    {
        "type": "category",
        "title": "Bài 2 trang 77 sgk Sinh học 10 nâng cao:  Trình bày cơ chế tác dụng của enzim.  .....",
        "url": "giai-bai-tap-sinh-10-nang-cao_bai-2-trang-77-sgk-sinh-hoc-10-nang-cao",
        "level": 0
    },
    {
        "type": "category",
        "title": "Bài 3 trang 77 sgk Sinh học 10 nâng cao:  Cho ví dụ và giải thích ảnh hưởng của  ....",
        "url": "giai-bai-tap-sinh-10-nang-cao_bai-3-trang-77-sgk-sinh-hoc-10-nang-cao",
        "level": 0
    }
]