[
    {
        "type": "category",
        "title": "Trả lời câu hỏi Sinh 10 nâng cao Bài 21 trang 71:  Hãy kể tên một vài dạng năng lượng  .... Quan sát hình 21.1 để tìm hiểu sự khác nhau giữa ... ",
        "url": "giai-bai-tap-sinh-10-nang-cao_tra-loi-cau-hoi-sinh-10-nang-cao-bai-21-trang-71",
        "level": 0
    },
    {
        "type": "category",
        "title": "Trả lời câu hỏi Sinh 10 nâng cao Bài 21 trang 72:  Quan sát hình 21.2, hãy mô tả cấu trúc  .... Dựa vào sơ đồ sau, em hãy nêu vai trò  ... ",
        "url": "giai-bai-tap-sinh-10-nang-cao_tra-loi-cau-hoi-sinh-10-nang-cao-bai-21-trang-72",
        "level": 0
    },
    {
        "type": "category",
        "title": "Bài 1 trang 73 sgk Sinh học 10 nâng cao:  Năng lượng là gì ? Trong tế bào sống  ....",
        "url": "giai-bai-tap-sinh-10-nang-cao_bai-1-trang-73-sgk-sinh-hoc-10-nang-cao",
        "level": 0
    },
    {
        "type": "category",
        "title": "Bài 2 trang 73 sgk Sinh học 10 nâng cao:  Tại sao nói ATP là đồng tiền năng  .....",
        "url": "giai-bai-tap-sinh-10-nang-cao_bai-2-trang-73-sgk-sinh-hoc-10-nang-cao",
        "level": 0
    },
    {
        "type": "category",
        "title": "Bài 3 trang 73 sgk Sinh học 10 nâng cao:  Chọn phương án đúng. ATP là một phân tử quan trọng ....",
        "url": "giai-bai-tap-sinh-10-nang-cao_bai-3-trang-73-sgk-sinh-hoc-10-nang-cao",
        "level": 0
    }
]