[
    {
        "type": "category",
        "title": "Trả lời câu hỏi Sinh 10 nâng cao Bài 7 trang 26 :  Dựa và hình 7.2, hãy giải thích tại sao  ....",
        "url": "giai-bai-tap-sinh-10-nang-cao_tra-loi-cau-hoi-sinh-10-nang-cao-bai-7-trang-26",
        "level": 0
    },
    {
        "type": "category",
        "title": "Bài 1 trang 27 sgk Sinh học 10 nâng cao:  Hoàn thành bảng sau bằng cách điền các nguyên tố  ....",
        "url": "giai-bai-tap-sinh-10-nang-cao_bai-1-trang-27-sgk-sinh-hoc-10-nang-cao",
        "level": 0
    },
    {
        "type": "category",
        "title": "Bài 2 trang 27 sgk Sinh học 10 nâng cao:    Trình bày cấu trúc hoá học, đặc tính hóa – lí  .....",
        "url": "giai-bai-tap-sinh-10-nang-cao_bai-2-trang-27-sgk-sinh-hoc-10-nang-cao",
        "level": 0
    },
    {
        "type": "category",
        "title": "Bài 3 trang 27 sgk Sinh học 10 nâng cao:  Điền vào chỗ trống trong các câu  ....",
        "url": "giai-bai-tap-sinh-10-nang-cao_bai-3-trang-27-sgk-sinh-hoc-10-nang-cao",
        "level": 0
    }
]