[
    {
        "type": "category",
        "title": "Trả lời câu hỏi Sinh 10 nâng cao Bài 15 trang 54 :  Quan sát hình 15.1, hãy mô tả cấu trúc  .... So sánh diện tích bề mặt giữa màng ngoài ... ",
        "url": "giai-bai-tap-sinh-10-nang-cao_tra-loi-cau-hoi-sinh-10-nang-cao-bai-15-trang-54",
        "level": 0
    },
    {
        "type": "category",
        "title": "Trả lời câu hỏi Sinh 10 nâng cao Bài 15 trang 55 :  -\tHãy quan sát một cây xanh và cho biết màu sắc  ....",
        "url": "giai-bai-tap-sinh-10-nang-cao_tra-loi-cau-hoi-sinh-10-nang-cao-bai-15-trang-55",
        "level": 0
    },
    {
        "type": "category",
        "title": "Trả lời câu hỏi Sinh 10 nâng cao Bài 15 trang 56 :  Nêu những điểm giống và khác nhau giữa ti thể ....",
        "url": "giai-bai-tap-sinh-10-nang-cao_tra-loi-cau-hoi-sinh-10-nang-cao-bai-15-trang-56",
        "level": 0
    },
    {
        "type": "category",
        "title": "Bài 1 trang 56 sgk Sinh học 10 nâng cao:  Vẽ và mô tả cấu trúc của ti thể. ....",
        "url": "giai-bai-tap-sinh-10-nang-cao_bai-1-trang-56-sgk-sinh-hoc-10-nang-cao",
        "level": 0
    },
    {
        "type": "category",
        "title": "Bài 2 trang 56 sgk Sinh học 10 nâng cao:  Tại sao nói ti thể được xem như là nhà  .....",
        "url": "giai-bai-tap-sinh-10-nang-cao_bai-2-trang-56-sgk-sinh-hoc-10-nang-cao",
        "level": 0
    },
    {
        "type": "category",
        "title": "Bài 3 trang 56 sgk Sinh học 10 nâng cao:  Trình bày cấu trúc của lục lạp phù hợp  ....",
        "url": "giai-bai-tap-sinh-10-nang-cao_bai-3-trang-56-sgk-sinh-hoc-10-nang-cao",
        "level": 0
    },
    {
        "type": "category",
        "title": "Bài 4 trang 56 sgk Sinh học 10 nâng cao:  Chọn phương án đúng. Một nhà sinh học đã nghiền ....",
        "url": "giai-bai-tap-sinh-10-nang-cao_bai-4-trang-56-sgk-sinh-hoc-10-nang-cao",
        "level": 0
    },
    {
        "type": "category",
        "title": "Bài 5 trang 56 sgk Sinh học 10 nâng cao:  Chọn phương án đúng. Số lượng ti thể  ....",
        "url": "giai-bai-tap-sinh-10-nang-cao_bai-5-trang-56-sgk-sinh-hoc-10-nang-cao",
        "level": 0
    }
]