[
    {
        "type": "category",
        "title": "Trả lời câu hỏi Sinh 10 nâng cao Bài 23 trang 79 :   Quan sát hình 23.2, hãy cho biết đường phân có những .... Quan sát hình 23.3, hãy cho biết chu trình Crep ... ",
        "url": "giai-bai-tap-sinh-10-nang-cao_tra-loi-cau-hoi-sinh-10-nang-cao-bai-23-trang-79",
        "level": 0
    },
    {
        "type": "category",
        "title": "Bài 1 trang 80 sgk Sinh học 10 nâng cao:  Hô hấp tế bào là gì? Có thể chia làm mấy giai đoạn ....",
        "url": "giai-bai-tap-sinh-10-nang-cao_bai-1-trang-80-sgk-sinh-hoc-10-nang-cao",
        "level": 0
    },
    {
        "type": "category",
        "title": "Bài 2 trang 80 sgk Sinh học 10 nâng cao:  Phân biệt đường phân với chu trình  .....",
        "url": "giai-bai-tap-sinh-10-nang-cao_bai-2-trang-80-sgk-sinh-hoc-10-nang-cao",
        "level": 0
    },
    {
        "type": "category",
        "title": "Bài 3 trang 80 sgk Sinh học 10 nâng cao:   Chọn phương án đúng. Tế bào không phân giải....",
        "url": "giai-bai-tap-sinh-10-nang-cao_bai-3-trang-80-sgk-sinh-hoc-10-nang-cao",
        "level": 0
    }
]