[
    {
        "type": "category",
        "title": "Trả lời câu hỏi Sinh 10 nâng cao Bài 11 trang 39 :  So sánh hình 11.1 dưới đây với hình 10.1 ở bài trước để .... So sánh hình 11.2 với hình 10.2 ở bài trước để thấy sự ... ",
        "url": "giai-bai-tap-sinh-10-nang-cao_tra-loi-cau-hoi-sinh-10-nang-cao-bai-11-trang-39",
        "level": 0
    },
    {
        "type": "category",
        "title": "Bài 1 trang 40 sgk Sinh học 10 nâng cao:  Trình bày cấu trúc phân tử tARN ....",
        "url": "giai-bai-tap-sinh-10-nang-cao_bai-1-trang-40-sgk-sinh-hoc-10-nang-cao",
        "level": 0
    },
    {
        "type": "category",
        "title": "Bài 2 trang 40 sgk Sinh học 10 nâng cao:  Phân biệt cấu trúc và chức năng các  .....",
        "url": "giai-bai-tap-sinh-10-nang-cao_bai-2-trang-40-sgk-sinh-hoc-10-nang-cao",
        "level": 0
    },
    {
        "type": "category",
        "title": "Bài 3 trang 40 sgk Sinh học 10 nâng cao:  So sánh ADN với ARN về cấu trúc và  ....",
        "url": "giai-bai-tap-sinh-10-nang-cao_bai-3-trang-40-sgk-sinh-hoc-10-nang-cao",
        "level": 0
    },
    {
        "type": "category",
        "title": "Bài 4 trang 40 sgk Sinh học 10 nâng cao:  Hình 11.2 là ARN loại gì ....",
        "url": "giai-bai-tap-sinh-10-nang-cao_bai-4-trang-40-sgk-sinh-hoc-10-nang-cao",
        "level": 0
    }
]