[
    {
        "type": "category",
        "title": "Phần 1: Giới thiệu chung về thế giới sống",
        "url": "giai-bai-tap-sinh-10-nang-cao_phan-1-gioi-thieu-chung-ve-the-gioi-song",
        "level": 0
    },
    {
        "type": "category",
        "title": "Bài 1: Các cấp tổ chức của thế giới sống",
        "url": "giai-bai-tap-sinh-10-nang-cao_bai-1-cac-cap-to-chuc-cua-the-gioi-song",
        "level": 2
    },
    {
        "type": "category",
        "title": "Bài 2: Giới thiệu các giới sinh vật",
        "url": "giai-bai-tap-sinh-10-nang-cao_bai-2-gioi-thieu-cac-gioi-sinh-vat",
        "level": 2
    },
    {
        "type": "category",
        "title": "Bài 3: Giới Khởi sinh, giới Nguyên sinh và giới Nấm",
        "url": "giai-bai-tap-sinh-10-nang-cao_bai-3-gioi-khoi-sinh-gioi-nguyen-sinh-va-gioi-nam",
        "level": 2
    },
    {
        "type": "category",
        "title": "Bài 4: Giới Thực vật",
        "url": "giai-bai-tap-sinh-10-nang-cao_bai-4-gioi-thuc-vat",
        "level": 2
    },
    {
        "type": "category",
        "title": "Bài 5: Giới Động vật",
        "url": "giai-bai-tap-sinh-10-nang-cao_bai-5-gioi-dong-vat",
        "level": 2
    },
    {
        "type": "category",
        "title": "Bài 6: Thực hành : Đa dạng thế giới sinh vật",
        "url": "giai-bai-tap-sinh-10-nang-cao_bai-6-thuc-hanh-da-dang-the-gioi-sinh-vat",
        "level": 2
    },
    {
        "type": "category",
        "title": "Phần 2: Sinh học tế bào",
        "url": "giai-bai-tap-sinh-10-nang-cao_phan-2-sinh-hoc-te-bao",
        "level": 0
    },
    {
        "type": "category",
        "title": "Chương 1: Thành phần hóa học của tế bào",
        "url": "giai-bai-tap-sinh-10-nang-cao_chuong-1-thanh-phan-hoa-hoc-cua-te-bao",
        "level": 1
    },
    {
        "type": "category",
        "title": "Bài 7: Các nguyên tố hóa học và nước của tế bào ",
        "url": "giai-bai-tap-sinh-10-nang-cao_bai-7-cac-nguyen-to-hoa-hoc-va-nuoc-cua-te-bao",
        "level": 2
    },
    {
        "type": "category",
        "title": "Bài 8: Cacbohiđrat (saccarit) và lipit ",
        "url": "giai-bai-tap-sinh-10-nang-cao_bai-8-cacbohidrat-saccarit-va-lipit",
        "level": 2
    },
    {
        "type": "category",
        "title": "Bài 9: Prôtêin ",
        "url": "giai-bai-tap-sinh-10-nang-cao_bai-9-protein",
        "level": 2
    },
    {
        "type": "category",
        "title": "Bài 10: Axit nuclêic",
        "url": "giai-bai-tap-sinh-10-nang-cao_bai-10-axit-nucleic",
        "level": 2
    },
    {
        "type": "category",
        "title": "Bài 11: Axit nuclêic (tiếp theo)",
        "url": "giai-bai-tap-sinh-10-nang-cao_bai-11-axit-nucleic-tiep-theo",
        "level": 2
    },
    {
        "type": "category",
        "title": "Bài 12: Thục hành: Thí nghiệm nhận biết một số thành phần hóa học của tế bào",
        "url": "giai-bai-tap-sinh-10-nang-cao_bai-12-thuc-hanh-thi-nghiem-nhan-biet-mot-so-thanh-phan-hoa-hoc-cua-te-bao",
        "level": 2
    },
    {
        "type": "category",
        "title": "Chương 2: Cấu trúc của tế bào",
        "url": "giai-bai-tap-sinh-10-nang-cao_chuong-2-cau-truc-cua-te-bao",
        "level": 1
    },
    {
        "type": "category",
        "title": "Bài 13: Tế bào nhân sơ",
        "url": "giai-bai-tap-sinh-10-nang-cao_bai-13-te-bao-nhan-so",
        "level": 2
    },
    {
        "type": "category",
        "title": "Bài 14: Tế bào nhân thực ",
        "url": "giai-bai-tap-sinh-10-nang-cao_bai-14-te-bao-nhan-thuc",
        "level": 2
    },
    {
        "type": "category",
        "title": "Bài 15: Tế bào nhân thực (tiếp theo)",
        "url": "giai-bai-tap-sinh-10-nang-cao_bai-15-te-bao-nhan-thuc-tiep-theo",
        "level": 2
    },
    {
        "type": "category",
        "title": "Bài 16: Tế bào nhân thực (tiếp theo)",
        "url": "giai-bai-tap-sinh-10-nang-cao_bai-16-te-bao-nhan-thuc-tiep-theo",
        "level": 2
    },
    {
        "type": "category",
        "title": "Bài 17: Tế bào nhân thực (tiếp theo)",
        "url": "giai-bai-tap-sinh-10-nang-cao_bai-17-te-bao-nhan-thuc-tiep-theo",
        "level": 2
    },
    {
        "type": "category",
        "title": "Bài 18: Vận chuyển các chất qua màng sinh chất",
        "url": "giai-bai-tap-sinh-10-nang-cao_bai-18-van-chuyen-cac-chat-qua-mang-sinh-chat",
        "level": 2
    },
    {
        "type": "category",
        "title": "Bài 19: Thực hành : Quan sát tế bào dưới kính hiển vi Thí nghiệm co và phản co nguyên sinh ",
        "url": "giai-bai-tap-sinh-10-nang-cao_bai-19-thuc-hanh-quan-sat-te-bao-duoi-kinh-hien-vi-thi-nghiem-co-va-phan-co-nguyen-sinh",
        "level": 2
    },
    {
        "type": "category",
        "title": "Bài 20: Thực hành : Thí nghiệm sự thẩm thấu và tính thấm của tế bào",
        "url": "giai-bai-tap-sinh-10-nang-cao_bai-20-thuc-hanh-thi-nghiem-su-tham-thau-va-tinh-tham-cua-te-bao",
        "level": 2
    },
    {
        "type": "category",
        "title": "Chương 3: Chuyển hóa vật chất và năng lượng trong tế bào",
        "url": "giai-bai-tap-sinh-10-nang-cao_chuong-3-chuyen-hoa-vat-chat-va-nang-luong-trong-te-bao",
        "level": 1
    },
    {
        "type": "category",
        "title": "Bài 21: Chuyển hóa năng lượng ",
        "url": "giai-bai-tap-sinh-10-nang-cao_bai-21-chuyen-hoa-nang-luong",
        "level": 2
    },
    {
        "type": "category",
        "title": "Bài 22: Enzim và vai trò của enzim trong quá trình chuyển hóa vật chất",
        "url": "giai-bai-tap-sinh-10-nang-cao_bai-22-enzim-va-vai-tro-cua-enzim-trong-qua-trinh-chuyen-hoa-vat-chat",
        "level": 2
    },
    {
        "type": "category",
        "title": "Bài 23: Hô hấp tế bào",
        "url": "giai-bai-tap-sinh-10-nang-cao_bai-23-ho-hap-te-bao",
        "level": 2
    },
    {
        "type": "category",
        "title": "Bài 24: Hô hấp tế bào (tiếp theo)",
        "url": "giai-bai-tap-sinh-10-nang-cao_bai-24-ho-hap-te-bao-tiep-theo",
        "level": 2
    },
    {
        "type": "category",
        "title": "Bài 25: Hóa tổng hợp và quang tổng hợp",
        "url": "giai-bai-tap-sinh-10-nang-cao_bai-25-hoa-tong-hop-va-quang-tong-hop",
        "level": 2
    },
    {
        "type": "category",
        "title": "Bài 26: Hóa tổng hợp và quang tổng hợp (tiếp theo)",
        "url": "giai-bai-tap-sinh-10-nang-cao_bai-26-hoa-tong-hop-va-quang-tong-hop-tiep-theo",
        "level": 2
    },
    {
        "type": "category",
        "title": "Bài 27: Thực hành: Một số thí nghiệm về enzim ",
        "url": "giai-bai-tap-sinh-10-nang-cao_bai-27-thuc-hanh-mot-so-thi-nghiem-ve-enzim",
        "level": 2
    },
    {
        "type": "category",
        "title": "Chương 4: Phân bào",
        "url": "giai-bai-tap-sinh-10-nang-cao_chuong-4-phan-bao",
        "level": 1
    },
    {
        "type": "category",
        "title": "Bài 28: Chu kì tế bào và các hình thức phân bào",
        "url": "giai-bai-tap-sinh-10-nang-cao_bai-28-chu-ki-te-bao-va-cac-hinh-thuc-phan-bao",
        "level": 2
    },
    {
        "type": "category",
        "title": "Bài 29: Nguyên phân",
        "url": "giai-bai-tap-sinh-10-nang-cao_bai-29-nguyen-phan",
        "level": 2
    },
    {
        "type": "category",
        "title": "Bài 30: Giảm phân",
        "url": "giai-bai-tap-sinh-10-nang-cao_bai-30-giam-phan",
        "level": 2
    },
    {
        "type": "category",
        "title": "Bài 31: Thực hành: Quan sát các kì nguyên phân qua tiêu bản tạm thời hay cố định",
        "url": "giai-bai-tap-sinh-10-nang-cao_bai-31-thuc-hanh-quan-sat-cac-ki-nguyen-phan-qua-tieu-ban-tam-thoi-hay-co-dinh",
        "level": 2
    },
    {
        "type": "category",
        "title": "Bài 32: Ôn tập phần một và phần hai",
        "url": "giai-bai-tap-sinh-10-nang-cao_bai-32-on-tap-phan-mot-va-phan-hai",
        "level": 2
    },
    {
        "type": "category",
        "title": "Phần 3: Sinh học vi sinh vật",
        "url": "giai-bai-tap-sinh-10-nang-cao_phan-3-sinh-hoc-vi-sinh-vat",
        "level": 0
    },
    {
        "type": "category",
        "title": "Chương 1: Chuyển hóa vật chất và năng lượng của vi sinh vật ",
        "url": "giai-bai-tap-sinh-10-nang-cao_chuong-1-chuyen-hoa-vat-chat-va-nang-luong-o-vi-sinh-vat",
        "level": 1
    },
    {
        "type": "category",
        "title": "Bài 33: Dinh dưỡng, chuyển hóa vật chất và năng lượng ở vi sinh vật",
        "url": "giai-bai-tap-sinh-10-nang-cao_bai-33-dinh-duong-chuyen-hoa-vat-chat-va-nang-luong-o-vi-sinh-vat",
        "level": 2
    },
    {
        "type": "category",
        "title": "Bài 34: Quá trình tổng hợp các chất ở vi sinh vật và ứng dụng",
        "url": "giai-bai-tap-sinh-10-nang-cao_bai-34-qua-trinh-tong-hop-cac-chat-o-vi-sinh-vat-va-ung-dung",
        "level": 2
    },
    {
        "type": "category",
        "title": "Bài 35: Quá trình phân giải các chất ở vi sinh vật và ứng dụng",
        "url": "giai-bai-tap-sinh-10-nang-cao_bai-35-qua-trinh-phan-giai-cac-chat-o-vi-sinh-vat-va-ung-dung",
        "level": 2
    },
    {
        "type": "category",
        "title": "Bài 36: Thực hành : Lên men êtilic",
        "url": "giai-bai-tap-sinh-10-nang-cao_bai-36-thuc-hanh-len-men-etilic",
        "level": 2
    },
    {
        "type": "category",
        "title": "Bài 37: Thực hành : Lên men lactic",
        "url": "giai-bai-tap-sinh-10-nang-cao_bai-37-thuc-hanh-len-men-lactic",
        "level": 2
    },
    {
        "type": "category",
        "title": "Chương 2: Sinh trưởng và sinh sản của vi sinh vật",
        "url": "giai-bai-tap-sinh-10-nang-cao_chuong-2-sinh-truong-va-sinh-san-cua-vi-sinh-vat",
        "level": 1
    },
    {
        "type": "category",
        "title": "Bài 38: Sinh trưởng của vi sinh vật",
        "url": "giai-bai-tap-sinh-10-nang-cao_bai-38-sinh-truong-cua-vi-sinh-vat",
        "level": 2
    },
    {
        "type": "category",
        "title": "Bài 39: Sinh sản của vi sinh vật",
        "url": "giai-bai-tap-sinh-10-nang-cao_bai-39-sinh-san-cua-vi-sinh-vat",
        "level": 2
    },
    {
        "type": "category",
        "title": "Bài 40: Ảnh hưởng của các yếu tố hóa học đến sinh trưởng của vi sinh vật",
        "url": "giai-bai-tap-sinh-10-nang-cao_bai-40-anh-huong-cua-cac-yeu-to-hoa-hoc-den-sinh-truong-vi-sinh-vat",
        "level": 2
    },
    {
        "type": "category",
        "title": "Bài 41: Ảnh hưởng của các yếu tố vật lí đến sinh trưởng của vi sinh vật",
        "url": "giai-bai-tap-sinh-10-nang-cao_bai-41-anh-huong-cua-cac-yeu-to-vat-li-den-sinh-truong-cua-vi-sinh-vat",
        "level": 2
    },
    {
        "type": "category",
        "title": "Bài 42: Thực hành: Quan sát một số vi sinh vật",
        "url": "giai-bai-tap-sinh-10-nang-cao_bai-42-thuc-hanh-quan-sat-mot-so-vi-sinh-vat",
        "level": 2
    },
    {
        "type": "category",
        "title": "Chương 3: Virut và bệnh truyền nhiễm",
        "url": "giai-bai-tap-sinh-10-nang-cao_chuong-3-virut-va-benh-truyen-nhiem",
        "level": 1
    },
    {
        "type": "category",
        "title": "Bài 43: Cấu trúc các loại virut",
        "url": "giai-bai-tap-sinh-10-nang-cao_bai-43-cau-truc-cac-loai-virut",
        "level": 2
    },
    {
        "type": "category",
        "title": "Bài 44: Sự nhân lên của virut trong tế bào chủ",
        "url": "giai-bai-tap-sinh-10-nang-cao_bai-44-su-nhan-len-cua-virut-trong-te-bao-chu",
        "level": 2
    },
    {
        "type": "category",
        "title": "Bài 45: Virut gây bệnh, ứng dụng của virut",
        "url": "giai-bai-tap-sinh-10-nang-cao_bai-45-virut-gay-benh-ung-dung-cua-virut",
        "level": 2
    },
    {
        "type": "category",
        "title": "Bài 46: Khái niệm về bệnh truyền nhiễm và miễn dịch",
        "url": "giai-bai-tap-sinh-10-nang-cao_bai-46-khai-niem-ve-benh-truyen-nhiem-va-mien-dich",
        "level": 2
    },
    {
        "type": "category",
        "title": "Bài 47: Thực hành : Tìm hiểu một số bệnh truyền nhiễm phổ biến ở địa phương",
        "url": "giai-bai-tap-sinh-10-nang-cao_bai-47-thuc-hanh-tim-hieu-mot-so-benh-truyen-nhiem-pho-bien-o-dia-phuong",
        "level": 2
    },
    {
        "type": "category",
        "title": "Bài 48: Ôn tập phần ba",
        "url": "giai-bai-tap-sinh-10-nang-cao_bai-48-on-tap-phan-ba",
        "level": 2
    }
]