[
    {
        "type": "category",
        "title": "Phần 1: Cơ học",
        "url": "bai-tap-trac-nghiem-vat-li-10_phan-1-co-hoc",
        "level": 0
    },
    {
        "type": "category",
        "title": "Chương 1: Động học chất điểm",
        "url": "bai-tap-trac-nghiem-vat-li-10_chuong-1-dong-hoc-chat-diem",
        "level": 1
    },
    {
        "type": "category",
        "title": "Bài tập trắc nghiệm Chuyển động cơ",
        "url": "bai-tap-trac-nghiem-vat-li-10_bai-tap-trac-nghiem-chuyen-dong-co",
        "level": 2
    },
    {
        "type": "category",
        "title": "Bài tập trắc nghiệm Chuyển động thẳng đều (phần 1)",
        "url": "bai-tap-trac-nghiem-vat-li-10_bai-tap-trac-nghiem-chuyen-dong-thang-deu-phan-1",
        "level": 2
    },
    {
        "type": "category",
        "title": "Bài tập trắc nghiệm Chuyển động thẳng đều (phần 2)",
        "url": "bai-tap-trac-nghiem-vat-li-10_bai-tap-trac-nghiem-chuyen-dong-thang-deu-phan-2",
        "level": 2
    },
    {
        "type": "category",
        "title": "Bài tập trắc nghiệm Chuyển động thẳng đều (phần 3)",
        "url": "bai-tap-trac-nghiem-vat-li-10_bai-tap-trac-nghiem-chuyen-dong-thang-deu-phan-3",
        "level": 2
    },
    {
        "type": "category",
        "title": "Bài tập trắc nghiệm Chuyển động thẳng biến đổi đều (phần 1)",
        "url": "bai-tap-trac-nghiem-vat-li-10_bai-tap-trac-nghiem-chuyen-dong-thang-bien-doi-deu-phan-1",
        "level": 2
    },
    {
        "type": "category",
        "title": "Bài tập trắc nghiệm Chuyển động thẳng biến đổi đều (phần 2)",
        "url": "bai-tap-trac-nghiem-vat-li-10_bai-tap-trac-nghiem-chuyen-dong-thang-bien-doi-deu-phan-2",
        "level": 2
    },
    {
        "type": "category",
        "title": "Bài tập trắc nghiệm Sự rơi tự do (phần 1)",
        "url": "bai-tap-trac-nghiem-vat-li-10_bai-tap-trac-nghiem-su-roi-tu-do-phan-1",
        "level": 2
    },
    {
        "type": "category",
        "title": "Bài tập trắc nghiệm Sự rơi tự do (phần 2)",
        "url": "bai-tap-trac-nghiem-vat-li-10_bai-tap-trac-nghiem-su-roi-tu-do-phan-2",
        "level": 2
    },
    {
        "type": "category",
        "title": "Bài tập trắc nghiệm Chuyển động tròn đều (phần 1)",
        "url": "bai-tap-trac-nghiem-vat-li-10_bai-tap-trac-nghiem-chuyen-dong-tron-deu-phan-1",
        "level": 2
    },
    {
        "type": "category",
        "title": "Bài tập trắc nghiệm Chuyển động tròn đều (phần 2)",
        "url": "bai-tap-trac-nghiem-vat-li-10_bai-tap-trac-nghiem-chuyen-dong-tron-deu-phan-2",
        "level": 2
    },
    {
        "type": "category",
        "title": "Bài tập trắc nghiệm Chuyển động tròn đều (phần 3)",
        "url": "bai-tap-trac-nghiem-vat-li-10_bai-tap-trac-nghiem-chuyen-dong-tron-deu-phan-3",
        "level": 2
    },
    {
        "type": "category",
        "title": "Bài tập trắc nghiệm Tính tương đối của chuyển động - Công thức cộng vận tốc ",
        "url": "bai-tap-trac-nghiem-vat-li-10_bai-tap-trac-nghiem-tinh-tuong-doi-cua-chuyen-dong-cong-thuc-cong-van-toc",
        "level": 2
    },
    {
        "type": "category",
        "title": "Bài tập trắc nghiệm Ôn tập cuối chương 1 (phần 1)",
        "url": "bai-tap-trac-nghiem-vat-li-10_bai-tap-trac-nghiem-on-tap-cuoi-chuong-1-phan-1",
        "level": 2
    },
    {
        "type": "category",
        "title": "Bài tập trắc nghiệm Ôn tập cuối chương 1 (phần 2)",
        "url": "bai-tap-trac-nghiem-vat-li-10_bai-tap-trac-nghiem-on-tap-cuoi-chuong-1-phan-2",
        "level": 2
    },
    {
        "type": "category",
        "title": "Bài tập trắc nghiệm Ôn tập cuối chương 1 (phần 3)",
        "url": "bai-tap-trac-nghiem-vat-li-10_bai-tap-trac-nghiem-on-tap-cuoi-chuong-1-phan-3",
        "level": 2
    },
    {
        "type": "category",
        "title": "Chương 2: Động lực học chất điểm",
        "url": "bai-tap-trac-nghiem-vat-li-10_chuong-2-dong-luc-hoc-chat-diem",
        "level": 1
    },
    {
        "type": "category",
        "title": "Bài tập trắc nghiệm Tổng hợp và phân tích lực - Điều kiện cân bằng của chất điểm (phần 1)",
        "url": "bai-tap-trac-nghiem-vat-li-10_bai-tap-trac-nghiem-tong-hop-va-phan-tich-luc-dieu-kien-can-bang-cua-chat-diem-phan-1",
        "level": 2
    },
    {
        "type": "category",
        "title": "Bài tập trắc nghiệm Tổng hợp và phân tích lực - Điều kiện cân bằng của chất điểm (phần 2)",
        "url": "bai-tap-trac-nghiem-vat-li-10_bai-tap-trac-nghiem-tong-hop-va-phan-tich-luc-dieu-kien-can-bang-cua-chat-diem-phan-2",
        "level": 2
    },
    {
        "type": "category",
        "title": "Bài tập trắc nghiệm Ba định luật Niu - Tơn (phần 1)",
        "url": "bai-tap-trac-nghiem-vat-li-10_bai-tap-trac-nghiem-ba-dinh-luat-niuton-phan-1",
        "level": 2
    },
    {
        "type": "category",
        "title": "Bài tập trắc nghiệm Ba định luật Niu - Tơn (phần 2)",
        "url": "bai-tap-trac-nghiem-vat-li-10_bai-tap-trac-nghiem-ba-dinh-luat-niuton-phan-2",
        "level": 2
    },
    {
        "type": "category",
        "title": "Bài tập trắc nghiệm Lực hấp dẫn - Định luật vạn vật hấp dẫn",
        "url": "bai-tap-trac-nghiem-vat-li-10_bai-tap-trac-nghiem-luc-hap-dan-dinh-luat-van-vat-hap-dan",
        "level": 2
    },
    {
        "type": "category",
        "title": "Bài tập trắc nghiệm Lực đàn hồi của lò xo - Định luật húc",
        "url": "bai-tap-trac-nghiem-vat-li-10_bai-tap-trac-nghiem-luc-dan-hoi-cua-lo-xo-dinh-luat-huc",
        "level": 2
    },
    {
        "type": "category",
        "title": "Bài tập trắc nghiệm Lực ma sát (phần 1)",
        "url": "bai-tap-trac-nghiem-vat-li-10_bai-tap-trac-nghiem-luc-ma-sat-phan-1",
        "level": 2
    },
    {
        "type": "category",
        "title": "Bài tập trắc nghiệm Lực ma sát (phần 2)",
        "url": "bai-tap-trac-nghiem-vat-li-10_bai-tap-trac-nghiem-luc-ma-sat-phan-2",
        "level": 2
    },
    {
        "type": "category",
        "title": "Bài tập trắc nghiệm Lực hướng tâm",
        "url": "bai-tap-trac-nghiem-vat-li-10_bai-tap-trac-nghiem-luc-huong-tam",
        "level": 2
    },
    {
        "type": "category",
        "title": "Bài tập trắc nghiệm Bài toán về chuyển động ném ngang",
        "url": "bai-tap-trac-nghiem-vat-li-10_bai-tap-trac-nghiem-bai-toan-ve-chuyen-dong-nem-ngang",
        "level": 2
    },
    {
        "type": "category",
        "title": "Bài tập trắc nghiệm Ôn tập cuối chương 2 (phần 1)",
        "url": "bai-tap-trac-nghiem-vat-li-10_bai-tap-trac-nghiem-on-tap-cuoi-chuong-2-phan-1",
        "level": 2
    },
    {
        "type": "category",
        "title": "Bài tập trắc nghiệm Ôn tập cuối chương 2 (phần 2)",
        "url": "bai-tap-trac-nghiem-vat-li-10_bai-tap-trac-nghiem-on-tap-cuoi-chuong-2-phan-2",
        "level": 2
    },
    {
        "type": "category",
        "title": "Chương 3: Cân bằng và chuyển động của vật rắn",
        "url": "bai-tap-trac-nghiem-vat-li-10_chuong-3-can-bang-va-chuyen-dong-cua-vat-ran",
        "level": 1
    },
    {
        "type": "category",
        "title": "Bài tập trắc nghiệm Cân bằng của một vật chịu tác dụng của hai lực và của ba lực không song song",
        "url": "bai-tap-trac-nghiem-vat-li-10_bai-tap-trac-nghiem-can-bang-cua-mot-vat-chiu-tac-dung-cua-hai-luc-va-cua-ba-luc-khong-song-song",
        "level": 2
    },
    {
        "type": "category",
        "title": "Bài tập trắc nghiệm Cân bằng của một vật có trục quay cố định - Momen lực",
        "url": "bai-tap-trac-nghiem-vat-li-10_bai-tap-trac-nghiem-can-bang-cua-mot-luc-co-truc-quay-co-dinh-momen-luc",
        "level": 2
    },
    {
        "type": "category",
        "title": "Bài tập trắc nghiệm Quy tắc hợp lực song song cùng chiều",
        "url": "bai-tap-trac-nghiem-vat-li-10_bai-tap-trac-nghiem-quy-tac-ho-luc-song-song-cung-chieu",
        "level": 2
    },
    {
        "type": "category",
        "title": "Bài tập trắc nghiệm Các dạng cân bằng - Cân bằng của một vật có mặt chân đế",
        "url": "bai-tap-trac-nghiem-vat-li-10_bai-tap-trac-nghiem-cac-dang-can-bang-can-bang-cua-vat-co-mat-chan-de",
        "level": 2
    },
    {
        "type": "category",
        "title": "Bài tập trắc nghiệm Chuyển động tịnh tiến của vật rắn - Chuyển động quay của vật rắn quanh một trục cố định",
        "url": "bai-tap-trac-nghiem-vat-li-10_bai-tap-trac-nghiem-chuyen-dong-tinh-tien-cua-vat-ran-chuyen-dong-quay-cua-vat-ran-quanh-mot-truc-co-dinh",
        "level": 2
    },
    {
        "type": "category",
        "title": "Bài tập trắc nghiệm Ngẫu lực",
        "url": "bai-tap-trac-nghiem-vat-li-10_bai-tap-trac-nghiem-ngau-luc",
        "level": 2
    },
    {
        "type": "category",
        "title": "Bài tập trắc nghiệm Ôn tập cuối chương 3 (phần 1)",
        "url": "bai-tap-trac-nghiem-vat-li-10_bai-tap-trac-nghiem-on-tap-cuoi-chuong-3-phan-1",
        "level": 2
    },
    {
        "type": "category",
        "title": "Bài tập trắc nghiệm Ôn tập cuối chương 3 (phần 2)",
        "url": "bai-tap-trac-nghiem-vat-li-10_bai-tap-trac-nghiem-on-tap-cuoi-chuong-3-phan-2",
        "level": 2
    },
    {
        "type": "category",
        "title": "Đề kiểm tra học kì 1",
        "url": "bai-tap-trac-nghiem-vat-li-10_de-kiem-tra-hoc-ki-1",
        "level": 2
    },
    {
        "type": "category",
        "title": "Hướng dẫn giải Đề kiểm tra học kì 1",
        "url": "bai-tap-trac-nghiem-vat-li-10_huong-dan-giai-de-kiem-tra-hoc-ki-1",
        "level": 2
    },
    {
        "type": "category",
        "title": "Chương 4: Các định luật bảo toàn",
        "url": "bai-tap-trac-nghiem-vat-li-10_chuong-4-cac-dinh-luat-bao-toan",
        "level": 1
    },
    {
        "type": "category",
        "title": "Bài tập trắc nghiệm Động lượng - Định luật bảo toàn động lượng (phần 1)",
        "url": "bai-tap-trac-nghiem-vat-li-10_bai-tap-trac-nghiem-dong-luong-dinh-luat-bao-toan-dong-luong-phan-1",
        "level": 2
    },
    {
        "type": "category",
        "title": "Bài tập trắc nghiệm Động lượng - Định luật bảo toàn động lượng (phần 2)",
        "url": "bai-tap-trac-nghiem-vat-li-10_bai-tap-trac-nghiem-dong-luong-dinh-luat-bao-toan-dong-luong-phan-2",
        "level": 2
    },
    {
        "type": "category",
        "title": "Bài tập trắc nghiệm Công và công suất (phần 1)",
        "url": "bai-tap-trac-nghiem-vat-li-10_bai-tap-trac-nghiem-cong-va-cong-suat-phan-1",
        "level": 2
    },
    {
        "type": "category",
        "title": "Bài tập trắc nghiệm Công và công suất (phần 2)",
        "url": "bai-tap-trac-nghiem-vat-li-10_bai-tap-trac-nghiem-cong-va-cong-suat-phan-2",
        "level": 2
    },
    {
        "type": "category",
        "title": "Bài tập trắc nghiệm Động năng",
        "url": "bai-tap-trac-nghiem-vat-li-10_bai-tap-trac-nghiem-dong-nang",
        "level": 2
    },
    {
        "type": "category",
        "title": "Bài tập trắc nghiệm Thế năng (phần 1)",
        "url": "bai-tap-trac-nghiem-vat-li-10_bai-tap-trac-nghiem-the-nang-phan-1",
        "level": 2
    },
    {
        "type": "category",
        "title": "Bài tập trắc nghiệm Thế năng (phần 2)",
        "url": "bai-tap-trac-nghiem-vat-li-10_bai-tap-trac-nghiem-the-nang-phan-2",
        "level": 2
    },
    {
        "type": "category",
        "title": "Bài tập trắc nghiệm Cơ năng (phần 1)",
        "url": "bai-tap-trac-nghiem-vat-li-10_bai-tap-trac-nghiem-co-nang-phan-1",
        "level": 2
    },
    {
        "type": "category",
        "title": "Bài tập trắc nghiệm Cơ năng (phần 2)",
        "url": "bai-tap-trac-nghiem-vat-li-10_bai-tap-trac-nghiem-co-nang-phan-2",
        "level": 2
    },
    {
        "type": "category",
        "title": "Bài tập trắc nghiệm Ôn tập cuối chương 4 (phần 1)",
        "url": "bai-tap-trac-nghiem-vat-li-10_bai-tap-trac-nghiem-on-tap-cuoi-chuong-4-phan-1",
        "level": 2
    },
    {
        "type": "category",
        "title": "Bài tập trắc nghiệm Ôn tập cuối chương 4 (phần 2)",
        "url": "bai-tap-trac-nghiem-vat-li-10_bai-tap-trac-nghiem-on-tap-cuoi-chuong-4-phan-2",
        "level": 2
    },
    {
        "type": "category",
        "title": "Bài tập trắc nghiệm Ôn tập cuối chương 4 (phần 3)",
        "url": "bai-tap-trac-nghiem-vat-li-10_bai-tap-trac-nghiem-on-tap-cuoi-chuong-4-phan-3",
        "level": 2
    },
    {
        "type": "category",
        "title": "Phần 2: Nhiệt học",
        "url": "bai-tap-trac-nghiem-vat-li-10_phan-2-nhiet-hoc",
        "level": 0
    },
    {
        "type": "category",
        "title": "Chương 5: Chất khí",
        "url": "bai-tap-trac-nghiem-vat-li-10_chuong-5-chat-khi",
        "level": 1
    },
    {
        "type": "category",
        "title": "Bài tập trắc nghiệm Cấu tạo chất - Thuyết động học phân tử chất khí",
        "url": "bai-tap-trac-nghiem-vat-li-10_bai-tap-trac-nghiem-cau-tao-chat-thuyet-dong-hoc-phan-tu-chat-khi",
        "level": 2
    },
    {
        "type": "category",
        "title": "Bài tập trắc nghiệm Quá trình đẳng nhiệt - Định luật Bôi-lơ - Ma-ri-ốt",
        "url": "bai-tap-trac-nghiem-vat-li-10_bai-tap-trac-nghiem-qua-trinh-dang-nhiet-dinh-luat-boi-lo-ma-ri-ot",
        "level": 2
    },
    {
        "type": "category",
        "title": "Bài tập trắc nghiệm Quá trình đẳng tích - Định luật Sác-lơ",
        "url": "bai-tap-trac-nghiem-vat-li-10_bai-tap-trac-nghiem-qua-trinh-dang-tich-dinh-luat-saclo",
        "level": 2
    },
    {
        "type": "category",
        "title": "Bài tập trắc nghiệm Phương trình trạng thái của khí lí tưởng",
        "url": "bai-tap-trac-nghiem-vat-li-10_bai-tap-trac-nghiem-phuong-trinh-trang-thai-cua-khi-li-tuong",
        "level": 2
    },
    {
        "type": "category",
        "title": "Bài tập trắc nghiệm Ôn tập cuối chương 5 (phần 1)",
        "url": "bai-tap-trac-nghiem-vat-li-10_bai-tap-trac-nghiem-on-tap-cuoi-chuong-5-phan-1",
        "level": 2
    },
    {
        "type": "category",
        "title": "Bài tập trắc nghiệm Ôn tập cuối chương 5 (phần 2)",
        "url": "bai-tap-trac-nghiem-vat-li-10_bai-tap-trac-nghiem-on-tap-cuoi-chuong-5-phan-2",
        "level": 2
    },
    {
        "type": "category",
        "title": "Chương 6: Cơ sở của nhiệt động lực học",
        "url": "bai-tap-trac-nghiem-vat-li-10_chuong-6-co-so-cua-nhiet-dong-luc-hoc",
        "level": 1
    },
    {
        "type": "category",
        "title": "Bài tập trắc nghiệm Nội năng và sự biến thiên nội năng",
        "url": "bai-tap-trac-nghiem-vat-li-10_bai-tap-trac-nghiem-noi-nang-va-su-bien-thien-noi-nang",
        "level": 2
    },
    {
        "type": "category",
        "title": "Bài tập trắc nghiệm Các nguyên lí của nhiệt động lực học",
        "url": "bai-tap-trac-nghiem-vat-li-10_bai-tap-trac-nghiem-cac-nguyen-li-cua-nhiet-dong-luc-hoc",
        "level": 2
    },
    {
        "type": "category",
        "title": "Bài tập trắc nghiệm Ôn tập cuối chương 6",
        "url": "bai-tap-trac-nghiem-vat-li-10_bai-tap-trac-nghiem-on-tap-cuoi-chuong-6",
        "level": 2
    },
    {
        "type": "category",
        "title": "Chương 7: Chất rắn, chất lỏng. Sự chuyển thể",
        "url": "bai-tap-trac-nghiem-vat-li-10_chuong-7-chat-ran-va-chat-long-su-chuyen-the",
        "level": 1
    },
    {
        "type": "category",
        "title": "Bài tập trắc nghiệm Chất rắn kết tinh và chất rắn vô định hình",
        "url": "bai-tap-trac-nghiem-vat-li-10_bai-tap-trac-nghiem-chat-ran-ket-tinh-va-chat-ran-vo-dinh-hinh",
        "level": 2
    },
    {
        "type": "category",
        "title": "Bài tập trắc nghiệm Sự nở vì nhiệt của vật rắn",
        "url": "bai-tap-trac-nghiem-vat-li-10_bai-tap-trac-nghiem-su-no-vi-nhiet-cua-vat-ran",
        "level": 2
    },
    {
        "type": "category",
        "title": "Bài tập trắc nghiệm Các hiện tượng bề mặt của chất lỏng",
        "url": "bai-tap-trac-nghiem-vat-li-10_bai-tap-trac-nghiem-cac-hien-tuong-be-mat-cua-chat-long",
        "level": 2
    },
    {
        "type": "category",
        "title": "Bài tập trắc nghiệm Sự chuyển thể của các chất",
        "url": "bai-tap-trac-nghiem-vat-li-10_bai-tap-trac-nghiem-su-chuyen-the-cua-cac-chat",
        "level": 2
    },
    {
        "type": "category",
        "title": "Bài tập trắc nghiệm Độ ẩm của không khí",
        "url": "bai-tap-trac-nghiem-vat-li-10_bai-tap-trac-nghiem-do-am-cua-khong-khi",
        "level": 2
    },
    {
        "type": "category",
        "title": "Bài tập trắc nghiệm Ôn tập cuối chương 7",
        "url": "bai-tap-trac-nghiem-vat-li-10_bai-tap-trac-nghiem-on-tap-cuoi-chuong-7",
        "level": 2
    },
    {
        "type": "category",
        "title": "Đề kiểm tra học kì 2",
        "url": "bai-tap-trac-nghiem-vat-li-10_de-kiem-tra-hoc-ki-2",
        "level": 2
    },
    {
        "type": "category",
        "title": "Hướng dẫn giải Đề kiểm tra học kì 2",
        "url": "bai-tap-trac-nghiem-vat-li-10_huong-dan-giai-de-kiem-tra-hoc-ki-2",
        "level": 2
    }
]