[
    {
        "type": "category",
        "title": "Trả lời câu hỏi Bài 28 trang 81 Công nghệ 10: Em hãy dựa vào sơ đồ ...",
        "url": "giai-bai-tap-cong-nghe-10_tra-loi-cau-hoi-cong-nghe-10-bai-28-trang-81",
        "level": 0
    },
    {
        "type": "category",
        "title": "Trả lời câu hỏi Bài 28 trang 82 Công nghệ 10: Theo em, vật nuôi sẽ bị ảnh hưởng ...",
        "url": "giai-bai-tap-cong-nghe-10_tra-loi-cau-hoi-cong-nghe-10-bai-28-trang-82",
        "level": 0
    },
    {
        "type": "category",
        "title": "Trả lời câu hỏi Bài 28 trang 83 Công nghệ 10: Theo em, để đảm bảo cung cấp ...",
        "url": "giai-bai-tap-cong-nghe-10_tra-loi-cau-hoi-cong-nghe-10-bai-28-trang-83",
        "level": 0
    },
    {
        "type": "category",
        "title": "Câu 1 (trang 83 Công nghệ 10): Muốn vật nuôi tạo ra ...",
        "url": "giai-bai-tap-cong-nghe-10_cau-1-trang-83-cong-nghe-10",
        "level": 0
    },
    {
        "type": "category",
        "title": "Câu 2 (trang 83 Công nghệ 10): Tiêu chuẩn ăn của vật ...",
        "url": "giai-bai-tap-cong-nghe-10_cau-2-trang-83-cong-nghe-10",
        "level": 0
    },
    {
        "type": "category",
        "title": "Câu 3 (trang 83 Công nghệ 10): Khẩu phần ăn của vật nuôi ...",
        "url": "giai-bai-tap-cong-nghe-10_cau-3-trang-83-cong-nghe-10",
        "level": 0
    }
]