[
    {
        "type": "category",
        "title": "Câu 1 (trang 162 Công nghệ 10): Em hãy nhận xét ...",
        "url": "giai-bai-tap-cong-nghe-10_cau-1-trang-162-cong-nghe-10",
        "level": 0
    },
    {
        "type": "category",
        "title": "Câu 2 (trang 162 Công nghệ 10): Theo em, chị H và anh T ...",
        "url": "giai-bai-tap-cong-nghe-10_cau-2-trang-162-cong-nghe-10",
        "level": 0
    },
    {
        "type": "category",
        "title": "Câu 3 (trang 162 Công nghệ 10): Chị H và anh T đã phát ...",
        "url": "giai-bai-tap-cong-nghe-10_cau-3-trang-162-cong-nghe-10",
        "level": 0
    },
    {
        "type": "category",
        "title": "Câu 4 (trang 162 Công nghệ 10): Anh T đã phát triển ...",
        "url": "giai-bai-tap-cong-nghe-10_cau-4-trang-162-cong-nghe-10",
        "level": 0
    },
    {
        "type": "category",
        "title": "Câu 5 (trang 162 Công nghệ 10): Chị H và anh T ...",
        "url": "giai-bai-tap-cong-nghe-10_cau-5-trang-162-cong-nghe-10",
        "level": 0
    },
    {
        "type": "category",
        "title": "Câu 6 (trang 163 Công nghệ 10): Cơ hội kinh doanh ...",
        "url": "giai-bai-tap-cong-nghe-10_cau-6-trang-163-cong-nghe-10",
        "level": 0
    },
    {
        "type": "category",
        "title": "Câu 7 (trang 163 Công nghệ 10): Chị D và bác A kinh doanh ...",
        "url": "giai-bai-tap-cong-nghe-10_cau-7-trang-163-cong-nghe-10",
        "level": 0
    },
    {
        "type": "category",
        "title": "Câu 8 (trang 163 Công nghệ 10): Em hãy nhận xét ...",
        "url": "giai-bai-tap-cong-nghe-10_cau-8-trang-163-cong-nghe-10",
        "level": 0
    },
    {
        "type": "category",
        "title": "Câu 9 (trang 163 Công nghệ 10): Hãy liên hệ ở địa phương ...",
        "url": "giai-bai-tap-cong-nghe-10_cau-9-trang-163-cong-nghe-10",
        "level": 0
    }
]