[
    {
        "type": "category",
        "title": "Câu 1 (trang 134 Công nghệ 10): Hãy cho biết một số phương pháp ...",
        "url": "giai-bai-tap-cong-nghe-10_cau-1-trang-134-cong-nghe-10",
        "level": 0
    },
    {
        "type": "category",
        "title": "Câu 2 (trang 134 Công nghệ 10): Nêu một số phương pháp ...",
        "url": "giai-bai-tap-cong-nghe-10_cau-2-trang-134-cong-nghe-10",
        "level": 0
    },
    {
        "type": "category",
        "title": "Câu 3 (trang 134 Công nghệ 10): Nêu một số phương pháp ...",
        "url": "giai-bai-tap-cong-nghe-10_cau-3-trang-134-cong-nghe-10",
        "level": 0
    }
]