[
    {
        "type": "category",
        "title": "Trả lời câu hỏi Bài 55 trang 176 Công nghệ 10: Doanh nghiệp có thể huy động ...",
        "url": "giai-bai-tap-cong-nghe-10_tra-loi-cau-hoi-cong-nghe-10-bai-55-trang-176",
        "level": 0
    },
    {
        "type": "category",
        "title": "Câu 1 (trang 181 Công nghệ 10): Trình bày đặc điểm ...",
        "url": "giai-bai-tap-cong-nghe-10_cau-1-trang-181-cong-nghe-10",
        "level": 0
    },
    {
        "type": "category",
        "title": "Câu 2 (trang 181 Công nghệ 10): Tổ chức thực hiện ...",
        "url": "giai-bai-tap-cong-nghe-10_cau-2-trang-181-cong-nghe-10",
        "level": 0
    },
    {
        "type": "category",
        "title": "Câu 3 (trang 181 Công nghệ 10): Doanh nghiệp có thể ...",
        "url": "giai-bai-tap-cong-nghe-10_cau-3-trang-181-cong-nghe-10",
        "level": 0
    },
    {
        "type": "category",
        "title": "Câu 4 (trang 181 Công nghệ 10): Hạch toán kinh tế ...",
        "url": "giai-bai-tap-cong-nghe-10_cau-4-trang-181-cong-nghe-10",
        "level": 0
    },
    {
        "type": "category",
        "title": "Câu 5 (trang 181 Công nghệ 10): Trình bày nội dung ...",
        "url": "giai-bai-tap-cong-nghe-10_cau-5-trang-181-cong-nghe-10",
        "level": 0
    },
    {
        "type": "category",
        "title": "Câu 6 (trang 181 Công nghệ 10): Tìm các biện pháp nâng cao ...",
        "url": "giai-bai-tap-cong-nghe-10_cau-6-trang-181-cong-nghe-10",
        "level": 0
    }
]