[
    {
        "type": "category",
        "title": "Trả lời câu hỏi Bài 12 trang 39 Công nghệ 10: Em hãy kể tên một số ...",
        "url": "giai-bai-tap-cong-nghe-10_tra-loi-cau-hoi-cong-nghe-10-bai-12-trang-39",
        "level": 0
    },
    {
        "type": "category",
        "title": "Trả lời câu hỏi Bài 12 trang 40 Công nghệ 10: Vì sao khi dùng phân đạm ...",
        "url": "giai-bai-tap-cong-nghe-10_tra-loi-cau-hoi-cong-nghe-10-bai-12-trang-40",
        "level": 0
    },
    {
        "type": "category",
        "title": "Câu 1 (trang 41 Công nghệ 10): Thế nào là phân hóa học ...",
        "url": "giai-bai-tap-cong-nghe-10_cau-1-trang-41-cong-nghe-10",
        "level": 0
    },
    {
        "type": "category",
        "title": "Câu 2 (trang 41 Công nghệ 10): Nêu đặc điểm và cách sử dụng ...",
        "url": "giai-bai-tap-cong-nghe-10_cau-2-trang-41-cong-nghe-10",
        "level": 0
    },
    {
        "type": "category",
        "title": "Câu 3 (trang 41 Công nghệ 10): Nêu đặc điểm và cách sử dụng ...",
        "url": "giai-bai-tap-cong-nghe-10_cau-3-trang-41-cong-nghe-10",
        "level": 0
    },
    {
        "type": "category",
        "title": "Câu 4 (trang 41 Công nghệ 10): Nêu đặc điểm và cách sử dụng ...",
        "url": "giai-bai-tap-cong-nghe-10_cau-4-trang-41-cong-nghe-10",
        "level": 0
    }
]