[
    {
        "type": "category",
        "title": "Câu 1 (trang 130 Công nghệ 10): Trình bày một số phương pháp ...",
        "url": "giai-bai-tap-cong-nghe-10_cau-1-trang-130-cong-nghe-10",
        "level": 0
    },
    {
        "type": "category",
        "title": "Câu 2 (trang 130 Công nghệ 10): Trình bày quy trình bảo quản ...",
        "url": "giai-bai-tap-cong-nghe-10_cau-2-trang-130-cong-nghe-10",
        "level": 0
    },
    {
        "type": "category",
        "title": "Câu 3 (trang 130 Công nghệ 10): Người ta thường dùng phương pháp ...",
        "url": "giai-bai-tap-cong-nghe-10_cau-3-trang-130-cong-nghe-10",
        "level": 0
    }
]