[
    {
        "type": "category",
        "title": "Trả lời câu hỏi Bài 33 trang 97 Công nghệ 10: Em hãy cho biết vì sao ...",
        "url": "giai-bai-tap-cong-nghe-10_tra-loi-cau-hoi-cong-nghe-10-bai-33-trang-97",
        "level": 0
    },
    {
        "type": "category",
        "title": "Câu 1 (trang 98 Công nghệ 10): Em hãy cho biết cơ sở khoa học ...",
        "url": "giai-bai-tap-cong-nghe-10_cau-1-trang-98-cong-nghe-10",
        "level": 0
    },
    {
        "type": "category",
        "title": "Câu 2 (trang 98 Công nghệ 10): Nêu nguyên lí của việc chế biến ...",
        "url": "giai-bai-tap-cong-nghe-10_cau-2-trang-98-cong-nghe-10",
        "level": 0
    },
    {
        "type": "category",
        "title": "Câu 3 (trang 98 Công nghệ 10): Mô tả quy trình sản xuất ...",
        "url": "giai-bai-tap-cong-nghe-10_cau-3-trang-98-cong-nghe-10",
        "level": 0
    }
]