[
    {
        "type": "category",
        "title": "Trả lời câu hỏi Bài 2 trang 9 Công nghệ 10: Nếu đưa giống mới vào ...",
        "url": "giai-bai-tap-cong-nghe-10_tra-loi-cau-hoi-cong-nghe-10-bai-2-trang-9",
        "level": 0
    },
    {
        "type": "category",
        "title": "Trả lời câu hỏi Bài 2 trang 10 Công nghệ 10: Giống mới chọn tạo ...",
        "url": "giai-bai-tap-cong-nghe-10_tra-loi-cau-hoi-cong-nghe-10-bai-2-trang-10",
        "level": 0
    },
    {
        "type": "category",
        "title": "Trả lời câu hỏi Bài 2 trang 11 Công nghệ 10: Thí nghiệm sản xuất ...",
        "url": "giai-bai-tap-cong-nghe-10_tra-loi-cau-hoi-cong-nghe-10-bai-2-trang-11",
        "level": 0
    },
    {
        "type": "category",
        "title": "Câu 1 (trang 11 Công nghệ 10): Tại sao phải khảo nghiệm ...",
        "url": "giai-bai-tap-cong-nghe-10_cau-1-trang-11-cong-nghe-10",
        "level": 0
    },
    {
        "type": "category",
        "title": "Câu 2 (trang 11 Công nghệ 10): Thí nghiệm so sánh ...",
        "url": "giai-bai-tap-cong-nghe-10_cau-2-trang-11-cong-nghe-10",
        "level": 0
    },
    {
        "type": "category",
        "title": "Câu 3 (trang 11 Công nghệ 10): Vì sao phải tiến hành ...",
        "url": "giai-bai-tap-cong-nghe-10_cau-3-trang-11-cong-nghe-10",
        "level": 0
    },
    {
        "type": "category",
        "title": "Câu 4 (trang 11 Công nghệ 10): Thí nghiệm sản xuất ...",
        "url": "giai-bai-tap-cong-nghe-10_cau-4-trang-11-cong-nghe-10",
        "level": 0
    }
]