[
    {
        "type": "category",
        "title": "Trả lời câu hỏi Bài 25 trang 76 Công nghệ 10: Em hãy cho ví dụ ...",
        "url": "giai-bai-tap-cong-nghe-10_tra-loi-cau-hoi-cong-nghe-10-bai-25-trang-76",
        "level": 0
    },
    {
        "type": "category",
        "title": "Câu 1 (trang 76 Công nghệ 10): Trình bày khái niệm và mục đích ...",
        "url": "giai-bai-tap-cong-nghe-10_cau-1-trang-76-cong-nghe-10",
        "level": 0
    },
    {
        "type": "category",
        "title": "Câu 2 (trang 76 Công nghệ 10): Trình bày khái niệm ...",
        "url": "giai-bai-tap-cong-nghe-10_cau-2-trang-76-cong-nghe-10",
        "level": 0
    },
    {
        "type": "category",
        "title": "Câu 3 (trang 76 Công nghệ 10): Thế nào là lai kinh tế ...",
        "url": "giai-bai-tap-cong-nghe-10_cau-3-trang-76-cong-nghe-10",
        "level": 0
    },
    {
        "type": "category",
        "title": "Câu 4 (trang 76 Công nghệ 10): Thế nào là lai gây thành ...",
        "url": "giai-bai-tap-cong-nghe-10_cau-4-trang-76-cong-nghe-10",
        "level": 0
    }
]