[
    {
        "type": "category",
        "title": "Câu 1 (trang 137 Công nghệ 10): Trình bày quy trình chế biến ...",
        "url": "giai-bai-tap-cong-nghe-10_cau-1-trang-137-cong-nghe-10",
        "level": 0
    },
    {
        "type": "category",
        "title": "Câu 2 (trang 137 Công nghệ 10): Trình bày một số phương pháp ...",
        "url": "giai-bai-tap-cong-nghe-10_cau-2-trang-137-cong-nghe-10",
        "level": 0
    },
    {
        "type": "category",
        "title": "Câu 3 (trang 137 Công nghệ 10): Nêu các phương pháp chế biến ...",
        "url": "giai-bai-tap-cong-nghe-10_cau-3-trang-137-cong-nghe-10",
        "level": 0
    }
]