[
    {
        "type": "category",
        "title": "Trả lời câu hỏi Bài 10 trang 32 Công nghệ 10: Em hãy cho biết mục đích ...",
        "url": "giai-bai-tap-cong-nghe-10_tra-loi-cau-hoi-cong-nghe-10-bai-10-trang-32",
        "level": 0
    },
    {
        "type": "category",
        "title": "Trả lời câu hỏi Bài 10 trang 33 Công nghệ 10: Từ phương trình trao đổi ...",
        "url": "giai-bai-tap-cong-nghe-10_tra-loi-cau-hoi-cong-nghe-10-bai-10-trang-33",
        "level": 0
    },
    {
        "type": "category",
        "title": "Trả lời câu hỏi Bài 10 trang 35 Công nghệ 10: Em hãy cho biết tác dụng ...",
        "url": "giai-bai-tap-cong-nghe-10_tra-loi-cau-hoi-cong-nghe-10-bai-10-trang-35",
        "level": 0
    },
    {
        "type": "category",
        "title": "Câu 1 (trang 35 Công nghệ 10): Nêu tính chất chính của ...",
        "url": "giai-bai-tap-cong-nghe-10_cau-1-trang-35-cong-nghe-10",
        "level": 0
    },
    {
        "type": "category",
        "title": "Câu 2 (trang 35 Công nghệ 10): Nêu tính chất chính ...",
        "url": "giai-bai-tap-cong-nghe-10_cau-2-trang-35-cong-nghe-10",
        "level": 0
    },
    {
        "type": "category",
        "title": "Câu 3 (trang 35 Công nghệ 10): Nêu những biện pháp ...",
        "url": "giai-bai-tap-cong-nghe-10_cau-3-trang-35-cong-nghe-10",
        "level": 0
    }
]