[
    {
        "type": "category",
        "title": "Trả lời câu hỏi Bài 29 trang 84 Công nghệ 10: Em hãy quan sát sơ đồ ...",
        "url": "giai-bai-tap-cong-nghe-10_tra-loi-cau-hoi-cong-nghe-10-bai-29-trang-84",
        "level": 0
    },
    {
        "type": "category",
        "title": "Trả lời câu hỏi Bài 29 trang 85 Công nghệ 10: Về mùa đông, mùa khô ...",
        "url": "giai-bai-tap-cong-nghe-10_tra-loi-cau-hoi-cong-nghe-10-bai-29-trang-85",
        "level": 0
    },
    {
        "type": "category",
        "title": "Câu 1 (trang 86 Công nghệ 10): Hãy kể tên và nêu những đặc điểm ...",
        "url": "giai-bai-tap-cong-nghe-10_cau-1-trang-86-cong-nghe-10",
        "level": 0
    },
    {
        "type": "category",
        "title": "Câu 2 (trang 86 Công nghệ 10): Thế nào là thức ăn ...",
        "url": "giai-bai-tap-cong-nghe-10_cau-2-trang-86-cong-nghe-10",
        "level": 0
    },
    {
        "type": "category",
        "title": "Câu 3 (trang 86 Công nghệ 10): Trình bày quy trình ...",
        "url": "giai-bai-tap-cong-nghe-10_cau-3-trang-86-cong-nghe-10",
        "level": 0
    }
]