[
    {
        "type": "category",
        "title": "Trả lời câu hỏi Bài 35 trang 103 Công nghệ 10: Em hãy quan sát sơ đồ ...",
        "url": "giai-bai-tap-cong-nghe-10_tra-loi-cau-hoi-cong-nghe-10-bai-35-trang-103",
        "level": 0
    },
    {
        "type": "category",
        "title": "Trả lời câu hỏi Bài 35 trang 104 Công nghệ 10: Theo em, cần phải làm gì ...",
        "url": "giai-bai-tap-cong-nghe-10_tra-loi-cau-hoi-cong-nghe-10-bai-35-trang-104",
        "level": 0
    },
    {
        "type": "category",
        "title": "Câu 1 (trang 104 Công nghệ 10): Kể lại các loại mầm bệnh ...",
        "url": "giai-bai-tap-cong-nghe-10_cau-1-trang-104-cong-nghe-10",
        "level": 0
    },
    {
        "type": "category",
        "title": "Câu 2 (trang 104 Công nghệ 10): Môi trường có ảnh hưởng ...",
        "url": "giai-bai-tap-cong-nghe-10_cau-2-trang-104-cong-nghe-10",
        "level": 0
    },
    {
        "type": "category",
        "title": "Câu 3 (trang 104 Công nghệ 10): Làm thế nào để nâng cao ...",
        "url": "giai-bai-tap-cong-nghe-10_cau-3-trang-104-cong-nghe-10",
        "level": 0
    },
    {
        "type": "category",
        "title": "Câu 4 (trang 104 Công nghệ 10): Trường hợp nào bệnh có thể ...",
        "url": "giai-bai-tap-cong-nghe-10_cau-4-trang-104-cong-nghe-10",
        "level": 0
    }
]