[
    {
        "type": "category",
        "title": "Câu 1 (trang 115 Công nghệ 10): Em hãy trình bày cơ sở khoa học ...",
        "url": "giai-bai-tap-cong-nghe-10_cau-1-trang-115-cong-nghe-10",
        "level": 0
    },
    {
        "type": "category",
        "title": "Câu 2 (trang 115 Công nghệ 10): Vac xin được sản xuất bằng ...",
        "url": "giai-bai-tap-cong-nghe-10_cau-2-trang-115-cong-nghe-10",
        "level": 0
    },
    {
        "type": "category",
        "title": "Câu 3 (trang 115 Công nghệ 10): Ứng dụng công nghệ gen ...",
        "url": "giai-bai-tap-cong-nghe-10_cau-3-trang-115-cong-nghe-10",
        "level": 0
    }
]