[
    {
        "type": "category",
        "title": "Câu 1 (trang 62 Công nghệ 10): Thế nào là chế phẩm ...",
        "url": "giai-bai-tap-cong-nghe-10_cau-1-trang-62-cong-nghe-10",
        "level": 0
    },
    {
        "type": "category",
        "title": "Câu 2 (trang 62 Công nghệ 10): Thế nào là chế phẩm ...",
        "url": "giai-bai-tap-cong-nghe-10_cau-2-trang-62-cong-nghe-10",
        "level": 0
    },
    {
        "type": "category",
        "title": "Câu 3 (trang 62 Công nghệ 10): Thế nào là chế phẩm ...",
        "url": "giai-bai-tap-cong-nghe-10_cau-3-trang-62-cong-nghe-10",
        "level": 0
    }
]