[
    {
        "type": "category",
        "title": "Câu 1 (trang 117 Công nghệ 10): Thế nào là sự sinh trường ...",
        "url": "giai-bai-tap-cong-nghe-10_cau-1-trang-117-cong-nghe-10",
        "level": 0
    },
    {
        "type": "category",
        "title": "Câu 2 (trang 117 Công nghệ 10): Người ta căn cứ vào những ...",
        "url": "giai-bai-tap-cong-nghe-10_cau-2-trang-117-cong-nghe-10",
        "level": 0
    },
    {
        "type": "category",
        "title": "Câu 3 (trang 117 Công nghệ 10): Phân biệt hai phương pháp ...",
        "url": "giai-bai-tap-cong-nghe-10_cau-3-trang-117-cong-nghe-10",
        "level": 0
    },
    {
        "type": "category",
        "title": "Câu 4 (trang 117 Công nghệ 10): Trình bày cách tổ chức ...",
        "url": "giai-bai-tap-cong-nghe-10_cau-4-trang-117-cong-nghe-10",
        "level": 0
    },
    {
        "type": "category",
        "title": "Câu 5 (trang 117 Công nghệ 10): Nêu mục đích, cơ sở khoa học ...",
        "url": "giai-bai-tap-cong-nghe-10_cau-5-trang-117-cong-nghe-10",
        "level": 0
    },
    {
        "type": "category",
        "title": "Câu 6 (trang 117 Công nghệ 10): Muốn vật nuôi sinh trưởng tốt ...",
        "url": "giai-bai-tap-cong-nghe-10_cau-6-trang-117-cong-nghe-10",
        "level": 0
    },
    {
        "type": "category",
        "title": "Câu 7 (trang 117 Công nghệ 10): Kể tên các loại thức ăn thường dùng ...",
        "url": "giai-bai-tap-cong-nghe-10_cau-7-trang-117-cong-nghe-10",
        "level": 0
    },
    {
        "type": "category",
        "title": "Câu 8 (trang 117 Công nghệ 10): Kể tên các loại thức ăn ...",
        "url": "giai-bai-tap-cong-nghe-10_cau-8-trang-117-cong-nghe-10",
        "level": 0
    },
    {
        "type": "category",
        "title": "Câu 9 (trang 117 Công nghệ 10): Cơ sở khoa học của việc ứng dụng ...",
        "url": "giai-bai-tap-cong-nghe-10_cau-9-trang-117-cong-nghe-10",
        "level": 0
    },
    {
        "type": "category",
        "title": "Câu 10 (trang 117 Công nghệ 10): Chuồng trại của vật nuôi ...",
        "url": "giai-bai-tap-cong-nghe-10_cau-10-trang-117-cong-nghe-10",
        "level": 0
    },
    {
        "type": "category",
        "title": "Câu 11 (trang 117 Công nghệ 10): Hãy nêu những yêu cầu kĩ thuật ...",
        "url": "giai-bai-tap-cong-nghe-10_cau-11-trang-117-cong-nghe-10",
        "level": 0
    },
    {
        "type": "category",
        "title": "Câu 12 (trang 117 Công nghệ 10): Trình bày các điều kiện ...",
        "url": "giai-bai-tap-cong-nghe-10_cau-12-trang-117-cong-nghe-10",
        "level": 0
    },
    {
        "type": "category",
        "title": "Câu 13 (trang 117 Công nghệ 10): Phân biệt vai trò của vacxin ...",
        "url": "giai-bai-tap-cong-nghe-10_cau-13-trang-117-cong-nghe-10",
        "level": 0
    },
    {
        "type": "category",
        "title": "Câu 14 (trang 117 Công nghệ 10): Trình bày mục đích và cơ sở ...",
        "url": "giai-bai-tap-cong-nghe-10_cau-14-trang-117-cong-nghe-10",
        "level": 0
    }
]