[
    {
        "type": "category",
        "title": "Câu 1 (trang 126 Công nghệ 10): Nêu mục đích của công tác ...",
        "url": "giai-bai-tap-cong-nghe-10_cau-1-trang-126-cong-nghe-10",
        "level": 0
    },
    {
        "type": "category",
        "title": "Câu 2 (trang 126 Công nghệ 10): Hãy cho biết một số ...",
        "url": "giai-bai-tap-cong-nghe-10_cau-2-trang-126-cong-nghe-10",
        "level": 0
    },
    {
        "type": "category",
        "title": "Câu 3 (trang 126 Công nghệ 10): Hãy cho biết các chỉ tiêu ...",
        "url": "giai-bai-tap-cong-nghe-10_cau-3-trang-126-cong-nghe-10",
        "level": 0
    }
]