[
    {
        "type": "category",
        "title": "Câu 1 (trang 121 Công nghệ 10): Hãy nêu rõ mục đích, ý nghĩa ...",
        "url": "giai-bai-tap-cong-nghe-10_cau-1-trang-121-cong-nghe-10",
        "level": 0
    },
    {
        "type": "category",
        "title": "Câu 2 (trang 121 Công nghệ 10): Trong bảo quản cần chú ý ...",
        "url": "giai-bai-tap-cong-nghe-10_cau-2-trang-121-cong-nghe-10",
        "level": 0
    },
    {
        "type": "category",
        "title": "Câu 3 (trang 121 Công nghệ 10): Những yếu tố nào của môi trường ...",
        "url": "giai-bai-tap-cong-nghe-10_cau-3-trang-121-cong-nghe-10",
        "level": 0
    }
]