[
    {
        "type": "category",
        "title": "Câu 1 (trang 142 Công nghệ 10): Hãy nêu một số phương pháp ...",
        "url": "giai-bai-tap-cong-nghe-10_cau-1-trang-142-cong-nghe-10",
        "level": 0
    },
    {
        "type": "category",
        "title": "Câu 2 (trang 142 Công nghệ 10): Hãy nêu một số phương pháp ...",
        "url": "giai-bai-tap-cong-nghe-10_cau-2-trang-142-cong-nghe-10",
        "level": 0
    },
    {
        "type": "category",
        "title": "Câu 3 (trang 142 Công nghệ 10): Hãy mô tả quy trình công nghệ ...",
        "url": "giai-bai-tap-cong-nghe-10_cau-3-trang-142-cong-nghe-10",
        "level": 0
    }
]