[
    {
        "type": "category",
        "title": "Trả lời câu hỏi Bài 9 trang 28 Công nghệ 10: Hãy cho biết tác dụng ...",
        "url": "giai-bai-tap-cong-nghe-10_tra-loi-cau-hoi-cong-nghe-10-bai-9-trang-28",
        "level": 0
    },
    {
        "type": "category",
        "title": "Trả lời câu hỏi Bài 9 trang 29 Công nghệ 10: Từ các nguyên nhân ...",
        "url": "giai-bai-tap-cong-nghe-10_tra-loi-cau-hoi-cong-nghe-10-bai-9-trang-29",
        "level": 0
    },
    {
        "type": "category",
        "title": "Trả lời câu hỏi Bài 9 trang 30 Công nghệ 10: Em hãy nêu tác dụng ...",
        "url": "giai-bai-tap-cong-nghe-10_tra-loi-cau-hoi-cong-nghe-10-bai-9-trang-30",
        "level": 0
    },
    {
        "type": "category",
        "title": "Câu 1 (trang 30 Công nghệ 10): Nêu nguyên nhân hình thành ...",
        "url": "giai-bai-tap-cong-nghe-10_cau-1-trang-30-cong-nghe-10",
        "level": 0
    },
    {
        "type": "category",
        "title": "Câu 2 (trang 30 Công nghệ 10): Nêu những tính chất ...",
        "url": "giai-bai-tap-cong-nghe-10_cau-2-trang-30-cong-nghe-10",
        "level": 0
    },
    {
        "type": "category",
        "title": "Câu 3 (trang 30 Công nghệ 10): Để cải tạo đất xám bạc ...",
        "url": "giai-bai-tap-cong-nghe-10_cau-3-trang-30-cong-nghe-10",
        "level": 0
    },
    {
        "type": "category",
        "title": "Câu 4 (trang 30 Công nghệ 10): Thế nào là xói mòn đất ...",
        "url": "giai-bai-tap-cong-nghe-10_cau-4-trang-30-cong-nghe-10",
        "level": 0
    },
    {
        "type": "category",
        "title": "Câu 5 (trang 30 Công nghệ 10): Nêu nguyên nhân ...",
        "url": "giai-bai-tap-cong-nghe-10_cau-5-trang-30-cong-nghe-10",
        "level": 0
    },
    {
        "type": "category",
        "title": "Câu 6 (trang 30 Công nghệ 10): Nêu những biện pháp ...",
        "url": "giai-bai-tap-cong-nghe-10_cau-6-trang-30-cong-nghe-10",
        "level": 0
    }
]