[
    {
        "type": "category",
        "title": "Câu 1 (trang 17 Công nghệ 10): Mục đích của công tác ...",
        "url": "giai-bai-tap-cong-nghe-10_cau-1-trang-17-cong-nghe-10",
        "level": 0
    },
    {
        "type": "category",
        "title": "Câu 2 (trang 17 Công nghệ 10): Hệ thống sản xuất giống ...",
        "url": "giai-bai-tap-cong-nghe-10_cau-2-trang-17-cong-nghe-10",
        "level": 0
    },
    {
        "type": "category",
        "title": "Câu 3 (trang 17 Công nghệ 10): Trình bày quy trình sản xuất ...",
        "url": "giai-bai-tap-cong-nghe-10_cau-3-trang-17-cong-nghe-10",
        "level": 0
    },
    {
        "type": "category",
        "title": "Câu 4 (trang 17 Công nghệ 10): Trình bày quy trình sản xuất ...",
        "url": "giai-bai-tap-cong-nghe-10_cau-4-trang-17-cong-nghe-10",
        "level": 0
    },
    {
        "type": "category",
        "title": "Câu 5 (trang 17 Công nghệ 10): So sánh sự giống và khác ...",
        "url": "giai-bai-tap-cong-nghe-10_cau-5-trang-17-cong-nghe-10",
        "level": 0
    },
    {
        "type": "category",
        "title": "Câu 6 (trang 17 Công nghệ 10): Nêu đặc điểm của công tác ...",
        "url": "giai-bai-tap-cong-nghe-10_cau-6-trang-17-cong-nghe-10",
        "level": 0
    }
]