[
    {
        "type": "category",
        "title": "Trả lời câu hỏi Bài 27 trang 80 Công nghệ 10: Quan sát hình 27.1 và cho biết ...",
        "url": "giai-bai-tap-cong-nghe-10_tra-loi-cau-hoi-cong-nghe-10-bai-27-trang-80",
        "level": 0
    },
    {
        "type": "category",
        "title": "Câu 1 (trang 80 Công nghệ 10): Công nghệ cấy truyền ...",
        "url": "giai-bai-tap-cong-nghe-10_cau-1-trang-80-cong-nghe-10",
        "level": 0
    },
    {
        "type": "category",
        "title": "Câu 2 (trang 80 Công nghệ 10): Hãy nêu trình tự ...",
        "url": "giai-bai-tap-cong-nghe-10_cau-2-trang-80-cong-nghe-10",
        "level": 0
    }
]