[
    {
        "type": "category",
        "title": "Câu 1 (trang 43 Công nghệ 10): Thế nào là ứng dụng công nghệ  ...",
        "url": "giai-bai-tap-cong-nghe-10_cau-1-trang-43-cong-nghe-10",
        "level": 0
    },
    {
        "type": "category",
        "title": "Câu 2 (trang 43 Công nghệ 10): Nêu đặc điểm và cách sử dụng ...",
        "url": "giai-bai-tap-cong-nghe-10_cau-2-trang-43-cong-nghe-10",
        "level": 0
    },
    {
        "type": "category",
        "title": "Câu 3 (trang 43 Công nghệ 10): Nêu đặc điểm và cách sử dụng ...",
        "url": "giai-bai-tap-cong-nghe-10_cau-3-trang-43-cong-nghe-10",
        "level": 0
    },
    {
        "type": "category",
        "title": "Câu 4 (trang 43 Công nghệ 10): Nêu ý nghĩa thực tế ...",
        "url": "giai-bai-tap-cong-nghe-10_cau-4-trang-43-cong-nghe-10",
        "level": 0
    }
]