[
    {
        "type": "category",
        "title": "Trả lời câu hỏi Bài 37 trang 110 Công nghệ 10: Em hãy cho biết có được ...",
        "url": "giai-bai-tap-cong-nghe-10_tra-loi-cau-hoi-cong-nghe-10-bai-37-trang-110",
        "level": 0
    },
    {
        "type": "category",
        "title": "Trả lời câu hỏi Bài 37 trang 111 Công nghệ 10: Em hãy so sánh đặc điểm ...",
        "url": "giai-bai-tap-cong-nghe-10_tra-loi-cau-hoi-cong-nghe-10-bai-37-trang-111",
        "level": 0
    },
    {
        "type": "category",
        "title": "Câu 1 (trang 112 Công nghệ 10): Em hãy phân biệt sự khác nhau ...",
        "url": "giai-bai-tap-cong-nghe-10_cau-1-trang-112-cong-nghe-10",
        "level": 0
    },
    {
        "type": "category",
        "title": "Câu 2 (trang 112 Công nghệ 10): Kháng sinh được sử dụng ...",
        "url": "giai-bai-tap-cong-nghe-10_cau-2-trang-112-cong-nghe-10",
        "level": 0
    },
    {
        "type": "category",
        "title": "Câu 3 (trang 112 Công nghệ 10): Hãy kể tên một số ...",
        "url": "giai-bai-tap-cong-nghe-10_cau-3-trang-112-cong-nghe-10",
        "level": 0
    }
]