[
    {
        "type": "category",
        "title": "Trả lời câu hỏi Bài 17 trang 54 Công nghệ 10: Vì sao phải phòng trừ ...",
        "url": "giai-bai-tap-cong-nghe-10_tra-loi-cau-hoi-cong-nghe-10-bai-17-trang-54",
        "level": 0
    },
    {
        "type": "category",
        "title": "Trả lời câu hỏi Bài 17 trang 55 Công nghệ 10: Em hãy cho biết tác dụng ...",
        "url": "giai-bai-tap-cong-nghe-10_tra-loi-cau-hoi-cong-nghe-10-bai-17-trang-55",
        "level": 0
    },
    {
        "type": "category",
        "title": "Câu 1 (trang 56 Công nghệ 10): Thế nào là phòng trừ tổng hợp ...",
        "url": "giai-bai-tap-cong-nghe-10_cau-1-trang-56-cong-nghe-10",
        "level": 0
    },
    {
        "type": "category",
        "title": "Câu 2 (trang 56 Công nghệ 10): Nêu nguyên lí cơ bản ...",
        "url": "giai-bai-tap-cong-nghe-10_cau-2-trang-56-cong-nghe-10",
        "level": 0
    },
    {
        "type": "category",
        "title": "Câu 3 (trang 56 Công nghệ 10): Nêu những biện pháp ...",
        "url": "giai-bai-tap-cong-nghe-10_cau-3-trang-56-cong-nghe-10",
        "level": 0
    },
    {
        "type": "category",
        "title": "Câu 4 (trang 56 Công nghệ 10): Phòng trừ tổng hợp ...",
        "url": "giai-bai-tap-cong-nghe-10_cau-4-trang-56-cong-nghe-10",
        "level": 0
    },
    {
        "type": "category",
        "title": "Câu 5 (trang 56 Công nghệ 10): Em hãy kể tên một số ...",
        "url": "giai-bai-tap-cong-nghe-10_cau-5-trang-56-cong-nghe-10",
        "level": 0
    }
]