[
    {
        "type": "category",
        "title": "Câu 1 (trang 173 Công nghệ 10): Xây dựng phương án ...",
        "url": "giai-bai-tap-cong-nghe-10_cau-1-trang-173-cong-nghe-10",
        "level": 0
    },
    {
        "type": "category",
        "title": "Câu 2 (trang 173 Công nghệ 10): Nghiên cứu thị trường ...",
        "url": "giai-bai-tap-cong-nghe-10_cau-2-trang-173-cong-nghe-10",
        "level": 0
    },
    {
        "type": "category",
        "title": "Câu 3 (trang 173 Công nghệ 10): Trình bày nội dung ...",
        "url": "giai-bai-tap-cong-nghe-10_cau-3-trang-173-cong-nghe-10",
        "level": 0
    }
]