[
    {
        "type": "category",
        "title": "Trả lời câu hỏi Bài 34 trang 100 Công nghệ 10: Em hãy cho biết ...",
        "url": "giai-bai-tap-cong-nghe-10_tra-loi-cau-hoi-cong-nghe-10-bai-34-trang-100",
        "level": 0
    },
    {
        "type": "category",
        "title": "Câu 1 (trang 102 Công nghệ 10): Chuồng trại của vật nuôi ...",
        "url": "giai-bai-tap-cong-nghe-10_cau-1-trang-102-cong-nghe-10",
        "level": 0
    },
    {
        "type": "category",
        "title": "Câu 2 (trang 102 Công nghệ 10): Vì sao phải xử lí ...",
        "url": "giai-bai-tap-cong-nghe-10_cau-2-trang-102-cong-nghe-10",
        "level": 0
    },
    {
        "type": "category",
        "title": "Câu 3 (trang 102 Công nghệ 10): Nêu các tiêu chuẩn của ao ...",
        "url": "giai-bai-tap-cong-nghe-10_cau-3-trang-102-cong-nghe-10",
        "level": 0
    }
]