[
    {
        "type": "category",
        "title": "Trả lời câu hỏi Bài 3 trang 13 Công nghệ 10: Tại sao hạt giống siêu ...",
        "url": "giai-bai-tap-cong-nghe-10_tra-loi-cau-hoi-cong-nghe-10-bai-3-trang-13",
        "level": 0
    },
    {
        "type": "category",
        "title": "Trả lời câu hỏi Bài 3 trang 14 Công nghệ 10: Dựa vào sơ đồ trong hình ...",
        "url": "giai-bai-tap-cong-nghe-10_tra-loi-cau-hoi-cong-nghe-10-bai-3-trang-14",
        "level": 0
    }
]