[
    {
        "type": "category",
        "title": "Câu 1 (trang 169 Công nghệ 10): Hãy nêu những căn cứ ...",
        "url": "giai-bai-tap-cong-nghe-10_cau-1-trang-169-cong-nghe-10",
        "level": 0
    },
    {
        "type": "category",
        "title": "Câu 2 (trang 169 Công nghệ 10): Trình bày nội dung ...",
        "url": "giai-bai-tap-cong-nghe-10_cau-2-trang-169-cong-nghe-10",
        "level": 0
    },
    {
        "type": "category",
        "title": "Câu 3 (trang 169 Công nghệ 10): Nêu phương pháp xác định ...",
        "url": "giai-bai-tap-cong-nghe-10_cau-3-trang-169-cong-nghe-10",
        "level": 0
    },
    {
        "type": "category",
        "title": "Câu 4 (trang 169 Công nghệ 10): Nêu cách xác định ...",
        "url": "giai-bai-tap-cong-nghe-10_cau-4-trang-169-cong-nghe-10",
        "level": 0
    }
]