[
    {
        "type": "category",
        "title": "Câu 1 (trang 157 Công nghệ 10): Kinh doanh hộ gia đình ...",
        "url": "giai-bai-tap-cong-nghe-10_cau-1-trang-157-cong-nghe-10",
        "level": 0
    },
    {
        "type": "category",
        "title": "Câu 2 (trang 157 Công nghệ 10): Nêu những điều cơ bản ...",
        "url": "giai-bai-tap-cong-nghe-10_cau-2-trang-157-cong-nghe-10",
        "level": 0
    },
    {
        "type": "category",
        "title": "Câu 3 (trang 157 Công nghệ 10): Nêu những đặc điểm ...",
        "url": "giai-bai-tap-cong-nghe-10_cau-3-trang-157-cong-nghe-10",
        "level": 0
    },
    {
        "type": "category",
        "title": "Câu 4 (trang 157 Công nghệ 10): Doanh nghiệp nhỏ có những ...",
        "url": "giai-bai-tap-cong-nghe-10_cau-4-trang-157-cong-nghe-10",
        "level": 0
    },
    {
        "type": "category",
        "title": "Câu 5 (trang 157 Công nghệ 10): Em hãy kể tên những  ...",
        "url": "giai-bai-tap-cong-nghe-10_cau-5-trang-157-cong-nghe-10",
        "level": 0
    }
]