[
    {
        "type": "category",
        "title": "Trả lời câu hỏi Bài 31 trang 90 Công nghệ 10: Em hãy quan sát sơ đồ ...",
        "url": "giai-bai-tap-cong-nghe-10_tra-loi-cau-hoi-cong-nghe-10-bai-31-trang-90",
        "level": 0
    },
    {
        "type": "category",
        "title": "Trả lời câu hỏi Bài 31 trang 91 Công nghệ 10: Theo em, cá có ăn được phân đạm ...",
        "url": "giai-bai-tap-cong-nghe-10_tra-loi-cau-hoi-cong-nghe-10-bai-31-trang-91",
        "level": 0
    },
    {
        "type": "category",
        "title": "Câu 1 (trang 92 Công nghệ 10): Trình bày cơ sở và các biện ...",
        "url": "giai-bai-tap-cong-nghe-10_cau-1-trang-92-cong-nghe-10",
        "level": 0
    },
    {
        "type": "category",
        "title": "Câu 2 (trang 92 Công nghệ 10): Kể tên và nêu các biện pháp ...",
        "url": "giai-bai-tap-cong-nghe-10_cau-2-trang-92-cong-nghe-10",
        "level": 0
    },
    {
        "type": "category",
        "title": "Câu 3 (trang 92 Công nghệ 10): Trình bày quy trình  ...",
        "url": "giai-bai-tap-cong-nghe-10_cau-3-trang-92-cong-nghe-10",
        "level": 0
    }
]