[
    {
        "type": "category",
        "title": "Trả lời câu hỏi Bài 1 trang 5 Công nghệ 10: Dựa vào biểu đồ em ...",
        "url": "giai-bai-tap-cong-nghe-10_tra-loi-cau-hoi-cong-nghe-10-bai-1-trang-5",
        "level": 0
    },
    {
        "type": "category",
        "title": "Trả lời câu hỏi Bài 1 trang 6 Công nghệ 10: Em hãy nêu một số ...",
        "url": "giai-bai-tap-cong-nghe-10_tra-loi-cau-hoi-cong-nghe-10-bai-1-trang-6",
        "level": 0
    },
    {
        "type": "category",
        "title": "Trả lời câu hỏi Bài 1 trang 7 Công nghệ 10: Em hãy so sánh tốc độ ...",
        "url": "giai-bai-tap-cong-nghe-10_tra-loi-cau-hoi-cong-nghe-10-bai-1-trang-7",
        "level": 0
    },
    {
        "type": "category",
        "title": "Câu 1 (trang 8 Công nghệ 10): Em hãy nêu vai trò ...",
        "url": "giai-bai-tap-cong-nghe-10_cau-1-trang-8-cong-nghe-10",
        "level": 0
    },
    {
        "type": "category",
        "title": "Câu 2 (trang 8 Công nghệ 10): Nêu những thành tựu ...",
        "url": "giai-bai-tap-cong-nghe-10_cau-2-trang-8-cong-nghe-10",
        "level": 0
    },
    {
        "type": "category",
        "title": "Câu 3 (trang 8 Công nghệ 10): Nêu những nhiệm vụ chính ...",
        "url": "giai-bai-tap-cong-nghe-10_cau-3-trang-8-cong-nghe-10",
        "level": 0
    }
]