[
    {
        "type": "category",
        "title": "Trả lời câu hỏi Bài 22 trang 65 Công nghệ 10: Dựa vào sơ đồ ...",
        "url": "giai-bai-tap-cong-nghe-10_tra-loi-cau-hoi-cong-nghe-10-bai-22-trang-65",
        "level": 0
    },
    {
        "type": "category",
        "title": "Trả lời câu hỏi Bài 22 trang 66 Công nghệ 10: Em hãy cho biết vì sao ...",
        "url": "giai-bai-tap-cong-nghe-10_tra-loi-cau-hoi-cong-nghe-10-bai-22-trang-66",
        "level": 0
    },
    {
        "type": "category",
        "title": "Trả lời câu hỏi Bài 22 trang 67 Công nghệ 10: Em hãy quan sát sơ đồ ...",
        "url": "giai-bai-tap-cong-nghe-10_tra-loi-cau-hoi-cong-nghe-10-bai-22-trang-67",
        "level": 0
    },
    {
        "type": "category",
        "title": "Câu 1 (trang 67 Công nghệ 10): Thế nào là sự sinh trưởng ...",
        "url": "giai-bai-tap-cong-nghe-10_cau-1-trang-67-cong-nghe-10",
        "level": 0
    },
    {
        "type": "category",
        "title": "Câu 2 (trang 67 Công nghệ 10): Sự sinh trưởng, phát dục ...",
        "url": "giai-bai-tap-cong-nghe-10_cau-2-trang-67-cong-nghe-10",
        "level": 0
    },
    {
        "type": "category",
        "title": "Câu 3 (trang 67 Công nghệ 10): Vì sao phải biết các quy luật ...",
        "url": "giai-bai-tap-cong-nghe-10_cau-3-trang-67-cong-nghe-10",
        "level": 0
    },
    {
        "type": "category",
        "title": "Câu 4 (trang 67 Công nghệ 10): Những yếu tố nào ảnh hưởng ...",
        "url": "giai-bai-tap-cong-nghe-10_cau-4-trang-67-cong-nghe-10",
        "level": 0
    }
]