[
    {
        "type": "category",
        "title": "Câu 1 (trang 64 Công nghệ 10): Vì sao phải khảo nghiệm ...",
        "url": "giai-bai-tap-cong-nghe-10_cau-1-trang-64-cong-nghe-10",
        "level": 0
    },
    {
        "type": "category",
        "title": "Câu 2 (trang 64 Công nghệ 10): Vẽ và giải thích sơ đồ  ...",
        "url": "giai-bai-tap-cong-nghe-10_cau-2-trang-64-cong-nghe-10",
        "level": 0
    },
    {
        "type": "category",
        "title": "Câu 3 (trang 64 Công nghệ 10): Nêu những ứng dụng công nghệ ...",
        "url": "giai-bai-tap-cong-nghe-10_cau-3-trang-64-cong-nghe-10",
        "level": 0
    },
    {
        "type": "category",
        "title": "Câu 4 (trang 64 Công nghệ 10): Nêu định nghĩa và cấu tạo ...",
        "url": "giai-bai-tap-cong-nghe-10_cau-4-trang-64-cong-nghe-10",
        "level": 0
    },
    {
        "type": "category",
        "title": "Câu 5 (trang 64 Công nghệ 10): Thế nào phản ứng ...",
        "url": "giai-bai-tap-cong-nghe-10_cau-5-trang-64-cong-nghe-10",
        "level": 0
    },
    {
        "type": "category",
        "title": "Câu 6 (trang 64 Công nghệ 10): Thế nào là độ phì nhiêu ...",
        "url": "giai-bai-tap-cong-nghe-10_cau-6-trang-64-cong-nghe-10",
        "level": 0
    },
    {
        "type": "category",
        "title": "Câu 7 (trang 64 Công nghệ 10): Trình bày sự hình thành ...",
        "url": "giai-bai-tap-cong-nghe-10_cau-7-trang-64-cong-nghe-10",
        "level": 0
    },
    {
        "type": "category",
        "title": "Câu 8 (trang 64 Công nghệ 10): Nêu đặc điểm và kĩ thuật ...",
        "url": "giai-bai-tap-cong-nghe-10_cau-8-trang-64-cong-nghe-10",
        "level": 0
    },
    {
        "type": "category",
        "title": "Câu 9 (trang 64 Công nghệ 10): Nêu những ứng dụng ...",
        "url": "giai-bai-tap-cong-nghe-10_cau-9-trang-64-cong-nghe-10",
        "level": 0
    },
    {
        "type": "category",
        "title": "Câu 10 (trang 64 Công nghệ 10): Trình bày điều kiện phát sinh ...",
        "url": "giai-bai-tap-cong-nghe-10_cau-10-trang-64-cong-nghe-10",
        "level": 0
    },
    {
        "type": "category",
        "title": "Câu 11 (trang 64 Công nghệ 10): Thế nào là phòng trừ ...",
        "url": "giai-bai-tap-cong-nghe-10_cau-11-trang-64-cong-nghe-10",
        "level": 0
    },
    {
        "type": "category",
        "title": "Câu 12 (trang 64 Công nghệ 10): Nêu ảnh hưởng xấu ...",
        "url": "giai-bai-tap-cong-nghe-10_cau-12-trang-64-cong-nghe-10",
        "level": 0
    },
    {
        "type": "category",
        "title": "Câu 13 (trang 64 Công nghệ 10): Nêu cơ sở khoa học ...",
        "url": "giai-bai-tap-cong-nghe-10_cau-13-trang-64-cong-nghe-10",
        "level": 0
    }
]