[
    {
        "type": "category",
        "title": "Trả lời câu hỏi Bài 23 trang 68 Công nghệ 10: Em hãy quan sát hình 23 ...",
        "url": "giai-bai-tap-cong-nghe-10_tra-loi-cau-hoi-cong-nghe-10-bai-23-trang-68",
        "level": 0
    },
    {
        "type": "category",
        "title": "Câu 1 (trang 70 Công nghệ 10): Trình bày những chỉ tiêu ...",
        "url": "giai-bai-tap-cong-nghe-10_cau-1-trang-70-cong-nghe-10",
        "level": 0
    },
    {
        "type": "category",
        "title": "Câu 2 (trang 70 Công nghệ 10): Trình bày phương pháp chọn lọc ...",
        "url": "giai-bai-tap-cong-nghe-10_cau-2-trang-70-cong-nghe-10",
        "level": 0
    },
    {
        "type": "category",
        "title": "Câu 3 (trang 70 Công nghệ 10): Trình bày phương pháp ...",
        "url": "giai-bai-tap-cong-nghe-10_cau-3-trang-70-cong-nghe-10",
        "level": 0
    }
]