[
    {
        "type": "category",
        "title": "Câu 1 (trang 152 Công nghệ 10): Em hãy cho biết kinh doanh ...",
        "url": "giai-bai-tap-cong-nghe-10_cau-1-trang-152-cong-nghe-10",
        "level": 0
    },
    {
        "type": "category",
        "title": "Câu 2 (trang 152 Công nghệ 10): Thế nào là cơ hội ...",
        "url": "giai-bai-tap-cong-nghe-10_cau-2-trang-152-cong-nghe-10",
        "level": 0
    },
    {
        "type": "category",
        "title": "Câu 3 (trang 152 Công nghệ 10): Thị trường là gì ...",
        "url": "giai-bai-tap-cong-nghe-10_cau-3-trang-152-cong-nghe-10",
        "level": 0
    },
    {
        "type": "category",
        "title": "Câu 4 (trang 152 Công nghệ 10): Doanh nghiệp là gì ...",
        "url": "giai-bai-tap-cong-nghe-10_cau-4-trang-152-cong-nghe-10",
        "level": 0
    },
    {
        "type": "category",
        "title": "Câu 5 (trang 152 Công nghệ 10): Công ti là gì ...",
        "url": "giai-bai-tap-cong-nghe-10_cau-5-trang-152-cong-nghe-10",
        "level": 0
    }
]