[
    {
        "type": "category",
        "title": "Câu 1 (trang 60 Công nghệ 10): Nêu ảnh hưởng xấu ...",
        "url": "giai-bai-tap-cong-nghe-10_cau-1-trang-60-cong-nghe-10",
        "level": 0
    },
    {
        "type": "category",
        "title": "Câu 2 (trang 60 Công nghệ 10): Nêu ảnh hưởng xấu ...",
        "url": "giai-bai-tap-cong-nghe-10_cau-2-trang-60-cong-nghe-10",
        "level": 0
    },
    {
        "type": "category",
        "title": "Câu 3 (trang 60 Công nghệ 10): Trình bày những biện pháp ...",
        "url": "giai-bai-tap-cong-nghe-10_cau-3-trang-60-cong-nghe-10",
        "level": 0
    }
]