[
    {
        "type": "category",
        "title": "Trả lời câu hỏi Bài 26 trang 78 Công nghệ 10: Em hãy nghiên cứu hai sơ đồ ...",
        "url": "giai-bai-tap-cong-nghe-10_tra-loi-cau-hoi-cong-nghe-10-bai-26-trang-78",
        "level": 0
    },
    {
        "type": "category",
        "title": "Câu 1 (trang 78 Công nghệ 10): Em hãy trình bày cách tổ chức ...",
        "url": "giai-bai-tap-cong-nghe-10_cau-1-trang-78-cong-nghe-10",
        "level": 0
    },
    {
        "type": "category",
        "title": "Câu 2 (trang 78 Công nghệ 10): Trình bày các công đoạn ...",
        "url": "giai-bai-tap-cong-nghe-10_cau-2-trang-78-cong-nghe-10",
        "level": 0
    },
    {
        "type": "category",
        "title": "Câu 3 (trang 78 Công nghệ 10): Trình bày các công đoạn ...",
        "url": "giai-bai-tap-cong-nghe-10_cau-3-trang-78-cong-nghe-10",
        "level": 0
    }
]