[
    {
        "type": "category",
        "title": "Trả lời câu hỏi Bài 7 trang 23 Công nghệ 10: Em hãy nêu một số ...",
        "url": "giai-bai-tap-cong-nghe-10_tra-loi-cau-hoi-cong-nghe-10-bai-7-trang-23",
        "level": 0
    },
    {
        "type": "category",
        "title": "Trả lời câu hỏi Bài 7 trang 24 Công nghệ 10: Từ khái niệm độ phì ...",
        "url": "giai-bai-tap-cong-nghe-10_tra-loi-cau-hoi-cong-nghe-10-bai-7-trang-24",
        "level": 0
    },
    {
        "type": "category",
        "title": "Câu 1 (trang 24 Công nghệ 10): Thế nào là keo đất ...",
        "url": "giai-bai-tap-cong-nghe-10_cau-1-trang-24-cong-nghe-10",
        "level": 0
    },
    {
        "type": "category",
        "title": "Câu 2 (trang 24 Công nghệ 10): Thế nào là khả năng  ...",
        "url": "giai-bai-tap-cong-nghe-10_cau-2-trang-24-cong-nghe-10",
        "level": 0
    },
    {
        "type": "category",
        "title": "Câu 3 (trang 24 Công nghệ 10): Thế nào là phản ứng ...",
        "url": "giai-bai-tap-cong-nghe-10_cau-3-trang-24-cong-nghe-10",
        "level": 0
    },
    {
        "type": "category",
        "title": "Câu 4 (trang 24 Công nghệ 10): Thế nào là độ phì ...",
        "url": "giai-bai-tap-cong-nghe-10_cau-4-trang-24-cong-nghe-10",
        "level": 0
    }
]