[
    {
        "type": "category",
        "title": "Câu 1 (trang 160 Công nghệ 10): Trình bày các căn cứ ...",
        "url": "giai-bai-tap-cong-nghe-10_cau-1-trang-160-cong-nghe-10",
        "level": 0
    },
    {
        "type": "category",
        "title": "Câu 2 (trang 160 Công nghệ 10): Hãy phân tích các bước ...",
        "url": "giai-bai-tap-cong-nghe-10_cau-2-trang-160-cong-nghe-10",
        "level": 0
    },
    {
        "type": "category",
        "title": "Câu 3 (trang 160 Công nghệ 10): Ở địa phương em ...",
        "url": "giai-bai-tap-cong-nghe-10_cau-3-trang-160-cong-nghe-10",
        "level": 0
    }
]