[
    {
        "type": "category",
        "title": "Trả lời câu hỏi Bài 15 trang 47 Công nghệ 10: Em hãy cho biết tác dụng ...",
        "url": "giai-bai-tap-cong-nghe-10_tra-loi-cau-hoi-cong-nghe-10-bai-15-trang-47",
        "level": 0
    },
    {
        "type": "category",
        "title": "Trả lời câu hỏi Bài 15 trang 48 Công nghệ 10: Khi gặp điều kiện nhiệt độ ...",
        "url": "giai-bai-tap-cong-nghe-10_tra-loi-cau-hoi-cong-nghe-10-bai-15-trang-48",
        "level": 0
    },
    {
        "type": "category",
        "title": "Câu 1 (trang 49 Công nghệ 10): Nguyên nhân nào dẫn đến ...",
        "url": "giai-bai-tap-cong-nghe-10_cau-1-trang-49-cong-nghe-10",
        "level": 0
    },
    {
        "type": "category",
        "title": "Câu 2 (trang 49 Công nghệ 10): Điều kiện khí hậu ...",
        "url": "giai-bai-tap-cong-nghe-10_cau-2-trang-49-cong-nghe-10",
        "level": 0
    },
    {
        "type": "category",
        "title": "Câu 3 (trang 49 Công nghệ 10): Chế độ chăm sóc ...",
        "url": "giai-bai-tap-cong-nghe-10_cau-3-trang-49-cong-nghe-10",
        "level": 0
    }
]