[
    {
        "type": "category",
        "title": "Phần 1: Nông, lâm, ngư nghiệp",
        "url": "",
        "level": 0
    },
    {
        "type": "category",
        "title": "Bài 1: Bài mở đầu",
        "url": "giai-bai-tap-cong-nghe-10_bai-1-bai-mo-dau",
        "level": 2
    },
    {
        "type": "category",
        "title": "Chương 1: Trồng trọt, lâm nghiệp đại cương",
        "url": "giai-bai-tap-cong-nghe-10_chuong-1-trong-trot-lam-nghiep-dai-cuong",
        "level": 1
    },
    {
        "type": "category",
        "title": "Bài 1: Bài mở đầu",
        "url": "giai-bai-tap-cong-nghe-10_bai-1-bai-mo-dau",
        "level": 2
    },
    {
        "type": "category",
        "title": "Bài 2: Khảo nghiệm giống cây trồng",
        "url": "giai-bai-tap-cong-nghe-10_bai-2-khao-nghiem-giong-cay-trong",
        "level": 2
    },
    {
        "type": "category",
        "title": "Bài 3: Sản xuất giống cây trồng",
        "url": "giai-bai-tap-cong-nghe-10_bai-3-san-xuat-giong-cay-trong",
        "level": 2
    },
    {
        "type": "category",
        "title": "Bài 4: Sản xuất giống cây trồng (tiếp theo)",
        "url": "giai-bai-tap-cong-nghe-10_bai-4-san-xuat-giong-cay-trong-tiep-theo",
        "level": 2
    },
    {
        "type": "category",
        "title": "Bài 5: Thực hành xác định sức sống của hạt",
        "url": "giai-bai-tap-cong-nghe-10_bai-5-thuc-hanh-xac-dinh-suc-song-cua-hat",
        "level": 2
    },
    {
        "type": "category",
        "title": "Bài 6: Ứng dụng công nghệ nuôi cấy mô tế bào trong nhân giống cây trồng nông, lâm nghiệp",
        "url": "giai-bai-tap-cong-nghe-10_bai-6-ung-dung-cong-nghe-nuoi-cay-mo-te-bao-trong-nhan-giong-cay-trong-nong-lam-nghiep",
        "level": 2
    },
    {
        "type": "category",
        "title": "Bài 7: Một số tính chất của đất trồng",
        "url": "giai-bai-tap-cong-nghe-10_bai-7-mot-so-tinh-chat-cua-dat-trong",
        "level": 2
    },
    {
        "type": "category",
        "title": "Bài 8: Thực hành: Xác định độ chua của đất",
        "url": "giai-bai-tap-cong-nghe-10_bai-8-thuc-hanh-xac-dinh-do-chua-cua-dat",
        "level": 2
    },
    {
        "type": "category",
        "title": "Bài 9: Biện pháp cải tạo và sử dụng đất xám bạc màu, đất xói mòn mạnh trơ sỏi đá",
        "url": "giai-bai-tap-cong-nghe-10_bai-9-bien-phap-cai-tao-va-su-dung-dat-xam-bac-mau-dat-xoi-mon-manh-tro-soi-da",
        "level": 2
    },
    {
        "type": "category",
        "title": "Bài 10: Biện pháp cải tạo và sử dụng đất mặn, đất phèn",
        "url": "giai-bai-tap-cong-nghe-10_bai-10-bien-phap-cai-tao-va-su-dung-dat-man-dat-phen",
        "level": 2
    },
    {
        "type": "category",
        "title": "Bài 11: Thực hành quan sát phẫu diện đất",
        "url": "giai-bai-tap-cong-nghe-10_bai-11-thuc-hanh-quan-sat-phau-dien-dat",
        "level": 2
    },
    {
        "type": "category",
        "title": "Bài 12: Đặc điểm, tính chất, kĩ thuật sử dụng một số loại phân bón thông thường",
        "url": "giai-bai-tap-cong-nghe-10_bai-12-dac-diem-tinh-chat-ki-thuat-su-dung-mot-so-loai-phan-bon-thong-thuong",
        "level": 2
    },
    {
        "type": "category",
        "title": "Bài 13: Ứng dụng công nghệ vi sinh trong sản xuất phân bón",
        "url": "giai-bai-tap-cong-nghe-10_bai-13-ung-dung-cong-nghe-vi-sinh-trong-san-xuat-phan-bon",
        "level": 2
    },
    {
        "type": "category",
        "title": "Bài 14: Thực hành - Trồng cây trong dung dịch",
        "url": "giai-bai-tap-cong-nghe-10_bai-14-thuc-hanh-trong-cay-trong-dung-dich",
        "level": 2
    },
    {
        "type": "category",
        "title": "Bài 15: Điều kiện phát sinh, phát triển của sâu, bệnh hại cây trồng",
        "url": "giai-bai-tap-cong-nghe-10_bai-15-dieu-kien-phat-sinh-phat-trien-cua-sau-benh-hai-cay-trong",
        "level": 2
    },
    {
        "type": "category",
        "title": "Bài 16: Thực hành: Nhận biết một số loại sâu, bệnh hại lúa",
        "url": "giai-bai-tap-cong-nghe-10_bai-16-thuc-hanh-nhan-biet-mot-so-loai-sau-benh-hai-lua",
        "level": 2
    },
    {
        "type": "category",
        "title": "Bài 17: Phòng trừ tổng hợp dịch hại cây trồng",
        "url": "giai-bai-tap-cong-nghe-10_bai-17-phong-tru-tong-hop-dich-hai-cay-trong",
        "level": 2
    },
    {
        "type": "category",
        "title": "Bài 18: Thực hành Pha chế dung dịch Booc-đô phòng, trừ nấm hại",
        "url": "giai-bai-tap-cong-nghe-10_bai-18-thuc-hanh-pha-che-dung-dich-booc-do-phong-tru-nam-hai",
        "level": 2
    },
    {
        "type": "category",
        "title": "Bài 19: Ảnh hưởng của thuốc hóa học bảo vệ thực vật đến quần thể sinh vật và môi trường",
        "url": "giai-bai-tap-cong-nghe-10_bai-19-anh-huong-cua-thuoc-hoa-hoc-bao-ve-thuc-vat-den-quan-the-sinh-vat-va-moi-truong",
        "level": 2
    },
    {
        "type": "category",
        "title": "Bài 20: Ứng dụng công nghệ vi sinh sản xuất chế phẩm bảo vệ thực vật",
        "url": "giai-bai-tap-cong-nghe-10_bai-20-ung-dung-cong-nghe-vi-sinh-san-xuat-che-pham-bao-ve-thuc-vat",
        "level": 2
    },
    {
        "type": "category",
        "title": "Bài 21: Ôn tập chương 1",
        "url": "giai-bai-tap-cong-nghe-10_bai-21-on-tap-chuong-1",
        "level": 2
    },
    {
        "type": "category",
        "title": "Chương 2: Chăn nuôi, thủy sản đại cương",
        "url": "giai-bai-tap-cong-nghe-10_chuong-2-chan-nuoi-thuy-san-dai-cuong",
        "level": 1
    },
    {
        "type": "category",
        "title": "Bài 22: Quy luật sinh trưởng, phát dục của vật nuôi",
        "url": "giai-bai-tap-cong-nghe-10_bai-22-quy-luat-sinh-truong-phat-duc-cua-vat-nuoi",
        "level": 2
    },
    {
        "type": "category",
        "title": "Bài 23: Chọn lọc giống vật nuôi",
        "url": "giai-bai-tap-cong-nghe-10_bai-23-chon-loc-giong-vat-nuoi",
        "level": 2
    },
    {
        "type": "category",
        "title": "Bài 24: Thực hành: Quan sát, nhận dạng ngoại hình giống vật nuôi",
        "url": "giai-bai-tap-cong-nghe-10_bai-24-thuc-hanh-quan-sat-nhan-dang-ngoai-hinh-giong-vat-nuoi",
        "level": 2
    },
    {
        "type": "category",
        "title": "Bài 25: Các phương pháp nhân giống vật nuôi và thủy sản",
        "url": "giai-bai-tap-cong-nghe-10_bai-25-cac-phuong-phap-nhan-giong-vat-nuoi-va-thuy-san",
        "level": 2
    },
    {
        "type": "category",
        "title": "Bài 26: Sản xuất giống trong chăn nuôi và thủy sản",
        "url": "giai-bai-tap-cong-nghe-10_bai-26-san-xuat-giong-trong-chan-nuoi-va-thuy-san",
        "level": 2
    },
    {
        "type": "category",
        "title": "Bài 27: Ứng dụng công nghệ tế bào trong công tác giống",
        "url": "giai-bai-tap-cong-nghe-10_bai-27-ung-dung-cong-nghe-te-bao-trong-cong-tac-giong",
        "level": 2
    },
    {
        "type": "category",
        "title": "Bài 28: Nhu cầu dinh dưỡng của vật nuôi",
        "url": "giai-bai-tap-cong-nghe-10_bai-28-nhu-cau-dinh-duong-cua-vat-nuoi",
        "level": 2
    },
    {
        "type": "category",
        "title": "Bài 29: Sản xuất thức ăn cho vật nuôi",
        "url": "giai-bai-tap-cong-nghe-10_bai-29-san-xuat-thuc-an-cho-vat-nuoi",
        "level": 2
    },
    {
        "type": "category",
        "title": "Bài 30: Thực hành: Phối hợp khẩu phần ăn cho vật nuôi",
        "url": "giai-bai-tap-cong-nghe-10_bai-30-thuc-hanh-phoi-hop-khau-phan-an-cho-vat-nuoi",
        "level": 2
    },
    {
        "type": "category",
        "title": "Bài 31: Sản xuất thức ăn nuôi thủy sản",
        "url": "giai-bai-tap-cong-nghe-10_bai-31-san-xuat-thuc-an-nuoi-thuy-san",
        "level": 2
    },
    {
        "type": "category",
        "title": "Bài 32: Thực hành: Sản xuất thức ăn hỗn hợp nuôi cá",
        "url": "giai-bai-tap-cong-nghe-10_bai-32-thuc-hanh-san-xuat-thuc-an-hon-hop-nuoi-ca",
        "level": 2
    },
    {
        "type": "category",
        "title": "Bài 33: Ứng dụng công nghệ vi sinh để sản xuất thức ăn chăn nuôi",
        "url": "giai-bai-tap-cong-nghe-10_bai-33-ung-dung-cong-nghe-vi-sinh-de-san-xuat-thuc-an-chan-nuoi",
        "level": 2
    },
    {
        "type": "category",
        "title": "Bài 34: Tạo môi trường sống cho vật nuôi và thủy sản",
        "url": "giai-bai-tap-cong-nghe-10_bai-34-tao-moi-truong-song-cho-vat-nuoi-va-thuy-san",
        "level": 2
    },
    {
        "type": "category",
        "title": "Bài 35: Điều kiện phát sinh, phát triển bệnh ở vật nuôi",
        "url": "giai-bai-tap-cong-nghe-10_bai-35-dieu-kien-phat-sinh-phat-trien-benh-o-vat-nuoi",
        "level": 2
    },
    {
        "type": "category",
        "title": "Bài 36: Thực hành: Quan sát triệu chứng, bệnh tích của gà bị mắc bệnh Niu cát-xơn và cá trắm cỏ bị bệnh xuất huyết do virut",
        "url": "giai-bai-tap-cong-nghe-10_bai-36-thuc-hanh-quan-sat-trieu-chung-benh-tich-cua-ga-bi-mac-benh-niu-cat-xon-va-ca-tram-co-bi-benh-xuat-huyet-do-virut",
        "level": 2
    },
    {
        "type": "category",
        "title": "Bài 37: Một số loại vacxin và thuốc thường dùng để phòng và chữa bệnh cho vật nuôi",
        "url": "giai-bai-tap-cong-nghe-10_bai-37-mot-so-loai-vacxin-va-thuoc-thuong-dung-de-phong-va-chua-benh-cho-vat-nuoi",
        "level": 2
    },
    {
        "type": "category",
        "title": "Bài 38: Ứng dụng công nghệ sinh học trong sản xuất vacxin và thuốc kháng sinh",
        "url": "giai-bai-tap-cong-nghe-10_bai-38-ung-dung-cong-nghe-sinh-hoc-trong-san-xuat-vacxin-va-thuoc-khang-sinh",
        "level": 2
    },
    {
        "type": "category",
        "title": "Bài 39: Ôn tập chương 2",
        "url": "giai-bai-tap-cong-nghe-10_bai-39-on-tap-chuong-2",
        "level": 2
    },
    {
        "type": "category",
        "title": "Chương 3: Bảo quản, chế biến nông, lâm, thủy sản",
        "url": "giai-bai-tap-cong-nghe-10_chuong-3-bao-quan-che-bien-nong-lam-thuy-san",
        "level": 1
    },
    {
        "type": "category",
        "title": "Bài 40: Mục đích, ý nghĩa của công tác bảo quản, chế biến nông, lâm, thủy sản",
        "url": "giai-bai-tap-cong-nghe-10_bai-40-muc-dich-y-nghia-cua-cong-tac-bao-quan-che-bien-nong-lam-thuy-san",
        "level": 2
    },
    {
        "type": "category",
        "title": "Bài 41: Bảo quản hạt, củ làm giống",
        "url": "giai-bai-tap-cong-nghe-10_bai-41-bao-quan-hat-cu-lam-giong",
        "level": 2
    },
    {
        "type": "category",
        "title": "Bài 42: Bảo quản lương thực, thực phẩm",
        "url": "giai-bai-tap-cong-nghe-10_bai-42-bao-quan-luong-thuc-thuc-pham",
        "level": 2
    },
    {
        "type": "category",
        "title": "Bài 43: Bảo quản thịt, trứng, sữa và cá",
        "url": "giai-bai-tap-cong-nghe-10_bai-43-bao-quan-thit-trung-sua-va-ca",
        "level": 2
    },
    {
        "type": "category",
        "title": "Bài 44: Chế biến lương thực, thực phẩm",
        "url": "giai-bai-tap-cong-nghe-10_bai-44-che-bien-luong-thuc-thuc-pham",
        "level": 2
    },
    {
        "type": "category",
        "title": "Bài 45: Thực hành: Chế biến xi rô từ quả",
        "url": "giai-bai-tap-cong-nghe-10_bai-45-thuc-hanh-che-bien-xi-ro-tu-qua",
        "level": 2
    },
    {
        "type": "category",
        "title": "Bài 46: Chế biến sản phẩm chăn nuôi, thủy sản",
        "url": "giai-bai-tap-cong-nghe-10_bai-46-che-bien-san-pham-chan-nuoi-thuy-san",
        "level": 2
    },
    {
        "type": "category",
        "title": "Bài 47: Thực hành: Làm sữa chua hoặc sữa đậu nành (đậu tương) bằng phương pháp đơn giản",
        "url": "giai-bai-tap-cong-nghe-10_bai-47-thuc-hanh-lam-sua-chua-hoac-sua-dau-nanh-dau-tuong-bang-phuong-phap-don-gian",
        "level": 2
    },
    {
        "type": "category",
        "title": "Bài 48: Chế biến sản phẩm cây công nghiệp và lâm sản",
        "url": "giai-bai-tap-cong-nghe-10_bai-48-che-bien-san-pham-cay-cong-nghiep-va-lam-san",
        "level": 2
    },
    {
        "type": "category",
        "title": "Bài 49: Bài mở đầu",
        "url": "giai-bai-tap-cong-nghe-10_bai-49-bai-mo-dau",
        "level": 2
    },
    {
        "type": "category",
        "title": "Phần 2: Tạo lập doanh nghiệp",
        "url": "",
        "level": 0
    },
    {
        "type": "category",
        "title": "Chương 4: Doanh nghiệp và lựa chọn lĩnh vực kinh doanh",
        "url": "giai-bai-tap-cong-nghe-10_chuong-4-doanh-nghiep-va-lua-chon-linh-vuc-kinh-doanh",
        "level": 1
    },
    {
        "type": "category",
        "title": "Bài 50: Doanh nghiệp và hoạt động kinh doanh của doanh nghiệp",
        "url": "giai-bai-tap-cong-nghe-10_bai-50-doanh-nghiep-va-hoat-dong-kinh-doanh-cua-doanh-nghiep",
        "level": 2
    },
    {
        "type": "category",
        "title": "Bài 51: Lựa chọn lĩnh vực kinh doanh",
        "url": "giai-bai-tap-cong-nghe-10_bai-51-lua-chon-linh-vuc-kinh-doanh",
        "level": 2
    },
    {
        "type": "category",
        "title": "Bài 52: Thực hành: Lựa chọn cơ hội kinh doanh",
        "url": "giai-bai-tap-cong-nghe-10_bai-52-thuc-hanh-lua-chon-co-hoi-kinh-doanh",
        "level": 2
    },
    {
        "type": "category",
        "title": "Bài đọc thêm 1",
        "url": "giai-bai-tap-cong-nghe-10_bai-doc-them-1",
        "level": 2
    },
    {
        "type": "category",
        "title": "Bài đọc thêm 2",
        "url": "giai-bai-tap-cong-nghe-10_bai-doc-them-2",
        "level": 2
    },
    {
        "type": "category",
        "title": "Chương 5: Tổ chức và quản lí doanh nghiệp",
        "url": "giai-bai-tap-cong-nghe-10_chuong-5-to-chuc-va-quan-li-doanh-nghiep",
        "level": 1
    },
    {
        "type": "category",
        "title": "Bài 53: Xác định kế hoạch kinh doanh",
        "url": "giai-bai-tap-cong-nghe-10_bai-53-xac-dinh-ke-hoach-kinh-doanh",
        "level": 2
    },
    {
        "type": "category",
        "title": "Bài 54: Thành lập doanh nghiệp",
        "url": "giai-bai-tap-cong-nghe-10_bai-54-thanh-lap-doanh-nghiep",
        "level": 2
    },
    {
        "type": "category",
        "title": "Bài 55: Quản lý doanh nghiệp",
        "url": "giai-bai-tap-cong-nghe-10_bai-55-quan-ly-doanh-nghiep",
        "level": 2
    },
    {
        "type": "category",
        "title": "Bài 56: Thực hành: Xây dựng kế hoạch kinh doanh",
        "url": "giai-bai-tap-cong-nghe-10_bai-56-thuc-hanh-xay-dung-ke-hoach-kinh-doanh",
        "level": 2
    }
]