[
    {
        "type": "category",
        "title": "Chương 1: Vectơ",
        "url": "bai-tap-trac-nghiem-hinh-hoc-10_chuong-1",
        "level": 0
    },
    {
        "type": "category",
        "title": "Bài 1: Các định nghĩa",
        "url": "",
        "level": 1
    },
    {
        "type": "category",
        "title": "Lý thuyết: Các định nghĩa",
        "url": "bai-tap-trac-nghiem-hinh-hoc-10_ly-thuyet-cac-dinh-nghia",
        "level": 2
    },
    {
        "type": "category",
        "title": "Trắc nghiệm: Các định nghĩa (phần 1)",
        "url": "bai-tap-trac-nghiem-hinh-hoc-10_bai-tap-trac-nghiem-cac-dinh-nghia-1",
        "level": 2
    },
    {
        "type": "category",
        "title": "Trắc nghiệm: Các định nghĩa (phần 2)",
        "url": "bai-tap-trac-nghiem-hinh-hoc-10_bai-tap-trac-nghiem-cac-dinh-nghia-2",
        "level": 2
    },
    {
        "type": "category",
        "title": "Bài 2: Tổng và hiệu của hai vectơ",
        "url": "",
        "level": 1
    },
    {
        "type": "category",
        "title": "Lý thuyết: Tổng và hiệu của hai vectơ",
        "url": "bai-tap-trac-nghiem-hinh-hoc-10_ly-thuyet-tong-va-hieu-cua-hai-vecto",
        "level": 2
    },
    {
        "type": "category",
        "title": "Trắc nghiệm: Tổng và hiệu của hai vectơ (phần 1)",
        "url": "bai-tap-trac-nghiem-hinh-hoc-10_bai-tap-trac-nghiem-tong-va-hieu-cua-hai-vecto-1",
        "level": 2
    },
    {
        "type": "category",
        "title": "Trắc nghiệm: Tổng và hiệu của hai vectơ (phần 2)",
        "url": "bai-tap-trac-nghiem-hinh-hoc-10_bai-tap-trac-nghiem-tong-va-hieu-cua-hai-vecto-2",
        "level": 2
    },
    {
        "type": "category",
        "title": "Bài 3: Tích của vectơ với một số",
        "url": "",
        "level": 1
    },
    {
        "type": "category",
        "title": "Lý thuyết: Tích của vectơ với một số",
        "url": "bai-tap-trac-nghiem-hinh-hoc-10_ly-thuyet-tich-cua-vecto-voi-mot-so",
        "level": 2
    },
    {
        "type": "category",
        "title": "Lý thuyết: Tích của vectơ với một số (Tiếp)",
        "url": "bai-tap-trac-nghiem-hinh-hoc-10_ly-thuyet-tich-cua-vecto-voi-mot-so-1",
        "level": 2
    },
    {
        "type": "category",
        "title": "Trắc nghiệm: Tích của vectơ với một số (phần 1)",
        "url": "bai-tap-trac-nghiem-hinh-hoc-10_bai-tap-trac-nghiem-tich-cua-vecto-voi-mot-so-1",
        "level": 2
    },
    {
        "type": "category",
        "title": "Trắc nghiệm: Tích của vectơ với một số (phần 2)",
        "url": "bai-tap-trac-nghiem-hinh-hoc-10_bai-tap-trac-nghiem-tich-cua-vecto-voi-mot-so-2",
        "level": 2
    },
    {
        "type": "category",
        "title": "Trắc nghiệm: Tích của vectơ với một số (phần 3)",
        "url": "bai-tap-trac-nghiem-hinh-hoc-10_bai-tap-trac-nghiem-tich-cua-vecto-voi-mot-so-3",
        "level": 2
    },
    {
        "type": "category",
        "title": "Bài 4: Hệ trục tọa độ",
        "url": "",
        "level": 1
    },
    {
        "type": "category",
        "title": "Lý thuyết: Hệ trục tọa độ",
        "url": "bai-tap-trac-nghiem-hinh-hoc-10_ly-thuyet-he-truc-toa-do",
        "level": 2
    },
    {
        "type": "category",
        "title": "Trắc nghiệm: Hệ trục tọa độ (phần 1)",
        "url": "bai-tap-trac-nghiem-hinh-hoc-10_bai-tap-trac-nghiem-he-truc-toa-do-1",
        "level": 2
    },
    {
        "type": "category",
        "title": "Ôn tập chương 1",
        "url": "",
        "level": 1
    },
    {
        "type": "category",
        "title": "Ôn tập chương 1 (phần 1)",
        "url": "bai-tap-trac-nghiem-hinh-hoc-10_on-tap-chuong-1-1",
        "level": 2
    },
    {
        "type": "category",
        "title": "Ôn tập chương 1 (phần 2)",
        "url": "bai-tap-trac-nghiem-hinh-hoc-10_on-tap-chuong-1-2",
        "level": 2
    },
    {
        "type": "category",
        "title": "Ôn tập chương 1 (phần 3)",
        "url": "bai-tap-trac-nghiem-hinh-hoc-10_on-tap-chuong-1-3",
        "level": 2
    },
    {
        "type": "category",
        "title": "Ôn tập chương 1 (phần 4)",
        "url": "bai-tap-trac-nghiem-hinh-hoc-10_on-tap-chuong-1-4",
        "level": 2
    },
    {
        "type": "category",
        "title": "Ôn tập chương 1 (phần 5)",
        "url": "bai-tap-trac-nghiem-hinh-hoc-10_on-tap-chuong-1-5",
        "level": 2
    },
    {
        "type": "category",
        "title": " Đề kiểm tra chương 1",
        "url": "",
        "level": 1
    },
    {
        "type": "category",
        "title": "Đề kiểm tra chương 1 (phần 1)",
        "url": "bai-tap-trac-nghiem-hinh-hoc-10_de-kiem-tra-chuong-1-1",
        "level": 2
    },
    {
        "type": "category",
        "title": "Đề kiểm tra chương 1 (phần 2)",
        "url": "bai-tap-trac-nghiem-hinh-hoc-10_de-kiem-tra-chuong-1-2",
        "level": 2
    },
    {
        "type": "category",
        "title": "Đề kiểm tra chương 1 (phần 3)",
        "url": "bai-tap-trac-nghiem-hinh-hoc-10_de-kiem-tra-chuong-1-3",
        "level": 2
    },
    {
        "type": "category",
        "title": "Chương 2: Tích vô hướng của hai vectơ và ứng dụng",
        "url": "bai-tap-trac-nghiem-hinh-hoc-10_chuong-2",
        "level": 0
    },
    {
        "type": "category",
        "title": "Bài 1: Giá trị lượng giác của một góc bất kì từ 0 đến 180",
        "url": "",
        "level": 1
    },
    {
        "type": "category",
        "title": "Lý thuyết: Giá trị lượng giác của một góc bất kì từ 0 đến 180",
        "url": "bai-tap-trac-nghiem-hinh-hoc-10_ly-thuyet-gia-tri-luong-giac-cua-mot-goc-bat-ki-tu-0-den-180",
        "level": 2
    },
    {
        "type": "category",
        "title": "Trắc nghiệm: Giá trị lượng giác của một góc bất kì từ 0 đến 180 (phần 1)",
        "url": "bai-tap-trac-nghiem-hinh-hoc-10_bai-tap-trac-nghiem-gia-tri-luong-giac-cua-mot-goc-bat-ki-tu-0-den-180-1",
        "level": 2
    },
    {
        "type": "category",
        "title": "Trắc nghiệm: Giá trị lượng giác của một góc bất kì từ 0 đến 180 (phần 2)",
        "url": "bai-tap-trac-nghiem-hinh-hoc-10_bai-tap-trac-nghiem-gia-tri-luong-giac-cua-mot-goc-bat-ki-tu-0-den-180-2",
        "level": 2
    },
    {
        "type": "category",
        "title": "Trắc nghiệm: Giá trị lượng giác của một góc bất kì từ 0 đến 180 (phần 3)",
        "url": "bai-tap-trac-nghiem-hinh-hoc-10_bai-tap-trac-nghiem-gia-tri-luong-giac-cua-mot-goc-bat-ki-tu-0-den-180-3",
        "level": 2
    },
    {
        "type": "category",
        "title": "Trắc nghiệm: Giá trị lượng giác của một góc bất kì từ 0 đến 180 (phần 4)",
        "url": "bai-tap-trac-nghiem-hinh-hoc-10_bai-tap-trac-nghiem-gia-tri-luong-giac-cua-mot-goc-bat-ki-tu-0-den-180-4",
        "level": 2
    },
    {
        "type": "category",
        "title": "Bài 2: Tích vô hướng của hai vectơ",
        "url": "",
        "level": 1
    },
    {
        "type": "category",
        "title": "Lý thuyết: Tích vô hướng của hai vectơ",
        "url": "bai-tap-trac-nghiem-hinh-hoc-10_ly-thuyet-tich-vo-huong-cua-hai-vecto",
        "level": 2
    },
    {
        "type": "category",
        "title": "Trắc nghiệm: Tích vô hướng của hai vectơ (phần 1)",
        "url": "bai-tap-trac-nghiem-hinh-hoc-10_bai-tap-trac-nghiem-tich-vo-huong-cua-hai-vecto-1",
        "level": 2
    },
    {
        "type": "category",
        "title": "Trắc nghiệm: Tích vô hướng của hai vectơ (phần 2)",
        "url": "bai-tap-trac-nghiem-hinh-hoc-10_bai-tap-trac-nghiem-tich-vo-huong-cua-hai-vecto-2",
        "level": 2
    },
    {
        "type": "category",
        "title": "Trắc nghiệm: Tích vô hướng của hai vectơ (phần 3)",
        "url": "bai-tap-trac-nghiem-hinh-hoc-10_bai-tap-trac-nghiem-tich-vo-huong-cua-hai-vecto-3",
        "level": 2
    },
    {
        "type": "category",
        "title": "Trắc nghiệm: Tích vô hướng của hai vectơ (phần 4)",
        "url": "bai-tap-trac-nghiem-hinh-hoc-10_bai-tap-trac-nghiem-tich-vo-huong-cua-hai-vecto-4",
        "level": 2
    },
    {
        "type": "category",
        "title": "Bài 3: Hệ thức lượng trong tam giác",
        "url": "",
        "level": 1
    },
    {
        "type": "category",
        "title": "Lý thuyết: Hệ thức lượng trong tam giác",
        "url": "bai-tap-trac-nghiem-hinh-hoc-10_ly-thuyet-he-thuc-luong-trong-tam-giac",
        "level": 2
    },
    {
        "type": "category",
        "title": "Trắc nghiệm: Hệ thức lượng trong tam giác (phần 1)",
        "url": "bai-tap-trac-nghiem-hinh-hoc-10_bai-tap-trac-nghiem-he-thuc-luong-trong-tam-giac-1",
        "level": 2
    },
    {
        "type": "category",
        "title": "Trắc nghiệm: Hệ thức lượng trong tam giác (phần 2)",
        "url": "bai-tap-trac-nghiem-hinh-hoc-10_bai-tap-trac-nghiem-he-thuc-luong-trong-tam-giac-2",
        "level": 2
    },
    {
        "type": "category",
        "title": "Trắc nghiệm: Hệ thức lượng trong tam giác (phần 3)",
        "url": "bai-tap-trac-nghiem-hinh-hoc-10_bai-tap-trac-nghiem-he-thuc-luong-trong-tam-giac-3",
        "level": 2
    },
    {
        "type": "category",
        "title": "Ôn tập chương 2",
        "url": "",
        "level": 1
    },
    {
        "type": "category",
        "title": "Ôn tập chương 2 (phần 1)",
        "url": "bai-tap-trac-nghiem-hinh-hoc-10_on-tap-chuong-2-1",
        "level": 2
    },
    {
        "type": "category",
        "title": "Ôn tập chương 2 (phần 2)",
        "url": "bai-tap-trac-nghiem-hinh-hoc-10_on-tap-chuong-2-2",
        "level": 2
    },
    {
        "type": "category",
        "title": "Ôn tập chương 2 (phần 3)",
        "url": "bai-tap-trac-nghiem-hinh-hoc-10_on-tap-chuong-2-3",
        "level": 2
    },
    {
        "type": "category",
        "title": "Ôn tập chương 2 (phần 4)",
        "url": "bai-tap-trac-nghiem-hinh-hoc-10_on-tap-chuong-2-4",
        "level": 2
    },
    {
        "type": "category",
        "title": "Đề kiểm tra chương 2",
        "url": "",
        "level": 1
    },
    {
        "type": "category",
        "title": "Đề kiểm tra chương 2 (phần 1)",
        "url": "bai-tap-trac-nghiem-hinh-hoc-10_de-kiem-tra-chuong-2-1",
        "level": 2
    },
    {
        "type": "category",
        "title": "Đề kiểm tra chương 2 (phần 2)",
        "url": "bai-tap-trac-nghiem-hinh-hoc-10_de-kiem-tra-chuong-2-2",
        "level": 2
    },
    {
        "type": "category",
        "title": "Đề kiểm tra chương 2 (phần 3)",
        "url": "bai-tap-trac-nghiem-hinh-hoc-10_de-kiem-tra-chuong-2-3",
        "level": 2
    },
    {
        "type": "category",
        "title": "Chương 3: Phương pháp tọa độ trong mặt phẳng",
        "url": "bai-tap-trac-nghiem-hinh-hoc-10_chuong-3",
        "level": 0
    },
    {
        "type": "category",
        "title": "Bài 1: Phương trình đường thẳng",
        "url": "",
        "level": 1
    },
    {
        "type": "category",
        "title": "Lý thuyết: Phương trình đường thẳng",
        "url": "bai-tap-trac-nghiem-hinh-hoc-10_ly-thuyet-phuong-trinh-duong-thang",
        "level": 2
    },
    {
        "type": "category",
        "title": "Trắc nghiệm: Phương trình đường thẳng (phần 1)",
        "url": "bai-tap-trac-nghiem-hinh-hoc-10_bai-tap-trac-nghiem-phuong-trinh-duong-thang-1",
        "level": 2
    },
    {
        "type": "category",
        "title": "Trắc nghiệm: Phương trình đường thẳng (phần 2)",
        "url": "bai-tap-trac-nghiem-hinh-hoc-10_bai-tap-trac-nghiem-phuong-trinh-duong-thang-2",
        "level": 2
    },
    {
        "type": "category",
        "title": "Trắc nghiệm: Phương trình đường thẳng (phần 3)",
        "url": "bai-tap-trac-nghiem-hinh-hoc-10_bai-tap-trac-nghiem-phuong-trinh-duong-thang-3",
        "level": 2
    },
    {
        "type": "category",
        "title": "Bài 2: Phương trình đường tròn",
        "url": "",
        "level": 1
    },
    {
        "type": "category",
        "title": "Lý thuyết: Phương trình đường tròn",
        "url": "bai-tap-trac-nghiem-hinh-hoc-10_ly-thuyet-phuong-trinh-duong-tron",
        "level": 2
    },
    {
        "type": "category",
        "title": "Trắc nghiệm: Phương trình đường tròn (phần 1)",
        "url": "bai-tap-trac-nghiem-hinh-hoc-10_bai-tap-trac-nghiem-phuong-trinh-duong-tron-1",
        "level": 2
    },
    {
        "type": "category",
        "title": "Trắc nghiệm: Phương trình đường tròn (phần 2)",
        "url": "bai-tap-trac-nghiem-hinh-hoc-10_bai-tap-trac-nghiem-phuong-trinh-duong-tron-2",
        "level": 2
    },
    {
        "type": "category",
        "title": "Trắc nghiệm: Phương trình đường tròn (phần 3)",
        "url": "bai-tap-trac-nghiem-hinh-hoc-10_bai-tap-trac-nghiem-phuong-trinh-duong-tron-3",
        "level": 2
    },
    {
        "type": "category",
        "title": "Bài 3: Phương trình đường Elip",
        "url": "",
        "level": 1
    },
    {
        "type": "category",
        "title": "Lý thuyết: Phương trình đường Elip",
        "url": "bai-tap-trac-nghiem-hinh-hoc-10_ly-thuyet-phuong-trinh-duong-elip",
        "level": 2
    },
    {
        "type": "category",
        "title": "Trắc nghiệm: Phương trình đường Elip (phần 1)",
        "url": "bai-tap-trac-nghiem-hinh-hoc-10_bai-tap-trac-nghiem-phuong-trinh-duong-elip-1",
        "level": 2
    },
    {
        "type": "category",
        "title": "Trắc nghiệm: Phương trình đường Elip (phần 2)",
        "url": "bai-tap-trac-nghiem-hinh-hoc-10_bai-tap-trac-nghiem-phuong-trinh-duong-elip-2",
        "level": 2
    },
    {
        "type": "category",
        "title": "Ôn tập chương 3",
        "url": "",
        "level": 1
    },
    {
        "type": "category",
        "title": "Ôn tập chương 3 (phần 1)",
        "url": "bai-tap-trac-nghiem-hinh-hoc-10_on-tap-chuong-3-1",
        "level": 2
    },
    {
        "type": "category",
        "title": "Ôn tập chương 3 (phần 2)",
        "url": "bai-tap-trac-nghiem-hinh-hoc-10_on-tap-chuong-3-2",
        "level": 2
    },
    {
        "type": "category",
        "title": "Ôn tập chương 3 (phần 3)",
        "url": "bai-tap-trac-nghiem-hinh-hoc-10_on-tap-chuong-3-3",
        "level": 2
    },
    {
        "type": "category",
        "title": "Đề kiểm tra chương 3",
        "url": "",
        "level": 1
    },
    {
        "type": "category",
        "title": "Đề kiểm tra chương 3 (phần 1)",
        "url": "bai-tap-trac-nghiem-hinh-hoc-10_de-kiem-tra-chuong-3-1",
        "level": 2
    },
    {
        "type": "category",
        "title": "Đề kiểm tra chương 3 (phần 2)",
        "url": "bai-tap-trac-nghiem-hinh-hoc-10_de-kiem-tra-chuong-3-2",
        "level": 2
    },
    {
        "type": "category",
        "title": "Đề kiểm tra chương 3 (phần 3)",
        "url": "bai-tap-trac-nghiem-hinh-hoc-10_de-kiem-tra-chuong-3-3",
        "level": 2
    },
    {
        "type": "category",
        "title": "Ôn tập cuối năm",
        "url": "",
        "level": 1
    },
    {
        "type": "category",
        "title": "Ôn tập cuối năm (phần 1)",
        "url": "bai-tap-trac-nghiem-hinh-hoc-10_on-tap-cuoi-nam-1",
        "level": 2
    },
    {
        "type": "category",
        "title": "Ôn tập cuối năm (phần 2)",
        "url": "bai-tap-trac-nghiem-hinh-hoc-10_on-tap-cuoi-nam-2",
        "level": 2
    },
    {
        "type": "category",
        "title": "Ôn tập cuối năm (phần 3)",
        "url": "bai-tap-trac-nghiem-hinh-hoc-10_on-tap-cuoi-nam-3",
        "level": 2
    },
    {
        "type": "category",
        "title": "Ôn tập cuối năm (phần 4)",
        "url": "bai-tap-trac-nghiem-hinh-hoc-10_on-tap-cuoi-nam-4",
        "level": 2
    },
    {
        "type": "category",
        "title": "Đề kiểm tra cuối năm",
        "url": "",
        "level": 1
    },
    {
        "type": "category",
        "title": "Đề kiểm tra cuối năm (phần 1)",
        "url": "bai-tap-trac-nghiem-hinh-hoc-10_de-kiem-tra-cuoi-nam-1",
        "level": 2
    },
    {
        "type": "category",
        "title": "Đề kiểm tra cuối năm (phần 2)",
        "url": "bai-tap-trac-nghiem-hinh-hoc-10_de-kiem-tra-cuoi-nam-2",
        "level": 2
    },
    {
        "type": "category",
        "title": "Đề kiểm tra cuối năm (phần 3)",
        "url": "bai-tap-trac-nghiem-hinh-hoc-10_de-kiem-tra-cuoi-nam-3",
        "level": 2
    }
]