[
    {
        "type": "category",
        "title": "Bài 1 trang 28 GDCD 10: Thế nào là mâu thuẫn? Thế nào là mặt đối lập? ...",
        "url": "giai-bai-tap-gdcd-10_bai-1-trang-28-giao-duc-cong-dan-10",
        "level": 0
    },
    {
        "type": "category",
        "title": "Bài 2 trang 28 GDCD 10: Thế nào là “thống nhất” giữa các mặt đối lập? ...",
        "url": "giai-bai-tap-gdcd-10_bai-2-trang-28-giao-duc-cong-dan-10",
        "level": 0
    },
    {
        "type": "category",
        "title": "Bài 3 trang 28 GDCD 10: Thế nào là “đấu tranh” giữa các mặt đối lập? ...",
        "url": "giai-bai-tap-gdcd-10_bai-3-trang-28-giao-duc-cong-dan-10",
        "level": 0
    },
    {
        "type": "category",
        "title": "Bài 4 trang 28 GDCD 10: Em hãy nêu một vài kết luận của bản thân qua ...",
        "url": "giai-bai-tap-gdcd-10_bai-4-trang-28-giao-duc-cong-dan-10",
        "level": 0
    },
    {
        "type": "category",
        "title": "Bài 5 trang 29 GDCD 10: Hãy lựa chọn phương án trả lời đúng nhất trong ...",
        "url": "giai-bai-tap-gdcd-10_bai-5-trang-29-giao-duc-cong-dan-10",
        "level": 0
    }
]