[
    {
        "type": "category",
        "title": "Bài 1 trang 11 GDCD 10: Hãy phân tích sự khác nhau giữa đối tượng ...",
        "url": "giai-bai-tap-gdcd-10_bai-1-trang-11-giao-duc-cong-dan-10",
        "level": 0
    },
    {
        "type": "category",
        "title": "Bài 2 trang 11 GDCD 10: Ở các ví dụ sau, ví dụ nào thuộc kiến thức ...",
        "url": "giai-bai-tap-gdcd-10_bai-2-trang-11-giao-duc-cong-dan-10",
        "level": 0
    },
    {
        "type": "category",
        "title": "Bài 3 trang 11 GDCD 10: Dựa vào cơ sở nào để phân chia các hệ thống ...",
        "url": "giai-bai-tap-gdcd-10_bai-3-trang-11-giao-duc-cong-dan-10",
        "level": 0
    },
    {
        "type": "category",
        "title": "Bài 4 trang 11 GDCD 10: Phân tích các yếu tố duy vật, duy âm về thế giới ...",
        "url": "giai-bai-tap-gdcd-10_bai-4-trang-11-giao-duc-cong-dan-10",
        "level": 0
    },
    {
        "type": "category",
        "title": "Bài 5 trang 11 GDCD 10: Hãy nêu ý kiến của mình về các yếu tố biện chứng ...",
        "url": "giai-bai-tap-gdcd-10_bai-5-trang-11-giao-duc-cong-dan-10",
        "level": 0
    }
]