[
    {
        "type": "category",
        "title": "Bài 1 trang 37 GDCD 10: Vận dụng quan điểm phủ định biện chứng để ...",
        "url": "giai-bai-tap-gdcd-10_bai-1-trang-37-giao-duc-cong-dan-10",
        "level": 0
    },
    {
        "type": "category",
        "title": "Bài 2 trang 37 GDCD 10: Chúng ta phải luôn luôn đổi mới phương pháp ...",
        "url": "giai-bai-tap-gdcd-10_bai-2-trang-37-giao-duc-cong-dan-10",
        "level": 0
    },
    {
        "type": "category",
        "title": "Bài 3 trang 37 GDCD 10: Trong cuộc sống hàng ngày, ta cần phải ...",
        "url": "giai-bai-tap-gdcd-10_bai-3-trang-37-giao-duc-cong-dan-10",
        "level": 0
    },
    {
        "type": "category",
        "title": "Bài 4 trang 37 GDCD 10: Em hãy nhận xét một vài hiện tượng biểu hiện ...",
        "url": "giai-bai-tap-gdcd-10_bai-4-trang-37-giao-duc-cong-dan-10",
        "level": 0
    },
    {
        "type": "category",
        "title": "Bài 5 trang 38 GDCD 10: Hãy xác định câu trả lời đúng nhất trong các ...",
        "url": "giai-bai-tap-gdcd-10_bai-5-trang-38-giao-duc-cong-dan-10",
        "level": 0
    }
]