[
    {
        "type": "category",
        "title": "Bài 1 trang 114 GDCD 10: Thế nào là tự hoàn thiện bản thân? ...",
        "url": "giai-bai-tap-gdcd-10_bai-1-trang-114-giao-duc-cong-dan-10",
        "level": 0
    },
    {
        "type": "category",
        "title": "Bài 2 trang 114 GDCD 10: Em có suy nghĩ gì sau khi đọc mẩu ...",
        "url": "giai-bai-tap-gdcd-10_bai-2-trang-114-giao-duc-cong-dan-10",
        "level": 0
    },
    {
        "type": "category",
        "title": "Bài 3 trang 115 GDCD 10: Em tán thành hay không tán thành các ...",
        "url": "giai-bai-tap-gdcd-10_bai-3-trang-115-giao-duc-cong-dan-10",
        "level": 0
    },
    {
        "type": "category",
        "title": "Bài 4 trang 115 GDCD 10: Em hãy lập kế hoạch phấn đấu, rèn luyện ...",
        "url": "giai-bai-tap-gdcd-10_bai-4-trang-115-giao-duc-cong-dan-10",
        "level": 0
    },
    {
        "type": "category",
        "title": "Bài 5 trang 115 GDCD 10: Hãy sưu tầm và chia sẻ với bạn bè về các ...",
        "url": "giai-bai-tap-gdcd-10_bai-5-trang-115-giao-duc-cong-dan-10",
        "level": 0
    }
]