[
    {
        "type": "category",
        "title": "Bài 1 trang 18 GDCD 10: Bằng kiến thức đã học và thực tế cuộc sống ...",
        "url": "giai-bai-tap-gdcd-10_bai-1-trang-18-giao-duc-cong-dan-10",
        "level": 0
    },
    {
        "type": "category",
        "title": "Bài 2 trang 18 GDCD 10: Em hãy giải thích quan điểm: Con người và ...",
        "url": "giai-bai-tap-gdcd-10_bai-2-trang-18-giao-duc-cong-dan-10",
        "level": 0
    },
    {
        "type": "category",
        "title": "Bài 3 trang 18 GDCD 10: Theo em, việc làm nào là đúng, việc làm nào ...",
        "url": "giai-bai-tap-gdcd-10_bai-3-trang-18-giao-duc-cong-dan-10",
        "level": 0
    },
    {
        "type": "category",
        "title": "Bài 4 trang 18 GDCD 10: Dựa vào kiến thức đã học, em hãy cho biết: ...",
        "url": "giai-bai-tap-gdcd-10_bai-4-trang-18-giao-duc-cong-dan-10",
        "level": 0
    }
]