[
    {
        "type": "category",
        "title": "Bài 1 trang 94 GDCD 10: Hãy nêu ý nghĩa của các câu tục ngữ, ...",
        "url": "giai-bai-tap-gdcd-10_bai-1-trang-94-giao-duc-cong-dan-10",
        "level": 0
    },
    {
        "type": "category",
        "title": "Bài 2 trang 94 GDCD 10: Hãy tìm hiểu về những hoạt động của ...",
        "url": "giai-bai-tap-gdcd-10_bai-2-trang-94-giao-duc-cong-dan-10",
        "level": 0
    },
    {
        "type": "category",
        "title": "Bài 3 trang 94 GDCD 10: Em hãy cùng các bạn lập kế hoạch giúp đỡ ...",
        "url": "giai-bai-tap-gdcd-10_bai-3-trang-94-giao-duc-cong-dan-10",
        "level": 0
    },
    {
        "type": "category",
        "title": "Bài 4 trang 94 GDCD 10: Thế nào là sống hòa nhập? Điều gì sẽ xảy ra ...",
        "url": "giai-bai-tap-gdcd-10_bai-4-trang-94-giao-duc-cong-dan-10",
        "level": 0
    },
    {
        "type": "category",
        "title": "Bài 5 trang 94 GDCD 10: Em tán thành hay không tán thành với từng ...",
        "url": "giai-bai-tap-gdcd-10_bai-5-trang-94-giao-duc-cong-dan-10",
        "level": 0
    },
    {
        "type": "category",
        "title": "Bài 6 trang 94 GDCD 10: Hãy tìm hiểu và giới thiệu về một thành quả ...",
        "url": "giai-bai-tap-gdcd-10_bai-6-trang-94-giao-duc-cong-dan-10",
        "level": 0
    },
    {
        "type": "category",
        "title": "Bài 7 trang 94 GDCD 10: Em hãy lập kế hoạch cùng hợp tác với các bạn ...",
        "url": "giai-bai-tap-gdcd-10_bai-7-trang-94-giao-duc-cong-dan-10",
        "level": 0
    }
]