[
    {
        "type": "category",
        "title": "Bài 1 trang 52 GDCD 10: Tồn tại xã hội bao gồm những yếu tố ...",
        "url": "giai-bai-tap-gdcd-10_bai-1-trang-52-giao-duc-cong-dan-10",
        "level": 0
    },
    {
        "type": "category",
        "title": "Bài 2 trang 52 GDCD 10: Hãy phân tích tác động trở lại của ...",
        "url": "giai-bai-tap-gdcd-10_bai-2-trang-52-giao-duc-cong-dan-10",
        "level": 0
    },
    {
        "type": "category",
        "title": "Bài 3 trang 52 GDCD 10: Hãy nêu ra một vài ví dụ nói rõ mối ...",
        "url": "giai-bai-tap-gdcd-10_bai-3-trang-52-giao-duc-cong-dan-10",
        "level": 0
    },
    {
        "type": "category",
        "title": "Bài 4 trang 53 GDCD 10: Khi bàn về quan hệ giữa tồn tại xã hội ...",
        "url": "giai-bai-tap-gdcd-10_bai-4-trang-53-giao-duc-cong-dan-10",
        "level": 0
    }
]