[
    {
        "type": "category",
        "title": "Bài 1 trang 75 GDCD 10: Trong xã hội ta hiện nay, có một số người sống ...",
        "url": "giai-bai-tap-gdcd-10_bai-1-trang-75-giao-duc-cong-dan-10",
        "level": 0
    },
    {
        "type": "category",
        "title": "Bài 2 trang 75 GDCD 10: Vì sao người có lương tâm được xã hội đánh ...",
        "url": "giai-bai-tap-gdcd-10_bai-2-trang-75-giao-duc-cong-dan-10",
        "level": 0
    },
    {
        "type": "category",
        "title": "Bài 3 trang 75 GDCD 10: Nhân phẩm và danh dự có vai trò như thế nào ...",
        "url": "giai-bai-tap-gdcd-10_bai-3-trang-75-giao-duc-cong-dan-10",
        "level": 0
    },
    {
        "type": "category",
        "title": "Bài 4 trang 75 GDCD 10: Hãy phân biệt tự trọng với tự ái ...",
        "url": "giai-bai-tap-gdcd-10_bai-4-trang-75-giao-duc-cong-dan-10",
        "level": 0
    },
    {
        "type": "category",
        "title": "Bài 5 trang 75 GDCD 10: Có người cho rằng hạnh phúc là “Cầu được, ...",
        "url": "giai-bai-tap-gdcd-10_bai-5-trang-75-giao-duc-cong-dan-10",
        "level": 0
    },
    {
        "type": "category",
        "title": "Bài 6 trang 75 GDCD 10: Theo em, hạnh phúc của một học sinh Trung học ...",
        "url": "giai-bai-tap-gdcd-10_bai-6-trang-75-giao-duc-cong-dan-10",
        "level": 0
    },
    {
        "type": "category",
        "title": "Bài 7 trang 75 GDCD 10: Em hãy nêu một vài nghĩa vụ đạo đức cụ thể ...",
        "url": "giai-bai-tap-gdcd-10_bai-7-trang-75-giao-duc-cong-dan-10",
        "level": 0
    }
]