[
    {
        "type": "category",
        "title": "Bài 1 trang 101 GDCD 10: Thế nào là lòng yêu nước? Em nghĩ gì ...",
        "url": "giai-bai-tap-gdcd-10_bai-1-trang-101-giao-duc-cong-dan-10",
        "level": 0
    },
    {
        "type": "category",
        "title": "Bài 2 trang 101 GDCD 10: Xử lí tình huống: ...",
        "url": "giai-bai-tap-gdcd-10_bai-2-trang-101-giao-duc-cong-dan-10",
        "level": 0
    },
    {
        "type": "category",
        "title": "Bài 3 trang 102 GDCD 10: Hãy tìm hiểu về các hoạt động, các phong ...",
        "url": "giai-bai-tap-gdcd-10_bai-3-trang-102-giao-duc-cong-dan-10",
        "level": 0
    },
    {
        "type": "category",
        "title": "Bài 4 trang 102 GDCD 10: Hãy tìm hiểu về những hoạt động góp phần ...",
        "url": "giai-bai-tap-gdcd-10_bai-4-trang-102-giao-duc-cong-dan-10",
        "level": 0
    }
]