[
    {
        "type": "category",
        "title": "Bài 1 trang 59 GDCD 10: Em hãy cho biết: Vì sao nói con người ...",
        "url": "giai-bai-tap-gdcd-10_bai-1-trang-59-giao-duc-cong-dan-10",
        "level": 0
    },
    {
        "type": "category",
        "title": "Bài 2 trang 59 GDCD 10: Hăng-ri Đuy-năng (1828 – 1910) là nhà ...",
        "url": "giai-bai-tap-gdcd-10_bai-2-trang-59-giao-duc-cong-dan-10",
        "level": 0
    },
    {
        "type": "category",
        "title": "Bài 3 trang 60 GDCD 10: Hãy điều tra thực tế ở địa phương em ...",
        "url": "giai-bai-tap-gdcd-10_bai-3-trang-60-giao-duc-cong-dan-10",
        "level": 0
    },
    {
        "type": "category",
        "title": "Bài 4 trang 60 GDCD 10: Trong cuộc sống hàng ngày có một số ...",
        "url": "giai-bai-tap-gdcd-10_bai-4-trang-60-giao-duc-cong-dan-10",
        "level": 0
    }
]