[
    {
        "type": "category",
        "title": "Bài 1 trang 44 GDCD 10: Dựa vào kiến thức đã học và thực tế cuộc sống, ...",
        "url": "giai-bai-tap-gdcd-10_bai-1-trang-44-giao-duc-cong-dan-10",
        "level": 0
    },
    {
        "type": "category",
        "title": "Bài 2 trang 44 GDCD 10: Em hiểu thế nào về nguyên lí giáo dục: Học ...",
        "url": "giai-bai-tap-gdcd-10_bai-2-trang-44-giao-duc-cong-dan-10",
        "level": 0
    },
    {
        "type": "category",
        "title": "Bài 3 trang 44 GDCD 10: Bản thân em đã có việc làm nào gắn học với ...",
        "url": "giai-bai-tap-gdcd-10_bai-3-trang-44-giao-duc-cong-dan-10",
        "level": 0
    },
    {
        "type": "category",
        "title": "Bài 4 trang 44 GDCD 10: Dựa vào kiến thức đã học, em hãy cho biết ...",
        "url": "giai-bai-tap-gdcd-10_bai-4-trang-44-giao-duc-cong-dan-10",
        "level": 0
    },
    {
        "type": "category",
        "title": "Bài 5 trang 44 GDCD 10: Trong khi chuẩn bị cho bài học Thực tiễn và ...",
        "url": "giai-bai-tap-gdcd-10_bai-5-trang-44-giao-duc-cong-dan-10",
        "level": 0
    }
]