[
    {
        "type": "category",
        "title": "Bài 1 trang 23 GDCD 10: Theo quan điểm triết học Mác – Lê nin, thế nào ...",
        "url": "giai-bai-tap-gdcd-10_bai-1-trang-23-giao-duc-cong-dan-10",
        "level": 0
    },
    {
        "type": "category",
        "title": "Bài 2 trang 23 GDCD 10: Theo quan điểm triết học Mác – Lê nin, thế nào ...",
        "url": "giai-bai-tap-gdcd-10_bai-2-trang-23-giao-duc-cong-dan-10",
        "level": 0
    },
    {
        "type": "category",
        "title": "Bài 3 trang 23 GDCD 10: Hãy chứng minh rằng, vận động là phương thức ...",
        "url": "giai-bai-tap-gdcd-10_bai-3-trang-23-giao-duc-cong-dan-10",
        "level": 0
    },
    {
        "type": "category",
        "title": "Bài 4 trang 23 GDCD 10: Một học sinh chuyển từ cấp THCS lên cấp THPT ...",
        "url": "giai-bai-tap-gdcd-10_bai-4-trang-23-giao-duc-cong-dan-10",
        "level": 0
    },
    {
        "type": "category",
        "title": "Bài 5 trang 23 GDCD 10: Em hãy nêu một vài ví dụ về sự phát triển trên ...",
        "url": "giai-bai-tap-gdcd-10_bai-5-trang-23-giao-duc-cong-dan-10",
        "level": 0
    },
    {
        "type": "category",
        "title": "Bài 6 trang 23 GDCD 10: Hãy sắp xếp các hiện tượng sau đây theo các ...",
        "url": "giai-bai-tap-gdcd-10_bai-6-trang-23-giao-duc-cong-dan-10",
        "level": 0
    }
]