[
    {
        "type": "category",
        "title": "Bài 1 trang 86 GDCD 10: Hiện nay, trong học sinh có những bạn nam và ...",
        "url": "giai-bai-tap-gdcd-10_bai-1-trang-86-giao-duc-cong-dan-10",
        "level": 0
    },
    {
        "type": "category",
        "title": "Bài 2 trang 86 GDCD 10: Trong bài học nêu lên một số điều nên tránh ...",
        "url": "giai-bai-tap-gdcd-10_bai-2-trang-86-giao-duc-cong-dan-10",
        "level": 0
    },
    {
        "type": "category",
        "title": "Bài 3 trang 86 GDCD 10: Hiện nay, có một số người chung sống với ...",
        "url": "giai-bai-tap-gdcd-10_bai-3-trang-86-giao-duc-cong-dan-10",
        "level": 0
    },
    {
        "type": "category",
        "title": "Bài 4 trang 86 GDCD 10: Theo em, điểm khác biệt lớn nhất trong ...",
        "url": "giai-bai-tap-gdcd-10_bai-4-trang-86-giao-duc-cong-dan-10",
        "level": 0
    },
    {
        "type": "category",
        "title": "Bài 5 trang 86 GDCD 10: Trước đây, quan niệm về một gia đình có ...",
        "url": "giai-bai-tap-gdcd-10_bai-5-trang-86-giao-duc-cong-dan-10",
        "level": 0
    },
    {
        "type": "category",
        "title": "Bài 6 trang 86 GDCD 10: Em hãy sưu tầm một số câu ca dao, tục ngữ ...",
        "url": "giai-bai-tap-gdcd-10_bai-6-trang-86-giao-duc-cong-dan-10",
        "level": 0
    }
]