[
    {
        "type": "category",
        "title": "Bài 1 trang 66 GDCD 10: Em hãy phân biệt đạo đức với pháp luật ...",
        "url": "giai-bai-tap-gdcd-10_bai-1-trang-66-giao-duc-cong-dan-10",
        "level": 0
    },
    {
        "type": "category",
        "title": "Bài 2 trang 66 GDCD 10: Ngày xưa, một người lấy việc chặt củi, ...",
        "url": "giai-bai-tap-gdcd-10_bai-2-trang-66-giao-duc-cong-dan-10",
        "level": 0
    },
    {
        "type": "category",
        "title": "Bài 3 trang 66 GDCD 10: Hãy lấy một vài ví dụ về hành vi của cá nhân ...",
        "url": "giai-bai-tap-gdcd-10_bai-3-trang-66-giao-duc-cong-dan-10",
        "level": 0
    },
    {
        "type": "category",
        "title": "Bài 4 trang 67 GDCD 10: Em hãy kể về một tấm gương đạo đức của một ...",
        "url": "giai-bai-tap-gdcd-10_bai-4-trang-67-giao-duc-cong-dan-10",
        "level": 0
    },
    {
        "type": "category",
        "title": "Bài 5 trang 67 GDCD 10: Gia đình Việt Nam hiện nay chịu ảnh hưởng của ...",
        "url": "giai-bai-tap-gdcd-10_bai-5-trang-67-giao-duc-cong-dan-10",
        "level": 0
    }
]