[
    {
        "type": "category",
        "title": "Bài 1 trang 33 GDCD 10: Thế nào là chất và lượng của sự vật và ...",
        "url": "giai-bai-tap-gdcd-10_bai-1-trang-33-giao-duc-cong-dan-10",
        "level": 0
    },
    {
        "type": "category",
        "title": "Bài 2 trang 33 GDCD 10: Sự biến đổi về lượng và sự biến đổi về chất ...",
        "url": "giai-bai-tap-gdcd-10_bai-2-trang-33-giao-duc-cong-dan-10",
        "level": 0
    },
    {
        "type": "category",
        "title": "Bài 3 trang 33 GDCD 10: Trong những câu dưới đây, câu nào thể hiện mối ...",
        "url": "giai-bai-tap-gdcd-10_bai-3-trang-33-giao-duc-cong-dan-10",
        "level": 0
    },
    {
        "type": "category",
        "title": "Bài 4 trang 33 GDCD 10: Trong đoạn văn sau đây, ý nào nói về lượng, ...",
        "url": "giai-bai-tap-gdcd-10_bai-4-trang-33-giao-duc-cong-dan-10",
        "level": 0
    },
    {
        "type": "category",
        "title": "Bài 5 trang 33 GDCD 10: Em hãy nêu một vài ví dụ nói lên sự biến đổi ...",
        "url": "giai-bai-tap-gdcd-10_bai-5-trang-33-giao-duc-cong-dan-10",
        "level": 0
    }
]