[
    {
        "type": "category",
        "title": "Trả lời câu hỏi Bài 4 (trang 22): Trình bày ý nghĩa ...",
        "url": "giai-bai-tap-lich-su-10_tra-loi-cau-hoi-su-10-bai-4-trang-22",
        "level": 0
    },
    {
        "type": "category",
        "title": "Trả lời câu hỏi Bài 4 (trang 24): Thị quốc là gì ...",
        "url": "giai-bai-tap-lich-su-10_tra-loi-cau-hoi-su-10-bai-4-trang-24",
        "level": 0
    },
    {
        "type": "category",
        "title": "Trả lời câu hỏi Bài 4 (trang 27): Giá trị nghệ thuật Hi Lạp ...",
        "url": "giai-bai-tap-lich-su-10_tra-loi-cau-hoi-su-10-bai-4-trang-27",
        "level": 0
    },
    {
        "type": "category",
        "title": "Bài 1 (trang 27 sgk Lịch Sử 10): Hãy trình bày vai trò ...",
        "url": "giai-bai-tap-lich-su-10_cau-1-trang-27-sgk-lich-su-10",
        "level": 0
    },
    {
        "type": "category",
        "title": "Bài 2 (trang 27 sgk Lịch Sử 10): Bản chất của nền ...",
        "url": "giai-bai-tap-lich-su-10_cau-2-trang-27-sgk-lich-su-10",
        "level": 0
    },
    {
        "type": "category",
        "title": "Bài 3 (trang 27 sgk Lịch Sử 10): Văn hóa cổ đại Hi Lạp ...",
        "url": "giai-bai-tap-lich-su-10_cau-3-trang-27-sgk-lich-su-10",
        "level": 0
    }
]