[
    {
        "type": "category",
        "title": "Trả lời câu hỏi Bài 34 (trang 172): Trình bày những phát minh lớn ...",
        "url": "giai-bai-tap-lich-su-10_tra-loi-cau-hoi-su-10-bai-34-trang-172",
        "level": 0
    },
    {
        "type": "category",
        "title": "Trả lời câu hỏi Bài 34 (trang 173): Các tổ chức độc quyền ...",
        "url": "giai-bai-tap-lich-su-10_tra-loi-cau-hoi-su-10-bai-34-trang-173",
        "level": 0
    },
    {
        "type": "category",
        "title": "Bài 1 (trang 173 sgk Lịch Sử 10): Vì sao các nước đế quốc ...",
        "url": "giai-bai-tap-lich-su-10_cau-1-trang-173-sgk-lich-su-10",
        "level": 0
    },
    {
        "type": "category",
        "title": "Bài 2 (trang 173 sgk Lịch Sử 10): Tại sao trong giai đoạn ...",
        "url": "giai-bai-tap-lich-su-10_cau-2-trang-173-sgk-lich-su-10",
        "level": 0
    }
]