[
    {
        "type": "category",
        "title": "Trả lời câu hỏi Bài 6 (trang 40): Quá trình hình thành ...",
        "url": "giai-bai-tap-lich-su-10_tra-loi-cau-hoi-su-10-bai-6-trang-39",
        "level": 0
    },
    {
        "type": "category",
        "title": "Trả lời câu hỏi Bài 6 (trang 40): Trình bày sự phát triển ...",
        "url": "giai-bai-tap-lich-su-10_tra-loi-cau-hoi-su-10-bai-6-trang-40",
        "level": 0
    },
    {
        "type": "category",
        "title": "Bài 1 (trang 40 sgk Lịch Sử 10): Tạo sao nói thời ...",
        "url": "giai-bai-tap-lich-su-10_cau-1-trang-40-sgk-lich-su-10",
        "level": 0
    },
    {
        "type": "category",
        "title": "Bài 2 (trang 40 sgk Lịch Sử 10): Những yếu tố văn hóa ...",
        "url": "giai-bai-tap-lich-su-10_cau-2-trang-40-sgk-lich-su-10",
        "level": 0
    }
]