[
    {
        "type": "category",
        "title": "Trả lời câu hỏi Bài 35 (trang 175): Trình bày tình hình kinh tế ...",
        "url": "giai-bai-tap-lich-su-10_tra-loi-cau-hoi-su-10-bai-35-trang-175",
        "level": 0
    },
    {
        "type": "category",
        "title": "Trả lời câu hỏi Bài 35 (trang 177): Hãy cho biết đặc điểm ...",
        "url": "giai-bai-tap-lich-su-10_tra-loi-cau-hoi-su-10-bai-35-trang-177",
        "level": 0
    },
    {
        "type": "category",
        "title": "Bài 1 (trang 177 sgk Lịch Sử 10): Vì sao nói chủ nghĩa đế quốc ...",
        "url": "giai-bai-tap-lich-su-10_cau-1-trang-177-sgk-lich-su-10",
        "level": 0
    },
    {
        "type": "category",
        "title": "Bài 2 (trang 177 sgk Lịch Sử 10): Em có nhận xét gì về tình hình ...",
        "url": "giai-bai-tap-lich-su-10_cau-2-trang-177-sgk-lich-su-10",
        "level": 0
    }
]