[
    {
        "type": "category",
        "title": "Trả lời câu hỏi Bài 3 (trang 13): Tại sao xã hội có giai cấp ",
        "url": "giai-bai-tap-lich-su-10_tra-loi-cau-hoi-su-10-bai-3-trang-13",
        "level": 0
    },
    {
        "type": "category",
        "title": "Trả lời câu hỏi Bài 3 (trang 14): Các quốc gia cổ đại ...",
        "url": "giai-bai-tap-lich-su-10_tra-loi-cau-hoi-su-10-bai-3-trang-14",
        "level": 0
    },
    {
        "type": "category",
        "title": "Trả lời câu hỏi Bài 3 (trang 15): Hãy trình bày vai trò ...",
        "url": "giai-bai-tap-lich-su-10_tra-loi-cau-hoi-su-10-bai-3-trang-15",
        "level": 0
    },
    {
        "type": "category",
        "title": "Trả lời câu hỏi Bài 3 (trang 16): Ở các nước phương Đông ...",
        "url": "giai-bai-tap-lich-su-10_tra-loi-cau-hoi-su-10-bai-3-trang-16",
        "level": 0
    },
    {
        "type": "category",
        "title": "Trả lời câu hỏi Bài 3 (trang 19): Hãy cho biết những thành tựu ...",
        "url": "giai-bai-tap-lich-su-10_tra-loi-cau-hoi-su-10-bai-3-trang-19",
        "level": 0
    },
    {
        "type": "category",
        "title": "Bài 1 (trang 19 sgk Lịch Sử 10): Tại sao cư dân trên lưu vực ...",
        "url": "giai-bai-tap-lich-su-10_cau-1-trang-19-sgk-lich-su-10",
        "level": 0
    },
    {
        "type": "category",
        "title": "Bài 2 (trang 19 sgk Lịch Sử 10): Xã hội cổ đại phương Đông ...",
        "url": "giai-bai-tap-lich-su-10_cau-2-trang-19-sgk-lich-su-10",
        "level": 0
    },
    {
        "type": "category",
        "title": "Bài 3 (trang 19 sgk Lịch Sử 10): Em hiểu thế nào là chế độ ...",
        "url": "giai-bai-tap-lich-su-10_cau-3-trang-19-sgk-lich-su-10",
        "level": 0
    },
    {
        "type": "category",
        "title": "Bài 4 (trang 19 sgk Lịch Sử 10): Cư dân phương Đông thời cổ đại ...",
        "url": "giai-bai-tap-lich-su-10_cau-4-trang-19-sgk-lich-su-10",
        "level": 0
    }
]