[
    {
        "type": "category",
        "title": "Trả lời câu hỏi Bài 14 (trang 76): Hoạt động kinh tế của cư dân ...",
        "url": "giai-bai-tap-lich-su-10_tra-loi-cau-hoi-su-10-bai-14-trang-76",
        "level": 0
    },
    {
        "type": "category",
        "title": "Trả lời câu hỏi Bài 14 (trang 78): Những cơ sở và điều kiện ...",
        "url": "giai-bai-tap-lich-su-10_tra-loi-cau-hoi-su-10-bai-14-trang-78",
        "level": 0
    },
    {
        "type": "category",
        "title": "Trả lời câu hỏi Bài 14 (trang 79): Nêu những nét cơ bản ...",
        "url": "giai-bai-tap-lich-su-10_tra-loi-cau-hoi-su-10-bai-14-trang-79",
        "level": 0
    },
    {
        "type": "category",
        "title": "Bài 1 (trang 79 sgk Lịch Sử 10): Tóm tắt quá trình ...",
        "url": "giai-bai-tap-lich-su-10_cau-1-trang-79-sgk-lich-su-10",
        "level": 0
    },
    {
        "type": "category",
        "title": "Bài 2 (trang 79 sgk Lịch Sử 10): Hãy trình bày tình hình ...",
        "url": "giai-bai-tap-lich-su-10_cau-2-trang-79-sgk-lich-su-10",
        "level": 0
    },
    {
        "type": "category",
        "title": "Bài 3 (trang 79 sgk Lịch Sử 10): Hãy nêu những nét chính ...",
        "url": "giai-bai-tap-lich-su-10_cau-3-trang-79-sgk-lich-su-10",
        "level": 0
    },
    {
        "type": "category",
        "title": "Bài 4 (trang 79 sgk Lịch Sử 10): Những điểm giống và ...",
        "url": "giai-bai-tap-lich-su-10_cau-4-trang-79-sgk-lich-su-10",
        "level": 0
    }
]