[
    {
        "type": "category",
        "title": "Trả lời câu hỏi Bài 32 (trang 161): Ý nghĩa của việc phát minh ...",
        "url": "giai-bai-tap-lich-su-10_tra-loi-cau-hoi-su-10-bai-32-trang-161",
        "level": 0
    },
    {
        "type": "category",
        "title": "Trả lời câu hỏi Bài 32 (trang 162): Ý nghĩa của cách mạng ...",
        "url": "giai-bai-tap-lich-su-10_tra-loi-cau-hoi-su-10-bai-32-trang-162",
        "level": 0
    },
    {
        "type": "category",
        "title": "Bài 1 (trang 162 sgk Lịch Sử 10): Nêu mốc thời gian và những thành tựu ...",
        "url": "giai-bai-tap-lich-su-10_cau-1-trang-162-sgk-lich-su-10",
        "level": 0
    },
    {
        "type": "category",
        "title": "Bài 2 (trang 162 sgk Lịch Sử 10): Cách mạng công nghiệp ...",
        "url": "giai-bai-tap-lich-su-10_cau-2-trang-162-sgk-lich-su-10",
        "level": 0
    }
]