[
    {
        "type": "category",
        "title": "Trả lời câu hỏi Bài 29 (trang 144): Hãy nêu đặc điểm tình hình ...",
        "url": "giai-bai-tap-lich-su-10_tra-loi-cau-hoi-su-10-bai-29-trang-144",
        "level": 0
    },
    {
        "type": "category",
        "title": "Trả lời câu hỏi Bài 29 (trang 145): Hãy nêu đặc điểm tình hình ...",
        "url": "giai-bai-tap-lich-su-10_tra-loi-cau-hoi-su-10-bai-29-trang-145",
        "level": 0
    },
    {
        "type": "category",
        "title": "Bài 1 (trang 145 sgk Lịch Sử 10): Hãy nêu tính chất và ý nghĩa ",
        "url": "giai-bai-tap-lich-su-10_cau-1-trang-145-sgk-lich-su-10",
        "level": 0
    },
    {
        "type": "category",
        "title": "Bài 2 (trang 145 sgk Lịch Sử 10): Trình bày diễn biến ...",
        "url": "giai-bai-tap-lich-su-10_cau-2-trang-145-sgk-lich-su-10",
        "level": 0
    }
]