[
    {
        "type": "category",
        "title": "Trả lời câu hỏi Bài 31 (trang 152): Trước cách mạng tình hình ...",
        "url": "giai-bai-tap-lich-su-10_tra-loi-cau-hoi-su-10-bai-31-trang-152",
        "level": 0
    },
    {
        "type": "category",
        "title": "Trả lời câu hỏi Bài 31 (trang 155): Cách mạng tư sản ...",
        "url": "giai-bai-tap-lich-su-10_tra-loi-cau-hoi-su-10-bai-31-trang-155",
        "level": 0
    },
    {
        "type": "category",
        "title": "Trả lời câu hỏi Bài 31 (trang 156): Phái Gia-cô-banh lên nắm ...",
        "url": "giai-bai-tap-lich-su-10_tra-loi-cau-hoi-su-10-bai-31-trang-156",
        "level": 0
    },
    {
        "type": "category",
        "title": "Trả lời câu hỏi Bài 31 (trang 157): Chính quyền Gia-cô-banh ...",
        "url": "giai-bai-tap-lich-su-10_tra-loi-cau-hoi-su-10-bai-31-trang-157",
        "level": 0
    },
    {
        "type": "category",
        "title": "Trả lời câu hỏi Bài 31 (trang 158): Hãy cho biết tình hình nước ...",
        "url": "giai-bai-tap-lich-su-10_tra-loi-cau-hoi-su-10-bai-31-trang-158",
        "level": 0
    },
    {
        "type": "category",
        "title": "Bài 1 (trang 158 sgk Lịch Sử 10): Cách mạng tư sản ...",
        "url": "giai-bai-tap-lich-su-10_cau-1-trang-158-sgk-lich-su-10",
        "level": 0
    },
    {
        "type": "category",
        "title": "Bài 2 (trang 158 sgk Lịch Sử 10): Lập niên biểu diễn biến ...",
        "url": "giai-bai-tap-lich-su-10_cau-2-trang-158-sgk-lich-su-10",
        "level": 0
    },
    {
        "type": "category",
        "title": "Bài 3 (trang 158 sgk Lịch Sử 10): Hãy nêu ý nghĩa lịch sử ...",
        "url": "giai-bai-tap-lich-su-10_cau-3-trang-158-sgk-lich-su-10",
        "level": 0
    }
]