[
    {
        "type": "category",
        "title": "Trả lời câu hỏi Bài 30 (trang 147): Hãy trình bày chính sách ...",
        "url": "giai-bai-tap-lich-su-10_tra-loi-cau-hoi-su-10-bai-30-trang-147",
        "level": 0
    },
    {
        "type": "category",
        "title": "Trả lời câu hỏi Bài 30 (trang 149): Nước Mĩ được thành lập ...",
        "url": "giai-bai-tap-lich-su-10_tra-loi-cau-hoi-su-10-bai-30-trang-149",
        "level": 0
    },
    {
        "type": "category",
        "title": "Bài 1 (trang 150 sgk Lịch Sử 10): Hãy trình bày diễn biến ...",
        "url": "giai-bai-tap-lich-su-10_cau-1-trang-150-sgk-lich-su-10",
        "level": 0
    },
    {
        "type": "category",
        "title": "Bài 2 (trang 150 sgk Lịch Sử 10): Trình bày kết quả ...",
        "url": "giai-bai-tap-lich-su-10_cau-2-trang-150-sgk-lich-su-10",
        "level": 0
    }
]