[
    {
        "type": "category",
        "title": "Trả lời câu hỏi Bài 18 (trang 92): Nhà nước và nhân dân ...",
        "url": "giai-bai-tap-lich-su-10_tra-loi-cau-hoi-su-10-bai-18-trang-92",
        "level": 0
    },
    {
        "type": "category",
        "title": "Trả lời câu hỏi Bài 18 (trang 93): Sự ra đời của các làng nghề ...",
        "url": "giai-bai-tap-lich-su-10_tra-loi-cau-hoi-su-10-bai-18-trang-93",
        "level": 0
    },
    {
        "type": "category",
        "title": "Trả lời câu hỏi Bài 18 (trang 94): Em nghĩ như thế nào ...",
        "url": "giai-bai-tap-lich-su-10_tra-loi-cau-hoi-su-10-bai-18-trang-94",
        "level": 0
    },
    {
        "type": "category",
        "title": "Bài 1 (trang 95 sgk Lịch Sử 10): Những nguyên nhân ...",
        "url": "giai-bai-tap-lich-su-10_cau-1-trang-95-sgk-lich-su-10",
        "level": 0
    },
    {
        "type": "category",
        "title": "Bài 2 (trang 95 sgk Lịch Sử 10): Hãy nêu những biểu hiện ...",
        "url": "giai-bai-tap-lich-su-10_cau-2-trang-95-sgk-lich-su-10",
        "level": 0
    },
    {
        "type": "category",
        "title": "Bài 3 (trang 95 sgk Lịch Sử 10): Sự phân hóa xã hội ở thế kỉ ...",
        "url": "giai-bai-tap-lich-su-10_cau-3-trang-95-sgk-lich-su-10",
        "level": 0
    }
]