[
    {
        "type": "category",
        "title": "Trả lời câu hỏi Bài 33 (trang 164): Hãy trình bày những nét lớn ...",
        "url": "giai-bai-tap-lich-su-10_tra-loi-cau-hoi-su-10-bai-33-trang-164",
        "level": 0
    },
    {
        "type": "category",
        "title": "Trả lời câu hỏi Bài 33 (trang 167): Kết hợp lược đồ ...",
        "url": "giai-bai-tap-lich-su-10_tra-loi-cau-hoi-su-10-bai-33-trang-167",
        "level": 0
    },
    {
        "type": "category",
        "title": "Trả lời câu hỏi Bài 33 (trang 169): Hãy nêu đặc điểm ...",
        "url": "giai-bai-tap-lich-su-10_tra-loi-cau-hoi-su-10-bai-33-trang-169",
        "level": 0
    },
    {
        "type": "category",
        "title": "Bài 1 (trang 0 sgk Lịch Sử 10): Tại sao nói ...",
        "url": "giai-bai-tap-lich-su-10_cau-1-trang-169-sgk-lich-su-10",
        "level": 0
    },
    {
        "type": "category",
        "title": "Bài 2 (trang 0 sgk Lịch Sử 10): : Hãy cho biết hệ quả ...",
        "url": "giai-bai-tap-lich-su-10_cau-2-trang-169-sgk-lich-su-10",
        "level": 0
    }
]