[
    {
        "type": "category",
        "title": "Phần 1: Lịch sử thế giới thời nguyên thủy, cổ đại và trung đại",
        "url": "",
        "level": 0
    },
    {
        "type": "category",
        "title": "Chương 1: Xã hội nguyên thủy",
        "url": "giai-bai-tap-lich-su-10_chuong-1-xa-hoi-nguyen-thuy",
        "level": 1
    },
    {
        "type": "category",
        "title": "Bài 1: Sự xuất hiện loài người và bầy người nguyên thủy",
        "url": "giai-bai-tap-lich-su-10_su-xuat-hien-loai-nguoi-va-bay-nguoi-nguyen-thuy",
        "level": 2
    },
    {
        "type": "category",
        "title": "Bài 2: Xã hội nguyên thủy",
        "url": "giai-bai-tap-lich-su-10_xa-hoi-nguyen-thuy",
        "level": 2
    },
    {
        "type": "category",
        "title": "Chương 2: Xã hội cổ đại",
        "url": "giai-bai-tap-lich-su-10_chuong-2-xa-hoi-co-dai",
        "level": 1
    },
    {
        "type": "category",
        "title": "Bài 3: Các quốc gia cổ đại phương đông",
        "url": "giai-bai-tap-lich-su-10_cac-quoc-gia-co-dai-phuong-dong",
        "level": 2
    },
    {
        "type": "category",
        "title": "Bài 4: Các quốc gia cổ đại phương Tây - Hi Lạp và Rô - Ma",
        "url": "giai-bai-tap-lich-su-10_cac-quoc-gia-co-dai-phuong-tay-hi-lap-va-ro-ma",
        "level": 2
    },
    {
        "type": "category",
        "title": "Chương 3: Trung Quốc thời phong kiến",
        "url": "giai-bai-tap-lich-su-10_chuong-3-trung-quoc-thoi-phong-kien",
        "level": 1
    },
    {
        "type": "category",
        "title": "Bài 5: Trung Quốc thời phong kiến",
        "url": "giai-bai-tap-lich-su-10_trung-quoc-thoi-phong-kien",
        "level": 2
    },
    {
        "type": "category",
        "title": "Chương 4: Ấn Độ thời phong kiến",
        "url": "giai-bai-tap-lich-su-10_chuong-4-an-do-thoi-phong-kien",
        "level": 1
    },
    {
        "type": "category",
        "title": "Bài 6: Các quốc gia Ấn Độ và văn hóa truyền thống Ấn Độ",
        "url": "giai-bai-tap-lich-su-10_cac-quoc-gia-an-do-va-van-hoa-truyen-thong-an-do",
        "level": 2
    },
    {
        "type": "category",
        "title": "Bài 7: Sự phát triển lịch sử và nền văn hóa đa dạng của Ấn Độ",
        "url": "giai-bai-tap-lich-su-10_su-phat-trien-lich-su-va-nen-van-hoa-da-dang-cua-an-do",
        "level": 2
    },
    {
        "type": "category",
        "title": "Chương 5: Đông Nam Á thời phong kiến",
        "url": "giai-bai-tap-lich-su-10_chuong-5-dong-nam-a-thoi-phong-kien",
        "level": 1
    },
    {
        "type": "category",
        "title": "Bài 8: Sự hình thành và phát triển các vương quốc chính ở Đông Nam Á",
        "url": "giai-bai-tap-lich-su-10_su-hinh-thanh-va-phat-trien-cac-vuong-quoc-chinh-o-dong-nam-a",
        "level": 2
    },
    {
        "type": "category",
        "title": "Bài 9: Vương quốc Cam-pu-chia và Vương quốc Lào",
        "url": "giai-bai-tap-lich-su-10_vuong-quoc-cam-pu-chia-va-vuong-quoc-lao",
        "level": 2
    },
    {
        "type": "category",
        "title": "Chương 6: Tây Âu thời trung đại",
        "url": "giai-bai-tap-lich-su-10_chuong-6-tay-au-thoi-trung-dai",
        "level": 1
    },
    {
        "type": "category",
        "title": "Bài 10: Thời kì hình thành và phát triển của chế độ phong kiến Tây Âu (từ thế kỉ V đến thế kỉ XIV)",
        "url": "giai-bai-tap-lich-su-10_thoi-ki-hinh-thanh-va-phat-trien-cua-che-do-phong-kien-tay-au-tu-the-ki-v-den-the-ki-xiv",
        "level": 2
    },
    {
        "type": "category",
        "title": "Bài 11: Tây Âu thời kì trung đại",
        "url": "giai-bai-tap-lich-su-10_tay-au-thoi-ki-trung-dai",
        "level": 2
    },
    {
        "type": "category",
        "title": "Bài 12: Ôn tập: Lịch sử thế giới người nguyên thủy, cổ đại và trung đại",
        "url": "giai-bai-tap-lich-su-10_on-tap-lich-su-the-gioi-nguoi-nguyen-thuy-co-dai-va-trung-dai",
        "level": 2
    },
    {
        "type": "category",
        "title": "Phần 2: Lịch sử Việt Nam từ nguồn gốc đến giữa thế kỉ XIX",
        "url": "",
        "level": 0
    },
    {
        "type": "category",
        "title": "Chương 1: Việt Nam từ thời nguyên thủy đến thế kỉ X",
        "url": "giai-bai-tap-lich-su-10_chuong-1-viet-nam-tu-thoi-nguyen-thuy-den-the-ki-x",
        "level": 1
    },
    {
        "type": "category",
        "title": "Bài 13: Việt Nam thời kì nguyên thủy",
        "url": "giai-bai-tap-lich-su-10_viet-nam-thoi-ki-nguyen-thuy",
        "level": 2
    },
    {
        "type": "category",
        "title": "Bài 14: Các quốc gia cổ đại trên đất nước Việt Nam",
        "url": "giai-bai-tap-lich-su-10_cac-quoc-gia-co-dai-tren-dat-nuoc-viet-nam",
        "level": 2
    },
    {
        "type": "category",
        "title": "Bài 15: Thời Bắc thuộc và các cuộc đấu tranh giành độc lập dân tộc (từ thế kỉ II TCN đến đầu thế kỉ X)",
        "url": "giai-bai-tap-lich-su-10_thoi-bac-thuoc-va-cac-cuoc-dau-tranh-gianh-doc-lap-dan-toc-tu-the-ki-ii-tcn-den-dau-the-ki-x",
        "level": 2
    },
    {
        "type": "category",
        "title": "Bài 16: Thời Bắc thuộc và các cuộc đấu tranh giành độc lập dân tộc (từ thế kỉ II TCN đến đầu thế kỉ X) (Tiếp theo)",
        "url": "giai-bai-tap-lich-su-10_thoi-bac-thuoc-va-cac-cuoc-dau-tranh-gianh-doc-lap-dan-toc-tu-the-ki-ii-tcn-den-dau-the-ki-x-tiep-theo",
        "level": 2
    },
    {
        "type": "category",
        "title": "Chương 2: Việt Nam từ thế kỉ X đến thế kỉ XV",
        "url": "giai-bai-tap-lich-su-10_chuong-2-viet-nam-tu-the-ki-x-den-the-ki-xv",
        "level": 1
    },
    {
        "type": "category",
        "title": "Bài 17: Quá trình hình thành và phát triển của nhà nước phong kiến (từ thế kỉ X đến thế kỉ XV)",
        "url": "giai-bai-tap-lich-su-10_qua-trinh-hinh-thanh-va-phat-trien-cua-nha-nuoc-phong-kien-tu-the-ki-x-den-the-ki-xv",
        "level": 2
    },
    {
        "type": "category",
        "title": "Bài 18: Công cuộc xây dựng và phát triển kinh tế trong các thế kỉ X-XV",
        "url": "giai-bai-tap-lich-su-10_cong-cuoc-xay-dung-va-phat-trien-kinh-te-trong-cac-the-ki-x-xv",
        "level": 2
    },
    {
        "type": "category",
        "title": "Bài 19: Những cuộc kháng chiến chống ngoại xâm ở các thế kỉ X-XV",
        "url": "giai-bai-tap-lich-su-10_nhung-cuoc-khang-chien-chong-ngoai-xam-o-cac-the-ki-x-xv",
        "level": 2
    },
    {
        "type": "category",
        "title": "Bài 20: Xây dựng và phát triển văn hóa dân tộc trong các thế kỉ X-XV",
        "url": "giai-bai-tap-lich-su-10_xay-dung-va-phat-trien-van-hoa-dan-toc-trong-cac-the-ki-x-xv",
        "level": 2
    },
    {
        "type": "category",
        "title": "Chương 3: Việt Nam từ thế kỉ XVI đến thế kỉ XVIII",
        "url": "giai-bai-tap-lich-su-10_chuong-3-viet-nam-tu-the-ki-xvi-den-the-ki-xviii",
        "level": 1
    },
    {
        "type": "category",
        "title": "Bài 21: Những biến đổi của nhà nước phong kiến trong các thế kỉ XVI-XVIII",
        "url": "giai-bai-tap-lich-su-10_nhung-bien-doi-cua-nha-nuoc-phong-kien-trong-cac-the-ki-xvi-xviii",
        "level": 2
    },
    {
        "type": "category",
        "title": "Bài 22: Tình hình kinh tế ở các thế kỉ XVI-XVIII",
        "url": "giai-bai-tap-lich-su-10_tinh-hinh-kinh-te-o-cac-the-ki-xvi-xviii",
        "level": 2
    },
    {
        "type": "category",
        "title": "Bài 23: Phong trào Tây Sơn và sự nghiệp thống nhất đất nước, bảo vệ tổ quốc cuối thế kỉ XVIII",
        "url": "giai-bai-tap-lich-su-10_phong-trao-tay-son-va-su-nghiep-thong-nhat-dat-nuoc-bao-ve-to-quoc-cuoi-the-ki-xviii",
        "level": 2
    },
    {
        "type": "category",
        "title": "Bài 24: Tình hình văn hóa ở các thế kỉ XVI-XVIII",
        "url": "giai-bai-tap-lich-su-10_tinh-hinh-van-hoa-o-cac-the-ki-xvi-xviii",
        "level": 2
    },
    {
        "type": "category",
        "title": "Chương 4: Việt Nam ở nửa đầu thế kỉ XIX",
        "url": "giai-bai-tap-lich-su-10_chuong-4-viet-nam-o-nua-dau-the-ki-xix",
        "level": 1
    },
    {
        "type": "category",
        "title": "Bài 25: Tình hình chính trị, kinh tế, văn hóa dưới triều Nguyễn (nửa đầu thế kỉ XIX)",
        "url": "giai-bai-tap-lich-su-10_tinh-hinh-chinh-tri-kinh-te-van-hoa-duoi-trieu-nguyen-nua-dau-the-ki-xix",
        "level": 2
    },
    {
        "type": "category",
        "title": "Bài 26: Tình hình xã hội ở nửa đầu thế kỉ XIX và phong trào đấu tranh của nhân dân",
        "url": "giai-bai-tap-lich-su-10_tinh-hinh-xa-hoi-o-nua-dau-the-ki-xix-va-phong-trao-dau-tranh-cua-nhan-dan",
        "level": 2
    },
    {
        "type": "category",
        "title": "Chương 5: Sơ kết lịch sử Việt Nam từ nguồn gốc đến giữa thế kỉ XIX",
        "url": "giai-bai-tap-lich-su-10_so-ket-lich-su-viet-nam-tu-nguon-goc-den-giua-the-ki-xix",
        "level": 1
    },
    {
        "type": "category",
        "title": "Bài 27: Quá trình dựng nước và giữ nước",
        "url": "giai-bai-tap-lich-su-10_qua-trinh-dung-nuoc-va-giu-nuoc",
        "level": 2
    },
    {
        "type": "category",
        "title": "Bài 28: Truyền thống yêu nước của dân tộc Việt Nam thời phong kiến",
        "url": "giai-bai-tap-lich-su-10_truyen-thong-yeu-nuoc-cua-dan-toc-viet-nam-thoi-phong-kien",
        "level": 2
    },
    {
        "type": "category",
        "title": "Phần 3: Lịch sử thế giới cận đại",
        "url": "",
        "level": 0
    },
    {
        "type": "category",
        "title": "Chương 1: Các cuộc cách mạng tư sản (Từ giữa thế kỉ XVI đến cuối thế kỉ XVIII)",
        "url": "giai-bai-tap-lich-su-10_chuong-1-cac-cuoc-cach-mang-tu-san-tu-giua-the-ki-xvi-den-cuoi-the-ki-xviii",
        "level": 1
    },
    {
        "type": "category",
        "title": "Bài 29: Cách mạng Hà Lan và cách mạng tư sản Anh",
        "url": "giai-bai-tap-lich-su-10_cach-mang-ha-lan-va-cach-mang-tu-san-anh",
        "level": 2
    },
    {
        "type": "category",
        "title": "Bài 30: Chiến tranh giành độc lập của các thuộc địa Anh ở Bắc Mĩ",
        "url": "giai-bai-tap-lich-su-10_chien-tranh-gianh-doc-lap-cua-cac-thuoc-dia-anh-o-bac-mi",
        "level": 2
    },
    {
        "type": "category",
        "title": "Bài 31: Cách mạng tư sản Pháp cuối thế kỉ XVIII",
        "url": "giai-bai-tap-lich-su-10_cach-mang-tu-san-phap-cuoi-the-ki-xviii",
        "level": 2
    },
    {
        "type": "category",
        "title": "Chương 2: Các nước Âu - Mĩ (Từ giữa thế kỉ XVI đến cuối thế kỉ XVIII)",
        "url": "giai-bai-tap-lich-su-10_chuong-2-cac-nuoc-au-mi-tu-giua-the-ki-xvi-den-cuoi-the-ki-xviii",
        "level": 1
    },
    {
        "type": "category",
        "title": "Bài 32: Cách mạng công nghiệp ở châu Âu",
        "url": "giai-bai-tap-lich-su-10_cach-mang-cong-nghiep-o-chau-au",
        "level": 2
    },
    {
        "type": "category",
        "title": "Bài 33: Hoàn thành cách mạng tư sản ở châu Âu và Mĩ giữa thế kỉ XIX",
        "url": "giai-bai-tap-lich-su-10_hoan-thanh-cach-mang-tu-san-o-chau-au-va-mi-giua-the-ki-xix",
        "level": 2
    },
    {
        "type": "category",
        "title": "Bài 34: Các nước tư bản chuyển sang giai đoạn đế quốc chủ nghĩa",
        "url": "giai-bai-tap-lich-su-10_cac-nuoc-tu-ban-chuyen-sang-giai-doan-de-quoc-chu-nghia",
        "level": 2
    },
    {
        "type": "category",
        "title": "Bài 35: Các nước Anh, Pháp, Đức, Mĩ và sự bành trướng thuộc địa",
        "url": "giai-bai-tap-lich-su-10_cac-nuoc-anh-phap-duc-mi-va-su-banh-truong-thuoc-dia",
        "level": 2
    },
    {
        "type": "category",
        "title": "Chương 3: Phong trào công nhân (Từ đầu thế kỉ XIX đến đầu thế kỉ XX)",
        "url": "giai-bai-tap-lich-su-10_chuong-3-phong-trao-cong-nhan",
        "level": 1
    },
    {
        "type": "category",
        "title": "Bài 36: Sự hình thành và phát triển của phong trào công nhân",
        "url": "giai-bai-tap-lich-su-10_su-hinh-thanh-va-phat-trien-cua-phong-trao-cong-nhan",
        "level": 2
    },
    {
        "type": "category",
        "title": "Bài 37: Mác và Ăng-ghen. Sự ra đời của chủ nghĩa xã hội khoa học",
        "url": "giai-bai-tap-lich-su-10_mac-va-ang-ghen-su-ra-doi-cua-chu-nghia-xa-hoi-khoa-hoc",
        "level": 2
    },
    {
        "type": "category",
        "title": "Bài 38: Quốc tế thứ nhất và công xã Pa-ri 1871",
        "url": "giai-bai-tap-lich-su-10_quoc-te-thu-nhat-va-cong-xa-pa-ri-1871",
        "level": 2
    },
    {
        "type": "category",
        "title": "Bài 39: Quốc tế thứ hai",
        "url": "giai-bai-tap-lich-su-10_quoc-te-thu-hai",
        "level": 2
    },
    {
        "type": "category",
        "title": "Bài 40: Lê-nin và phong trào công nhân Nga đầu thế kỉ XX",
        "url": "giai-bai-tap-lich-su-10_le-nin-va-phong-trao-cong-nhan-nga-dau-the-ki-xx",
        "level": 2
    }
]