[
    {
        "type": "category",
        "title": "Trả lời câu hỏi Bài 40 (trang 201): Trình bày hoạt động bước đầu ...",
        "url": "giai-bai-tap-lich-su-10_tra-loi-cau-hoi-su-10-bai-40-trang-201",
        "level": 0
    },
    {
        "type": "category",
        "title": "Trả lời câu hỏi Bài 40 (trang 202): Hãy nêu tình hình nước Nga ...",
        "url": "giai-bai-tap-lich-su-10_tra-loi-cau-hoi-su-10-bai-40-trang-202",
        "level": 0
    },
    {
        "type": "category",
        "title": "Trả lời câu hỏi Bài 40 (trang 203): Trình bày những diễn biến chính ...",
        "url": "giai-bai-tap-lich-su-10_tra-loi-cau-hoi-su-10-bai-40-trang-203",
        "level": 0
    },
    {
        "type": "category",
        "title": "Bài 1 (trang 203 sgk Lịch Sử 10): Hãy nêu vai trò của Lê-nin đối với phong trào công nhân Nga ...",
        "url": "giai-bai-tap-lich-su-10_cau-1-trang-203-sgk-lich-su-10",
        "level": 0
    },
    {
        "type": "category",
        "title": "Bài 2 (trang 203 sgk Lịch Sử 10): Hãy nêu tính chất và ý nghĩa lịch sử của Cách mạng ...",
        "url": "giai-bai-tap-lich-su-10_cau-2-trang-203-sgk-lich-su-10",
        "level": 0
    }
]