[
    {
        "type": "category",
        "title": "Trả lời câu hỏi Bài 37 (trang 189): Trình bày những nét chính ...",
        "url": "giai-bai-tap-lich-su-10_tra-loi-cau-hoi-su-10-bai-37-trang-189",
        "level": 0
    },
    {
        "type": "category",
        "title": "Trả lời câu hỏi Bài 37 (trang 191): Đồng minh những người ...",
        "url": "giai-bai-tap-lich-su-10_tra-loi-cau-hoi-su-10-bai-37-trang-191",
        "level": 0
    },
    {
        "type": "category",
        "title": "Bài 1 (trang 191 sgk Lịch Sử 10): Vai trò của C.Mac và Ăng-ghen ...",
        "url": "giai-bai-tap-lich-su-10_cau-1-trang-191-sgk-lich-su-10",
        "level": 0
    },
    {
        "type": "category",
        "title": "Bài 2 (trang 191 sgk Lịch Sử 10): Hãy nêu nội dung cơ bản ...",
        "url": "giai-bai-tap-lich-su-10_cau-2-trang-191-sgk-lich-su-10",
        "level": 0
    }
]