[
    {
        "type": "category",
        "title": "Trả lời câu hỏi Bài 21 (trang 108): Nêu nguyên nhân ...",
        "url": "giai-bai-tap-lich-su-10_tra-loi-cau-hoi-su-10-bai-21-trang-108",
        "level": 0
    },
    {
        "type": "category",
        "title": "Trả lời câu hỏi Bài 21 (trang 109): Nhận xét về bộ máy ...",
        "url": "giai-bai-tap-lich-su-10_tra-loi-cau-hoi-su-10-bai-21-trang-109",
        "level": 0
    },
    {
        "type": "category",
        "title": "Trả lời câu hỏi Bài 21 (trang 110): Em có nhận định gì về ...",
        "url": "giai-bai-tap-lich-su-10_tra-loi-cau-hoi-su-10-bai-21-trang-110",
        "level": 0
    },
    {
        "type": "category",
        "title": "Bài 1 (trang 110 sgk Lịch Sử 10): Em hãy cho biết ...",
        "url": "giai-bai-tap-lich-su-10_cau-1-trang-110-sgk-lich-su-10",
        "level": 0
    },
    {
        "type": "category",
        "title": "Bài 2 (trang 110 sgk Lịch Sử 10): Hãy đánh giá ...",
        "url": "giai-bai-tap-lich-su-10_cau-2-trang-110-sgk-lich-su-10",
        "level": 0
    },
    {
        "type": "category",
        "title": "Bài 3 (trang 110 sgk Lịch Sử 10): Nêu nguyên nhân ...",
        "url": "giai-bai-tap-lich-su-10_cau-3-trang-110-sgk-lich-su-10",
        "level": 0
    },
    {
        "type": "category",
        "title": "Bài 4 (trang 110 sgk Lịch Sử 10): Vẽ sơ đồ tổ chức ...",
        "url": "giai-bai-tap-lich-su-10_cau-4-trang-110-sgk-lich-su-10",
        "level": 0
    }
]