[
    {
        "type": "category",
        "title": "Trả lời câu hỏi Bài 19 (trang 96): Hãy cho biết nguyên nhân ...",
        "url": "giai-bai-tap-lich-su-10_tra-loi-cau-hoi-su-10-bai-19-trang-96",
        "level": 0
    },
    {
        "type": "category",
        "title": "Trả lời câu hỏi Bài 19 (trang 97): Phân tích ý nghĩa của bài thơ ...",
        "url": "giai-bai-tap-lich-su-10_tra-loi-cau-hoi-su-10-bai-19-trang-97",
        "level": 0
    },
    {
        "type": "category",
        "title": "Trả lời câu hỏi Bài 19 (trang 99): Nêu ý nghĩa lời hịch nói ...",
        "url": "giai-bai-tap-lich-su-10_tra-loi-cau-hoi-su-10-bai-19-trang-99",
        "level": 0
    },
    {
        "type": "category",
        "title": "Bài 1 (trang 100 sgk Lịch Sử 10): Lập bảng thống kê ...",
        "url": "giai-bai-tap-lich-su-10_cau-1-trang-100-sgk-lich-su-10",
        "level": 0
    },
    {
        "type": "category",
        "title": "Bài 2 (trang 100 sgk Lịch Sử 10): Phân tích sự khác nhau ...",
        "url": "giai-bai-tap-lich-su-10_cau-2-trang-100-sgk-lich-su-10",
        "level": 0
    },
    {
        "type": "category",
        "title": "Bài 3 (trang 100 sgk Lịch Sử 10): Trình bày nguyên nhân ...",
        "url": "giai-bai-tap-lich-su-10_cau-3-trang-100-sgk-lich-su-10",
        "level": 0
    }
]