[
    {
        "type": "category",
        "title": "Trả lời câu hỏi Bài 23 (trang 117): Em biết gì thêm về trận ...",
        "url": "giai-bai-tap-lich-su-10_tra-loi-cau-hoi-su-10-bai-23-trang-117",
        "level": 0
    },
    {
        "type": "category",
        "title": "Trả lời câu hỏi Bài 23 (trang 119): Phân tích ý nghĩa đoạn trích ...",
        "url": "giai-bai-tap-lich-su-10_tra-loi-cau-hoi-su-10-bai-23-trang-119",
        "level": 0
    },
    {
        "type": "category",
        "title": "Trả lời câu hỏi Bài 23 (trang 120): Vương triều Quang Trung đã làm ..",
        "url": "giai-bai-tap-lich-su-10_tra-loi-cau-hoi-su-10-bai-23-trang-120",
        "level": 0
    },
    {
        "type": "category",
        "title": "Bài 1 (trang 120 sgk Lịch Sử 10): Đánh giá công lao ...",
        "url": "giai-bai-tap-lich-su-10_cau-1-trang-120-sgk-lich-su-10",
        "level": 0
    },
    {
        "type": "category",
        "title": "Bài 2 (trang 120 sgk Lịch Sử 10): Hãy trình bày đặc điểm ...",
        "url": "giai-bai-tap-lich-su-10_cau-2-trang-120-sgk-lich-su-10",
        "level": 0
    },
    {
        "type": "category",
        "title": "Bài 3 (trang 120 sgk Lịch Sử 10): Em biết gì về Nguyễn Huệ - Quang Trung ...",
        "url": "giai-bai-tap-lich-su-10_cau-3-trang-120-sgk-lich-su-10",
        "level": 0
    }
]