[
    {
        "type": "category",
        "title": "Trả lời câu hỏi Bài 27 (trang 135): Nêu một vài thành tựu ...",
        "url": "giai-bai-tap-lich-su-10_tra-loi-cau-hoi-su-10-bai-27-trang-135",
        "level": 0
    },
    {
        "type": "category",
        "title": "Trả lời câu hỏi Bài 28 (trang 136): Hãy trình bày một cuộc kháng ...",
        "url": "giai-bai-tap-lich-su-10_tra-loi-cau-hoi-su-10-bai-27-trang-136",
        "level": 0
    },
    {
        "type": "category",
        "title": "Bài 1 (trang 136 sgk Lịch Sử 10): Thống kê các triều đại ...",
        "url": "giai-bai-tap-lich-su-10_cau-1-trang-136-sgk-lich-su-10",
        "level": 0
    },
    {
        "type": "category",
        "title": "Bài 2 (trang 136 sgk Lịch Sử 10): Vẽ sơ đồ tổ chức nhà ...",
        "url": "giai-bai-tap-lich-su-10_cau-2-trang-136-sgk-lich-su-10",
        "level": 0
    },
    {
        "type": "category",
        "title": "Bài 3 (trang 136 sgk Lịch Sử 10): Thống kê các thành tựu ...",
        "url": "giai-bai-tap-lich-su-10_cau-3-trang-136-sgk-lich-su-10",
        "level": 0
    },
    {
        "type": "category",
        "title": "Bài 4 (trang 136 sgk Lịch Sử 10): Thống kê các cuộc kháng chiến ...",
        "url": "giai-bai-tap-lich-su-10_cau-4-trang-136-sgk-lich-su-10",
        "level": 0
    }
]