[
    {
        "type": "category",
        "title": "Trả lời câu hỏi Bài 17 (trang 89): Những thay đổi qua cuộc cải cách ...",
        "url": "giai-bai-tap-lich-su-10_tra-loi-cau-hoi-su-10-bai-17-trang-89",
        "level": 0
    },
    {
        "type": "category",
        "title": "Trả lời câu hỏi Bài 17 (trang 90): Nêu tác dụng của các chính sách ...",
        "url": "giai-bai-tap-lich-su-10_tra-loi-cau-hoi-su-10-bai-17-trang-90",
        "level": 0
    },
    {
        "type": "category",
        "title": "Bài 1 (trang 90 sgk Lịch Sử 10): So sánh bộ máy nhà nước ...",
        "url": "giai-bai-tap-lich-su-10_cau-1-trang-90-sgk-lich-su-10",
        "level": 0
    },
    {
        "type": "category",
        "title": "Bài 2 (trang 90 sgk Lịch Sử 10): Vẽ sơ đồ nhà nước thời Lý ...",
        "url": "giai-bai-tap-lich-su-10_cau-2-trang-90-sgk-lich-su-10",
        "level": 0
    },
    {
        "type": "category",
        "title": "Bài 3 (trang 90 sgk Lịch Sử 10): Nhận xét chung về sự hoàn thiện ...",
        "url": "giai-bai-tap-lich-su-10_cau-3-trang-90-sgk-lich-su-10",
        "level": 0
    },
    {
        "type": "category",
        "title": "Bài 4 (trang 90 sgk Lịch Sử 10): Lập bảng thống kê thời gian ....",
        "url": "giai-bai-tap-lich-su-10_cau-4-trang-90-sgk-lich-su-10",
        "level": 0
    }
]