[
    {
        "type": "category",
        "title": "Trả lời câu hỏi Bài 38 (trang 192): Quốc tế thứ nhất ra đời ...",
        "url": "giai-bai-tap-lich-su-10_tra-loi-cau-hoi-su-10-bai-38-trang-192",
        "level": 0
    },
    {
        "type": "category",
        "title": "Trả lời câu hỏi Bài 38 (trang 194): Vai trò của Quốc tế thứ nhất ...",
        "url": "giai-bai-tap-lich-su-10_tra-loi-cau-hoi-su-10-bai-38-trang-194",
        "level": 0
    },
    {
        "type": "category",
        "title": "Trả lời câu hỏi Bài 38 (trang 195): Cuộc cách mạng 18/3/1871 ...",
        "url": "giai-bai-tap-lich-su-10_tra-loi-cau-hoi-su-10-bai-38-trang-195",
        "level": 0
    },
    {
        "type": "category",
        "title": "Trả lời câu hỏi Bài 38 (trang 196): Trình bày những chính sách ...",
        "url": "giai-bai-tap-lich-su-10_tra-loi-cau-hoi-su-10-bai-38-trang-196",
        "level": 0
    },
    {
        "type": "category",
        "title": "Bài 1 (trang 196 sgk Lịch Sử 10): Trình bày sự thành lập ...",
        "url": "giai-bai-tap-lich-su-10_cau-1-trang-196-sgk-lich-su-10",
        "level": 0
    },
    {
        "type": "category",
        "title": "Bài 2 (trang 196 sgk Lịch Sử 10): Chứng minh rằng: ...",
        "url": "giai-bai-tap-lich-su-10_cau-2-trang-196-sgk-lich-su-10",
        "level": 0
    }
]