[
    {
        "type": "category",
        "title": "Trả lời câu hỏi Bài 39 (trang 198): Hãy cho biết những nét nổi bật ...",
        "url": "giai-bai-tap-lich-su-10_tra-loi-cau-hoi-su-10-bai-39-trang-198",
        "level": 0
    },
    {
        "type": "category",
        "title": "Trả lời câu hỏi Bài 39 (trang 199): Hãy nêu những hoạt động chủ yếu ...",
        "url": "giai-bai-tap-lich-su-10_tra-loi-cau-hoi-su-10-bai-39-trang-199",
        "level": 0
    },
    {
        "type": "category",
        "title": "Bài 1 (trang 199 sgk Lịch Sử 10): Trình bày hoàn cảnh ...",
        "url": "giai-bai-tap-lich-su-10_cau-1-trang-199-sgk-lich-su-10",
        "level": 0
    },
    {
        "type": "category",
        "title": "Bài 2 (trang 199 sgk Lịch Sử 10): Vì sao Quốc tế thứ hai ...",
        "url": "giai-bai-tap-lich-su-10_cau-2-trang-199-sgk-lich-su-10",
        "level": 0
    }
]