[
    {
        "type": "category",
        "title": "Trả lời câu hỏi Bài 8 (trang 46): Điều kiện hình thành ...",
        "url": "giai-bai-tap-lich-su-10_tra-loi-cau-hoi-su-10-bai-8-trang-46",
        "level": 0
    },
    {
        "type": "category",
        "title": "Trả lời câu hỏi Bài 8 (trang 48): Hãy kể tên và chỉ trên lược đồ ...",
        "url": "giai-bai-tap-lich-su-10_tra-loi-cau-hoi-su-10-bai-8-trang-49",
        "level": 0
    },
    {
        "type": "category",
        "title": "Bài 1 (trang 49 sgk Lịch Sử 10): Điều kiện tự nhiên của ...",
        "url": "giai-bai-tap-lich-su-10_cau-1-trang-49-sgk-lich-su-10",
        "level": 0
    },
    {
        "type": "category",
        "title": "Bài 2 (trang 49 sgk Lịch Sử 10): Sự phát triển thịnh đạt của các quốc gia ...",
        "url": "giai-bai-tap-lich-su-10_cau-2-trang-49-sgk-lich-su-10",
        "level": 0
    },
    {
        "type": "category",
        "title": "Bài 3 (trang 49 sgk Lịch Sử 10): Lập bảng tóm tắt các giai đoạn ...",
        "url": "giai-bai-tap-lich-su-10_cau-3-trang-49-sgk-lich-su-10",
        "level": 0
    }
]