[
    {
        "type": "category",
        "title": "Trả lời câu hỏi Bài 36 (trang 184): Công nhân làm việc và sinh hoạt ...",
        "url": "giai-bai-tap-lich-su-10_tra-loi-cau-hoi-su-10-bai-36-trang-184",
        "level": 0
    },
    {
        "type": "category",
        "title": "Trả lời câu hỏi Bài 36 (trang 185): Những cuộc đấu tranh của công nhân ...",
        "url": "giai-bai-tap-lich-su-10_tra-loi-cau-hoi-su-10-bai-36-trang-185",
        "level": 0
    },
    {
        "type": "category",
        "title": "Trả lời câu hỏi Bài 36 (trang 187): Hãy cho biết nội dung tư tưởng ...",
        "url": "giai-bai-tap-lich-su-10_tra-loi-cau-hoi-su-10-bai-36-trang-187",
        "level": 0
    },
    {
        "type": "category",
        "title": "Bài 1 (trang 187 sgk Lịch Sử 10): Giai cấp vô sản công nghiệp ...",
        "url": "giai-bai-tap-lich-su-10_cau-1-trang-187-sgk-lich-su-10",
        "level": 0
    },
    {
        "type": "category",
        "title": "Bài 2 (trang 187 sgk Lịch Sử 10): Qua những cuộc khởi nghĩa của công nhân ...",
        "url": "giai-bai-tap-lich-su-10_cau-2-trang-187-sgk-lich-su-10",
        "level": 0
    },
    {
        "type": "category",
        "title": "Bài 3 (trang 187 sgk Lịch Sử 10): Hãy cho biết những mặt tích cực ...",
        "url": "giai-bai-tap-lich-su-10_cau-3-trang-187-sgk-lich-su-10",
        "level": 0
    }
]