[
    {
        "type": "category",
        "title": "Trả lời câu hỏi Bài 7 (trang 41): Sự phát triển văn hóa thời ...",
        "url": "giai-bai-tap-lich-su-10_tra-loi-cau-hoi-su-10-bai-7-trang-41",
        "level": 0
    },
    {
        "type": "category",
        "title": "Trả lời câu hỏi Bài 7 (trang 42): Những nét chính về Vương triều ...",
        "url": "giai-bai-tap-lich-su-10_tra-loi-cau-hoi-su-10-bai-7-trang-42",
        "level": 0
    },
    {
        "type": "category",
        "title": "Trả lời câu hỏi Bài 7 (trang 44): Những nét chính về ...",
        "url": "giai-bai-tap-lich-su-10_tra-loi-cau-hoi-su-10-bai-7-trang-44",
        "level": 0
    },
    {
        "type": "category",
        "title": "Bài 1 (trang 44 sgk Lịch Sử 10): Trình bày những chính sách ...",
        "url": "giai-bai-tap-lich-su-10_cau-1-trang-44-sgk-lich-su-10",
        "level": 0
    },
    {
        "type": "category",
        "title": "Bài 2 (trang 44 sgk Lịch Sử 10): Hãy cho biết vị trí của ...",
        "url": "giai-bai-tap-lich-su-10_cau-2-trang-44-sgk-lich-su-10",
        "level": 0
    }
]