[
    {
        "type": "category",
        "title": "Trả lời câu hỏi Bài 1 (trang 6): Thế nào là Người tối cổ ...",
        "url": "giai-bai-tap-lich-su-10_tra-loi-cau-hoi-su-10-bai-1-trang-6",
        "level": 0
    },
    {
        "type": "category",
        "title": "Trả lời câu hỏi Bài 1 (trang 7): Hãy nêu những tiến bộ ...",
        "url": "giai-bai-tap-lich-su-10_tra-loi-cau-hoi-su-10-bai-1-trang-7",
        "level": 0
    },
    {
        "type": "category",
        "title": "Trả lời câu hỏi Bài 1 (trang 8): Trình bày những ...",
        "url": "giai-bai-tap-lich-su-10_tra-loi-cau-hoi-su-10-bai-1-trang-8",
        "level": 0
    },
    {
        "type": "category",
        "title": "Câu 1 (trang 8 sgk Lịch Sử 10): Tại sao lại gọi là ...",
        "url": "giai-bai-tap-lich-su-10_cau-1-trang-8-sgk-lich-su-10",
        "level": 0
    },
    {
        "type": "category",
        "title": "Câu 2 (trang 8 sgk Lịch Sử 10): Hãy cho biết những bước tiến ...",
        "url": "giai-bai-tap-lich-su-10_cau-2-trang-8-sgk-lich-su-10",
        "level": 0
    }
]