[
    {
        "type": "category",
        "title": "Trả lời câu hỏi Bài 11 (trang 62): Hãy cho biết nguyên nhân ...",
        "url": "giai-bai-tap-lich-su-10_tra-loi-cau-hoi-su-10-bai-11-trang-62",
        "level": 0
    },
    {
        "type": "category",
        "title": "Trả lời câu hỏi Bài 11 (trang 63): Những biểu hiện của ...",
        "url": "giai-bai-tap-lich-su-10_tra-loi-cau-hoi-su-10-bai-11-trang-63",
        "level": 0
    },
    {
        "type": "category",
        "title": "Trả lời câu hỏi Bài 11 (trang 64): Vì sao có sự xuất hiện ...",
        "url": "giai-bai-tap-lich-su-10_tra-loi-cau-hoi-su-10-bai-11-trang-64",
        "level": 0
    },
    {
        "type": "category",
        "title": "Trả lời câu hỏi Bài 11 (trang 65): Hãy trình bày những nét chính ...",
        "url": "giai-bai-tap-lich-su-10_tra-loi-cau-hoi-su-10-bai-11-trang-65",
        "level": 0
    },
    {
        "type": "category",
        "title": "Bài 1 (trang 65 sgk Lịch Sử 10): Hệ quả của các ...",
        "url": "giai-bai-tap-lich-su-10_cau-1-trang-65-sgk-lich-su-10",
        "level": 0
    },
    {
        "type": "category",
        "title": "Bài 2 (trang 65 sgk Lịch Sử 10): Tại sao vào thời hậu ...",
        "url": "giai-bai-tap-lich-su-10_cau-2-trang-65-sgk-lich-su-10",
        "level": 0
    },
    {
        "type": "category",
        "title": "Bài 3 (trang 65 sgk Lịch Sử 10): Hãy nêu tính chất ...",
        "url": "giai-bai-tap-lich-su-10_cau-3-trang-65-sgk-lich-su-10",
        "level": 0
    },
    {
        "type": "category",
        "title": "Bài 4 (trang 65 sgk Lịch Sử 10): Trình bày đặc điểm ...",
        "url": "giai-bai-tap-lich-su-10_cau-4-trang-65-sgk-lich-su-10",
        "level": 0
    },
    {
        "type": "category",
        "title": "Bài 5 (trang 65 sgk Lịch Sử 10): Ý nghĩa của cuộc ...",
        "url": "giai-bai-tap-lich-su-10_cau-5-trang-65-sgk-lich-su-10",
        "level": 0
    }
]