[
    {
        "type": "category",
        "title": "Trả lời câu hỏi Bài 10 (trang 56): Khi tràn vào lãnh thổ Rô-ma ...",
        "url": "giai-bai-tap-lich-su-10_tra-loi-cau-hoi-su-10-bai-10-trang-56",
        "level": 0
    },
    {
        "type": "category",
        "title": "Trả lời câu hỏi Bài 10 (trang 58): Hãy miêu tả lãnh địa phong kiến ...",
        "url": "giai-bai-tap-lich-su-10_tra-loi-cau-hoi-su-10-bai-10-trang-58",
        "level": 0
    },
    {
        "type": "category",
        "title": "Trả lời câu hỏi Bài 10 (trang 59): Thành thị trung đại đã  ...",
        "url": "giai-bai-tap-lich-su-10_tra-loi-cau-hoi-su-10-bai-10-trang-59",
        "level": 0
    },
    {
        "type": "category",
        "title": "Bài 1 (trang 59 sgk Lịch Sử 10): Các tầng lớp lãnh chúa ...",
        "url": "giai-bai-tap-lich-su-10_cau-1-trang-59-sgk-lich-su-10",
        "level": 0
    },
    {
        "type": "category",
        "title": "Bài 2 (trang 59 sgk Lịch Sử 10): Thế nào là lãnh địa phong kiến ...",
        "url": "giai-bai-tap-lich-su-10_cau-2-trang-59-sgk-lich-su-10",
        "level": 0
    },
    {
        "type": "category",
        "title": "Bài 3 (trang 59 sgk Lịch Sử 10): Trình bày nguồn gốc ...",
        "url": "giai-bai-tap-lich-su-10_cau-3-trang-59-sgk-lich-su-10",
        "level": 0
    }
]