[
    {
        "type": "category",
        "title": "Trả lời câu hỏi Bài 16 (trang 83): Em có nhận xét gì ...",
        "url": "giai-bai-tap-lich-su-10_tra-loi-cau-hoi-su-10-bai-16-trang-83",
        "level": 0
    },
    {
        "type": "category",
        "title": "Trả lời câu hỏi Bài 16 (trang 86): Hãy nêu những nét chính ...",
        "url": "giai-bai-tap-lich-su-10_tra-loi-cau-hoi-su-10-bai-16-trang-86",
        "level": 0
    },
    {
        "type": "category",
        "title": "Bài 1 (trang 86 sgk Lịch Sử 10): Việc thành lập nhà nước ...",
        "url": "giai-bai-tap-lich-su-10_cau-1-trang-86-sgk-lich-su-10",
        "level": 0
    },
    {
        "type": "category",
        "title": "Bài 2 (trang 86 sgk Lịch Sử 10): Trình bày nguyên nhân ...",
        "url": "giai-bai-tap-lich-su-10_cau-2-trang-86-sgk-lich-su-10",
        "level": 0
    },
    {
        "type": "category",
        "title": "Bài 3 (trang 86 sgk Lịch Sử 10): Nêu những sự kiện ...",
        "url": "giai-bai-tap-lich-su-10_cau-3-trang-86-sgk-lich-su-10",
        "level": 0
    },
    {
        "type": "category",
        "title": "Bài 4 (trang 86 sgk Lịch Sử 10): Hãy nêu những đóng góp ...",
        "url": "giai-bai-tap-lich-su-10_cau-4-trang-86-sgk-lich-su-10",
        "level": 0
    }
]