[
    {
        "type": "category",
        "title": "Trả lời câu hỏi Bài 15 (trang 81): Chính quyền đô hộ truyền ...",
        "url": "giai-bai-tap-lich-su-10_tra-loi-cau-hoi-su-10-bai-15-trang-81",
        "level": 0
    },
    {
        "type": "category",
        "title": "Trả lời câu hỏi Bài 15 (trang 82): Vì sao người Việt vẫn giữ ...",
        "url": "giai-bai-tap-lich-su-10_tra-loi-cau-hoi-su-10-bai-15-trang-82",
        "level": 0
    },
    {
        "type": "category",
        "title": "Bài 1 (trang 82 sgk Lịch Sử 10): Trình bày những chính sách ",
        "url": "giai-bai-tap-lich-su-10_cau-1-trang-82-sgk-lich-su-10",
        "level": 0
    },
    {
        "type": "category",
        "title": "Bài 2 (trang 82 sgk Lịch Sử 10): Mục đích của chính sách đô hộ ",
        "url": "giai-bai-tap-lich-su-10_cau-2-trang-82-sgk-lich-su-10",
        "level": 0
    }
]