[
    {
        "type": "category",
        "title": "Trả lời câu hỏi Bài 24 (trang 122): Em cho biết lúc bấy giờ ...",
        "url": "giai-bai-tap-lich-su-10_tra-loi-cau-hoi-su-10-bai-24-trang-122",
        "level": 0
    },
    {
        "type": "category",
        "title": "Trả lời câu hỏi Bài 24 (trang 123): Văn học Việt Nam ...",
        "url": "giai-bai-tap-lich-su-10_tra-loi-cau-hoi-su-10-bai-24-trang-123",
        "level": 0
    },
    {
        "type": "category",
        "title": "Trả lời câu hỏi Bài 24 (trang 124): Hãy nêu những thành tựu ...",
        "url": "giai-bai-tap-lich-su-10_tra-loi-cau-hoi-su-10-bai-24-trang-124",
        "level": 0
    },
    {
        "type": "category",
        "title": "Bài 1 (trang 124 sgk Lịch Sử 10): Phân tích đặc điểm ...",
        "url": "giai-bai-tap-lich-su-10_cau-1-trang-124-sgk-lich-su-10",
        "level": 0
    },
    {
        "type": "category",
        "title": "Bài 2 (trang 124 sgk Lịch Sử 10): Lập bảng thống kê ...",
        "url": "giai-bai-tap-lich-su-10_cau-2-trang-124-sgk-lich-su-10",
        "level": 0
    },
    {
        "type": "category",
        "title": "Bài 3 (trang 124 sgk Lịch Sử 10): Thống kê các thành tựu ...",
        "url": "giai-bai-tap-lich-su-10_cau-3-trang-124-sgk-lich-su-10",
        "level": 0
    }
]