[
    {
        "type": "category",
        "title": "Trả lời câu hỏi Bài 26 (trang 131): Em nghĩ thế nào ...",
        "url": "giai-bai-tap-lich-su-10_tra-loi-cau-hoi-su-10-bai-26-trang-131",
        "level": 0
    },
    {
        "type": "category",
        "title": "Trả lời câu hỏi Bài 26 (trang 132): So với các triều đại trước ...",
        "url": "giai-bai-tap-lich-su-10_tra-loi-cau-hoi-su-10-bai-26-trang-132",
        "level": 0
    },
    {
        "type": "category",
        "title": "Bài 1 (trang 132 sgk Lịch Sử 10): So sánh tình hình ...",
        "url": "giai-bai-tap-lich-su-10_cau-1-trang-132-sgk-lich-su-10",
        "level": 0
    },
    {
        "type": "category",
        "title": "Bài 2 (trang 132 sgk Lịch Sử 10): Những nguyên nhân nào ...",
        "url": "giai-bai-tap-lich-su-10_cau-2-trang-132-sgk-lich-su-10",
        "level": 0
    },
    {
        "type": "category",
        "title": "Bài 3 (trang 132 sgk Lịch Sử 10): Trình bày đặc điểm ...",
        "url": "giai-bai-tap-lich-su-10_cau-3-trang-132-sgk-lich-su-10",
        "level": 0
    }
]