[
    {
        "type": "category",
        "title": "Trả lời câu hỏi Bài 25 (trang 127): Hãy đánh giá chính sách ...",
        "url": "giai-bai-tap-lich-su-10_tra-loi-cau-hoi-su-10-bai-25-trang-127",
        "level": 0
    },
    {
        "type": "category",
        "title": "Trả lời câu hỏi Bài 25 (trang 128): Em hãy nhận xét về thủ ...",
        "url": "giai-bai-tap-lich-su-10_tra-loi-cau-hoi-su-10-bai-25-trang-128",
        "level": 0
    },
    {
        "type": "category",
        "title": "Bài 1 (trang 129 sgk Lịch Sử 10): Trình bày khái quát ...",
        "url": "giai-bai-tap-lich-su-10_cau-1-trang-129-sgk-lich-su-10",
        "level": 0
    },
    {
        "type": "category",
        "title": "Bài 2 (trang 129 sgk Lịch Sử 10): Hãy nêu những ưu điểm ...",
        "url": "giai-bai-tap-lich-su-10_cau-2-trang-129-sgk-lich-su-10",
        "level": 0
    },
    {
        "type": "category",
        "title": "Bài 3 (trang 129 sgk Lịch Sử 10): Hãy nêu các thành tựu ...",
        "url": "giai-bai-tap-lich-su-10_cau-3-trang-129-sgk-lich-su-10",
        "level": 0
    },
    {
        "type": "category",
        "title": "Bài 4 (trang 129 sgk Lịch Sử 10): Em hãy đánh giá chung ...",
        "url": "giai-bai-tap-lich-su-10_cau-4-trang-129-sgk-lich-su-10",
        "level": 0
    }
]