[
    {
        "type": "category",
        "title": "Trả lời câu hỏi Bài 22 (trang 111): Nêu các điểm tích cực ...",
        "url": "giai-bai-tap-lich-su-10_tra-loi-cau-hoi-su-10-bai-22-trang-111",
        "level": 0
    },
    {
        "type": "category",
        "title": "Trả lời câu hỏi Bài 22 (trang 112): Nhận xét về thế mạnh ...",
        "url": "giai-bai-tap-lich-su-10_tra-loi-cau-hoi-su-10-bai-22-trang-112",
        "level": 0
    },
    {
        "type": "category",
        "title": "Trả lời câu hỏi Bài 22 (trang 114): Phân tích tác dụng ...",
        "url": "giai-bai-tap-lich-su-10_tra-loi-cau-hoi-su-10-bai-22-trang-114",
        "level": 0
    },
    {
        "type": "category",
        "title": "Trả lời câu hỏi Bài 22 (trang 115): Hãy nhận xét về các đô thị ...",
        "url": "giai-bai-tap-lich-su-10_tra-loi-cau-hoi-su-10-bai-22-trang-115",
        "level": 0
    },
    {
        "type": "category",
        "title": "Bài 1 (trang 115 sgk Lịch Sử 10): Những biểu hiện ...",
        "url": "giai-bai-tap-lich-su-10_cau-1-trang-115-sgk-lich-su-10",
        "level": 0
    },
    {
        "type": "category",
        "title": "Bài 2 (trang 115 sgk Lịch Sử 10): Nguyên nhân của ...",
        "url": "giai-bai-tap-lich-su-10_cau-2-trang-115-sgk-lich-su-10",
        "level": 0
    },
    {
        "type": "category",
        "title": "Bài 3 (trang 115 sgk Lịch Sử 10): Sự hưng khởi của ...",
        "url": "giai-bai-tap-lich-su-10_cau-3-trang-115-sgk-lich-su-10",
        "level": 0
    },
    {
        "type": "category",
        "title": "Bài 4 (trang 115 sgk Lịch Sử 10): Hãy nêu những ...",
        "url": "giai-bai-tap-lich-su-10_cau-4-trang-115-sgk-lich-su-10",
        "level": 0
    }
]