[
    {
        "type": "category",
        "title": "Trả lời câu hỏi Bài 5 (trang 30): Vẽ sơ đồ tổ chức bộ máy ...",
        "url": "giai-bai-tap-lich-su-10_tra-loi-cau-hoi-su-10-bai-5-trang-30",
        "level": 0
    },
    {
        "type": "category",
        "title": "Trả lời câu hỏi Bài 5 (trang 31): Những mầm mống của quan hệ ...",
        "url": "giai-bai-tap-lich-su-10_tra-loi-cau-hoi-su-10-bai-5-trang-31",
        "level": 0
    },
    {
        "type": "category",
        "title": "Trả lời câu hỏi Bài 5 (trang 33): Ảnh hưởng của chính sách ...",
        "url": "giai-bai-tap-lich-su-10_tra-loi-cau-hoi-su-10-bai-5-trang-33",
        "level": 0
    },
    {
        "type": "category",
        "title": "Trả lời câu hỏi Bài 5 (trang 36): Hãy tìm hiểu thêm ...",
        "url": "giai-bai-tap-lich-su-10_tra-loi-cau-hoi-su-10-bai-5-trang-36",
        "level": 0
    },
    {
        "type": "category",
        "title": "Bài 1 (trang 36 sgk Lịch Sử 10): Chế độ phong kiến ...",
        "url": "giai-bai-tap-lich-su-10_cau-1-trang-36-sgk-lich-su-10",
        "level": 0
    },
    {
        "type": "category",
        "title": "Bài 2 (trang 36 sgk Lịch Sử 10): Sự thình trị của chế độ phong kiến ...",
        "url": "giai-bai-tap-lich-su-10_cau-2-trang-36-sgk-lich-su-10",
        "level": 0
    },
    {
        "type": "category",
        "title": "Bài 3 (trang 36 sgk Lịch Sử 10): Hãy nêu những thành tựu ...",
        "url": "giai-bai-tap-lich-su-10_cau-3-trang-36-sgk-lich-su-10",
        "level": 0
    }
]