[
    {
        "type": "category",
        "title": "Trả lời câu hỏi Bài 13 (trang 71): Em hãy nhận xét về địa bàn sinh sống ...",
        "url": "giai-bai-tap-lich-su-10_tra-loi-cau-hoi-su-10-bai-13-trang-71",
        "level": 0
    },
    {
        "type": "category",
        "title": "Trả lời câu hỏi Bài 13 (trang 72): Hãy cho biết những điểm tiến bộ ...",
        "url": "giai-bai-tap-lich-su-10_tra-loi-cau-hoi-su-10-bai-13-trang-72",
        "level": 0
    },
    {
        "type": "category",
        "title": "Trả lời câu hỏi Bài 13 (trang 73): Những điểm mới trong cuộc sống ...",
        "url": "giai-bai-tap-lich-su-10_tra-loi-cau-hoi-su-10-bai-13-trang-73",
        "level": 0
    },
    {
        "type": "category",
        "title": "Bài 1 (trang 73 sgk Lịch Sử 10): Trình bày những giai đoạn ...",
        "url": "giai-bai-tap-lich-su-10_cau-1-trang-73-sgk-lich-su-10",
        "level": 0
    },
    {
        "type": "category",
        "title": "Bài 2 (trang 73 sgk Lịch Sử 10): Em có nhận xét gì về thời gian ...",
        "url": "giai-bai-tap-lich-su-10_cau-2-trang-73-sgk-lich-su-10",
        "level": 0
    },
    {
        "type": "category",
        "title": "Bài 3 (trang 73 sgk Lịch Sử 10): Sự ra đời của thuật luyện kim ...",
        "url": "giai-bai-tap-lich-su-10_cau-3-trang-73-sgk-lich-su-10",
        "level": 0
    },
    {
        "type": "category",
        "title": "Bài 4 (trang 73 sgk Lịch Sử 10): Lập bảng thống kê những điểm ...",
        "url": "giai-bai-tap-lich-su-10_cau-4-trang-73-sgk-lich-su-10",
        "level": 0
    }
]