[
    {
        "type": "category",
        "title": "Trả lời câu hỏi Bài 9 (trang 52): Sự phát triển của Cam-pu-chia ...",
        "url": "giai-bai-tap-lich-su-10_tra-loi-cau-hoi-su-10-bai-9-trang-52",
        "level": 0
    },
    {
        "type": "category",
        "title": "Trả lời câu hỏi Bài 9 (trang 54): Nêu những chính sách đối nội ...",
        "url": "giai-bai-tap-lich-su-10_tra-loi-cau-hoi-su-10-bai-9-trang-54",
        "level": 0
    },
    {
        "type": "category",
        "title": "Bài 1 (trang 54 sgk Lịch Sử 10): Lập bảng biểu thị ...",
        "url": "giai-bai-tap-lich-su-10_cau-1-trang-54-sgk-lich-su-10",
        "level": 0
    },
    {
        "type": "category",
        "title": "Bài 2 (trang 54 sgk Lịch Sử 10): Lập bảng biểu thị ...",
        "url": "giai-bai-tap-lich-su-10_cau-2-trang-54-sgk-lich-su-10",
        "level": 0
    },
    {
        "type": "category",
        "title": "Bài 3 (trang 54 sgk Lịch Sử 10): Hãy nêu những nét tiêu biểu ...",
        "url": "giai-bai-tap-lich-su-10_cau-3-trang-54-sgk-lich-su-10",
        "level": 0
    }
]