[
    {
        "type": "category",
        "title": "Trả lời câu hỏi Bài 2 (trang 10): Tổ chức xã hội ...",
        "url": "giai-bai-tap-lich-su-10_tra-loi-cau-hoi-su-10-bai-2-trang-10",
        "level": 0
    },
    {
        "type": "category",
        "title": "Trả lời câu hỏi Bài 2 (trang 11): Do đâu mà ...",
        "url": "giai-bai-tap-lich-su-10_tra-loi-cau-hoi-su-10-bai-2-trang-11",
        "level": 0
    },
    {
        "type": "category",
        "title": "Câu 1 (trang 11 sgk Lịch Sử 10): Hãy giải thích ...",
        "url": "giai-bai-tap-lich-su-10_cau-1-trang-11-sgk-lich-su-10",
        "level": 0
    },
    {
        "type": "category",
        "title": "Câu 2 (trang 11 sgk Lịch Sử 10): ",
        "url": "giai-bai-tap-lich-su-10_cau-2-trang-11-sgk-lich-su-10",
        "level": 0
    }
]