[
    {
        "type": "category",
        "title": "Trả lời câu hỏi Bài 20 (trang 102): Nhận xét vị trí của ...",
        "url": "giai-bai-tap-lich-su-10_tra-loi-cau-hoi-su-10-bai-20-trang-102",
        "level": 0
    },
    {
        "type": "category",
        "title": "Trả lời câu hỏi Bài 20 (trang 103): Việc dựng bia Tiến sĩ ...",
        "url": "giai-bai-tap-lich-su-10_tra-loi-cau-hoi-su-10-bai-20-trang-103",
        "level": 0
    },
    {
        "type": "category",
        "title": "Trả lời câu hỏi Bài 20 (trang 105): Quan sát các hình 39, 40, 41 ...",
        "url": "giai-bai-tap-lich-su-10_tra-loi-cau-hoi-su-10-bai-20-trang-105",
        "level": 0
    },
    {
        "type": "category",
        "title": "Bài 1 (trang 105 sgk Lịch Sử 10): Trình bày tóm tắt sự phát triển ...",
        "url": "giai-bai-tap-lich-su-10_cau-1-trang-105-sgk-lich-su-10",
        "level": 0
    },
    {
        "type": "category",
        "title": "Bài 2 (trang 105 sgk Lịch Sử 10): Vì sao Phật giáo rất phát triển ...",
        "url": "giai-bai-tap-lich-su-10_cau-2-trang-105-sgk-lich-su-10",
        "level": 0
    },
    {
        "type": "category",
        "title": "Bài 3 (trang 105 sgk Lịch Sử 10): Thống kê các thành tựu ...",
        "url": "giai-bai-tap-lich-su-10_cau-3-trang-105-sgk-lich-su-10",
        "level": 0
    }
]