[
    {
        "type": "category",
        "title": "Bài 1 (trang 13 SGK Hóa 10): Nguyên tố hóa học là những nguyên tử có cùng: ...",
        "url": "giai-hoa-lop-10_bai-1-trang-13-sgk-hoa-10",
        "level": 0
    },
    {
        "type": "category",
        "title": "Bài 2 (trang 13 SGK Hóa 10): Kí hiệu nguyên tử biểu thị đầy đủ các đặc trưng cho một nguyên tử ...",
        "url": "giai-hoa-lop-10_bai-2-trang-13-sgk-hoa-10",
        "level": 0
    },
    {
        "type": "category",
        "title": "Bài 3 (trang 14 SGK Hóa 10): Nguyên tố cacbon có hai đồng vị : ...",
        "url": "giai-hoa-lop-10_bai-3-trang-14-sgk-hoa-10",
        "level": 0
    },
    {
        "type": "category",
        "title": "Bài 4 (trang 14 SGK Hóa 10): Hãy xác định điện tích hạt nhân, số proton ...",
        "url": "giai-hoa-lop-10_bai-4-trang-14-sgk-hoa-10",
        "level": 0
    },
    {
        "type": "category",
        "title": "Bài 5 (trang 14 SGK Hóa 10): Đồng có hai đồng vị ...",
        "url": "giai-hoa-lop-10_bai-5-trang-14-sgk-hoa-10",
        "level": 0
    },
    {
        "type": "category",
        "title": "Bài 6 (trang 14 SGK Hóa 10): Hiđro có nguyên tử khối là 1,008 ...",
        "url": "giai-hoa-lop-10_bai-6-trang-14-sgk-hoa-10",
        "level": 0
    },
    {
        "type": "category",
        "title": "Bài 7 (trang 14 SGK Hóa 10): Oxi tự nhiên là một hỗn hợp các đồng vị ...",
        "url": "giai-hoa-lop-10_bai-7-trang-14-sgk-hoa-10",
        "level": 0
    },
    {
        "type": "category",
        "title": "Bài 8 (trang 14 SGK Hóa 10): Agon tách ra từ không khí là hỗn hợp ba đồng vị ...",
        "url": "giai-hoa-lop-10_bai-8-trang-14-sgk-hoa-10",
        "level": 0
    }
]