[
    {
        "type": "category",
        "title": "Bài 1 (trang 82 SGK Hóa 10): Cho phản ứng sau: ...",
        "url": "giai-hoa-lop-10_bai-1-trang-82-sgk-hoa-10",
        "level": 0
    },
    {
        "type": "category",
        "title": "Bài 2 (trang 82 SGK Hóa 10): Cho các phản ứng sau ...",
        "url": "giai-hoa-lop-10_bai-2-trang-82-sgk-hoa-10",
        "level": 0
    },
    {
        "type": "category",
        "title": "Bài 3 (trang 83 SGK Hóa 10): Trong số các phản ứng sau: ...",
        "url": "giai-hoa-lop-10_bai-3-trang-83-sgk-hoa-10",
        "level": 0
    },
    {
        "type": "category",
        "title": "Bài 4 (trang 83 SGK Hóa 10): Trong phản ứng ...",
        "url": "giai-hoa-lop-10_bai-4-trang-83-sgk-hoa-10",
        "level": 0
    },
    {
        "type": "category",
        "title": "Bài 5 (trang 83 SGK Hóa 10): Phân biệt chất oxi hóa và sự oxi hóa ...",
        "url": "giai-hoa-lop-10_bai-5-trang-83-sgk-hoa-10",
        "level": 0
    },
    {
        "type": "category",
        "title": "Bài 6 (trang 83 SGK Hóa 10): Thế nào là phản ứng oxi hóa – khử? Lấy ba thí dụ.",
        "url": "giai-hoa-lop-10_bai-6-trang-83-sgk-hoa-10",
        "level": 0
    },
    {
        "type": "category",
        "title": "Bài 7 (trang 83 SGK Hóa 10): Lập phương trình phản ứng oxi hóa – khử ...",
        "url": "giai-hoa-lop-10_bai-7-trang-83-sgk-hoa-10",
        "level": 0
    },
    {
        "type": "category",
        "title": "Bài 8 (trang 83 SGK Hóa 10): Cần bao nhiêu gam đồng để khử hoàn toàn lượn ion bạc ...",
        "url": "giai-hoa-lop-10_bai-8-trang-83-sgk-hoa-10",
        "level": 0
    }
]