[
    {
        "type": "category",
        "title": "Bài 1 (trang 70 SGK Hóa 10): Tìm câu sai trong các câu sau: ...",
        "url": "giai-hoa-lop-10_bai-1-trang-70-sgk-hoa-10",
        "level": 0
    },
    {
        "type": "category",
        "title": "Bài 2 (trang 70 SGK Hóa 10): Tìm câu sai trong các câu sau: ...",
        "url": "giai-hoa-lop-10_bai-2-trang-70-sgk-hoa-10",
        "level": 0
    },
    {
        "type": "category",
        "title": "Bài 3 (trang 71 SGK Hóa 10): Hãy kể tên các loại tinh thể ...",
        "url": "giai-hoa-lop-10_bai-3-trang-71-sgk-hoa-10",
        "level": 0
    },
    {
        "type": "category",
        "title": "Bài 4 (trang 71 SGK Hóa 10): a) Hãy đưa ra một số thí dụ chất có mạng tinh thể nguyên tử ...",
        "url": "giai-hoa-lop-10_bai-4-trang-71-sgk-hoa-10",
        "level": 0
    },
    {
        "type": "category",
        "title": "Bài 5 (trang 71 SGK Hóa 10): Vì sao các hợp chất ion có nhiệt độ nóng chảy cao?",
        "url": "giai-hoa-lop-10_bai-5-trang-71-sgk-hoa-10",
        "level": 0
    },
    {
        "type": "category",
        "title": "Bài 6 (trang 71 SGK Hóa 10): Hãy nêu liên kết hóa học chủ yếu trong 3 loại mạng tinh thể đã biết.",
        "url": "giai-hoa-lop-10_bai-6-trang-71-sgk-hoa-10",
        "level": 0
    }
]