[
    {
        "type": "category",
        "title": "Bài 1 (trang 166 SGK Hóa 10): Nội dung nào thể hiện trong các câu sau đây là sai: ...",
        "url": "giai-hoa-lop-10_bai-1-trang-166-sgk-hoa-10",
        "level": 0
    },
    {
        "type": "category",
        "title": "Bài 2 (trang 167 SGK Hóa 10): Cho biết cân bằng sau được thực hiện trong bình kín: ...",
        "url": "giai-hoa-lop-10_bai-2-trang-167-sgk-hoa-10",
        "level": 0
    },
    {
        "type": "category",
        "title": "Bài 3 (trang 167 SGK Hóa 10): Có thể dùng những biện pháp gì để tăng tốc độ của các phản ứng xảy ra chậm ở điều kiện thường?",
        "url": "giai-hoa-lop-10_bai-3-trang-167-sgk-hoa-10",
        "level": 0
    },
    {
        "type": "category",
        "title": "Bài 4 (trang 167 SGK Hóa 10): Trong các cặp phản ứng sau, phản ứng nào có tốc độ lớn hơn? ...",
        "url": "giai-hoa-lop-10_bai-4-trang-167-sgk-hoa-10",
        "level": 0
    },
    {
        "type": "category",
        "title": "Bài 5 (trang 167 SGK Hóa 10): Cho biết phản ứng thuận nghịch sau: ...",
        "url": "giai-hoa-lop-10_bai-5-trang-167-sgk-hoa-10",
        "level": 0
    },
    {
        "type": "category",
        "title": "Bài 6 (trang 167 SGK Hóa 10): Hệ cân bằng sau xảy ra trong một bình kín: ...",
        "url": "giai-hoa-lop-10_bai-6-trang-167-sgk-hoa-10",
        "level": 0
    },
    {
        "type": "category",
        "title": "Bài 7 (trang 167 SGK Hóa 10): Trong số các cân bằng sau, cân bằng nào ...",
        "url": "giai-hoa-lop-10_bai-7-trang-167-sgk-hoa-10",
        "level": 0
    }
]