[
    {
        "type": "category",
        "title": "Bài 1 (trang 51 SGK Hóa 10): Số hiệu nguyên tử z của các nguyên tố X, A, M, Q lần lượt là 6, 7, 20, 19 ...",
        "url": "giai-hoa-lop-10_bai-1-trang-51-sgk-hoa-10",
        "level": 0
    },
    {
        "type": "category",
        "title": "Bài 2 (trang 51 SGK Hóa 10): Số hiệu nguyên tử z của các nguyên tố X, A, M, Q lần lượt là 6, 7, 20, 19 ...",
        "url": "giai-hoa-lop-10_bai-2-trang-51-sgk-hoa-10",
        "level": 0
    },
    {
        "type": "category",
        "title": "Bài 3 (trang 51 SGK Hóa 10): Trong bảng tuần hoàn, nguyên tố X có số thứ tự 16, nguyên tố X thuộc: ...",
        "url": "giai-hoa-lop-10_bai-3-trang-51-sgk-hoa-10",
        "level": 0
    },
    {
        "type": "category",
        "title": "Bài 4 (trang 51 SGK Hóa 10): Dựa vào vị trí của nguyên tố Mg (Z = 12) trong bảng tuần hoàn: ...",
        "url": "giai-hoa-lop-10_bai-4-trang-51-sgk-hoa-10",
        "level": 0
    },
    {
        "type": "category",
        "title": "Bài 5 (trang 51 SGK Hóa 10): Dựa vào vị trí của nguyên tố Br (Z = 35) trong bảng tuần hoàn ...",
        "url": "giai-hoa-lop-10_bai-5-trang-51-sgk-hoa-10",
        "level": 0
    },
    {
        "type": "category",
        "title": "Bài 6 (trang 51 SGK Hóa 10): Dựa vào quy luật biến đổi tính kim loại, tính phi kim ...",
        "url": "giai-hoa-lop-10_bai-6-trang-51-sgk-hoa-10",
        "level": 0
    },
    {
        "type": "category",
        "title": "Bài 7 (trang 51 SGK Hóa 10): Nguyên tố atatin (Z = 85) thuộc chu kì 6, nhóm VIIA ...",
        "url": "giai-hoa-lop-10_bai-7-trang-51-sgk-hoa-10",
        "level": 0
    }
]