[
    {
        "type": "category",
        "title": "Bài 1 (trang 22 SGK Hóa 10): Một nguyên tử M có 75 electron và 110 notron. Kí hiệu của nguyên tử M là: ...",
        "url": "giai-hoa-lop-10_bai-1-trang-22-sgk-hoa-10",
        "level": 0
    },
    {
        "type": "category",
        "title": "Bài 2 (trang 22 SGK Hóa 10): Nguyên tử nào trong các nguyên tử sau đây chứa đồng thời 20 notron, 19 proton và 19 electron? ...",
        "url": "giai-hoa-lop-10_bai-2-trang-22-sgk-hoa-10",
        "level": 0
    },
    {
        "type": "category",
        "title": "Bài 3 (trang 22 SGK Hóa 10): Số đơn vị điện tích hạt nhân của nguyên tử flo là 9 ...",
        "url": "giai-hoa-lop-10_bai-3-trang-22-sgk-hoa-10",
        "level": 0
    },
    {
        "type": "category",
        "title": "Bài 4 (trang 22 SGK Hóa 10): Các electron của nguyên tử nguyên tố X được phân bố trên 3 lớp ...",
        "url": "giai-hoa-lop-10_bai-4-trang-22-sgk-hoa-10",
        "level": 0
    },
    {
        "type": "category",
        "title": "Bài 5 (trang 22 SGK Hóa 10): a) Thế nào là lớp và phân lớp electron ...",
        "url": "giai-hoa-lop-10_bai-5-trang-22-sgk-hoa-10",
        "level": 0
    },
    {
        "type": "category",
        "title": "Bài 6 (trang 22 SGK Hóa 10): Nguyên tử agon có kí hiệu là ...",
        "url": "giai-hoa-lop-10_bai-6-trang-22-sgk-hoa-10",
        "level": 0
    }
]