[
    {
        "type": "category",
        "title": "Bài 1 (trang 96 SGK Hóa 10): Kim loại nào sau đây tác dụng với dung dịch HCl loãng ...",
        "url": "giai-hoa-lop-10_bai-1-trang-96-sgk-hoa-10",
        "level": 0
    },
    {
        "type": "category",
        "title": "Bài 2 (trang 96 SGK Hóa 10): Đặc điểm nào dưới đây không phải là đặc điểm chung ...",
        "url": "giai-hoa-lop-10_bai-2-trang-96-sgk-hoa-10",
        "level": 0
    },
    {
        "type": "category",
        "title": "Bài 3 (trang 96 SGK Hóa 10): Đặc điểm nào dưới đây là đặc điểm chung ...",
        "url": "giai-hoa-lop-10_bai-3-trang-96-sgk-hoa-10",
        "level": 0
    },
    {
        "type": "category",
        "title": "Bài 4 (trang 96 SGK Hóa 10): So sánh những nguyên tố halogen về các mặt sau: ...",
        "url": "giai-hoa-lop-10_bai-4-trang-96-sgk-hoa-10",
        "level": 0
    },
    {
        "type": "category",
        "title": "Bài 5 (trang 96 SGK Hóa 10): Hãy cho biết tính quy luật của sự biến đổi ...",
        "url": "giai-hoa-lop-10_bai-5-trang-96-sgk-hoa-10",
        "level": 0
    },
    {
        "type": "category",
        "title": "Bài 6 (trang 96 SGK Hóa 10): Nêu tính chất hóa học cơ bản của các nguyên tố ...",
        "url": "giai-hoa-lop-10_bai-6-trang-96-sgk-hoa-10",
        "level": 0
    },
    {
        "type": "category",
        "title": "Bài 7 (trang 96 SGK Hóa 10): Giải thích vì sao các nguyên tố halogen không có ở trạng thái tự do trong tự nhiên.",
        "url": "giai-hoa-lop-10_bai-7-trang-96-sgk-hoa-10",
        "level": 0
    },
    {
        "type": "category",
        "title": "Bài 8 (trang 96 SGK Hóa 10): Cho một lượng đơn chất halogen tác dụng với Mg ...",
        "url": "giai-hoa-lop-10_bai-8-trang-96-sgk-hoa-10",
        "level": 0
    }
]