[
    {
        "type": "category",
        "title": "Bài 1 (trang 106 SGK Hóa 10): Cho 20g hỗn hợp bột Mg và Fe tác dụng ...",
        "url": "giai-hoa-lop-10_bai-1-trang-106-sgk-hoa-10",
        "level": 0
    },
    {
        "type": "category",
        "title": "Bài 2 (trang 106 SGK Hóa 10): Nêu những tính chất vật lí của khí hiđro clorua HCl.",
        "url": "giai-hoa-lop-10_bai-2-trang-106-sgk-hoa-10",
        "level": 0
    },
    {
        "type": "category",
        "title": "Bài 3 (trang 106 SGK Hóa 10): Có các chất sau: axit sunfuric đặc, nước ...",
        "url": "giai-hoa-lop-10_bai-3-trang-106-sgk-hoa-10",
        "level": 0
    },
    {
        "type": "category",
        "title": "Bài 4 (trang 106 SGK Hóa 10): Hãy dẫn ra những phản ứng hóa học của axit clohidric để làm thí dụ ...",
        "url": "giai-hoa-lop-10_bai-4-trang-106-sgk-hoa-10",
        "level": 0
    },
    {
        "type": "category",
        "title": "Bài 5 (trang 106 SGK Hóa 10): Bản chất của các phản ứng điều chế hiđro clorua ...",
        "url": "giai-hoa-lop-10_bai-5-trang-106-sgk-hoa-10",
        "level": 0
    },
    {
        "type": "category",
        "title": "Bài 6 (trang 106 SGK Hóa 10): Sục khí Cl2 đi qua dung dịch Na2CO3 ...",
        "url": "giai-hoa-lop-10_bai-6-trang-106-sgk-hoa-10",
        "level": 0
    },
    {
        "type": "category",
        "title": "Bài 7 (trang 106 SGK Hóa 10): Tính nồng độ của hai dung dịch axit clohidric trong các trường hợp sau: ...",
        "url": "giai-hoa-lop-10_bai-7-trang-106-sgk-hoa-10",
        "level": 0
    }
]