[
    {
        "type": "category",
        "title": "Bài 1 (trang 146 SGK Hóa 10): Cho biết phương trình hóa học: ...",
        "url": "giai-hoa-lop-10_bai-1-trang-146-sgk-hoa-10",
        "level": 0
    },
    {
        "type": "category",
        "title": "Bài 2 (trang 146 SGK Hóa 10): Cho các phương trình hóa học: ...",
        "url": "giai-hoa-lop-10_bai-2-trang-146-sgk-hoa-10",
        "level": 0
    },
    {
        "type": "category",
        "title": "Bài 3 (trang 146 SGK Hóa 10): Khi khí H2S và axit H2SO4 tham gia các phản ứng oxi hóa – khử ...",
        "url": "giai-hoa-lop-10_bai-3-trang-146-sgk-hoa-10",
        "level": 0
    },
    {
        "type": "category",
        "title": "Bài 4 (trang 146 SGK Hóa 10): Có những chất sau: Sắt, lưu huỳnh, axit sunfuric loãng ...",
        "url": "giai-hoa-lop-10_bai-4-trang-146-sgk-hoa-10",
        "level": 0
    },
    {
        "type": "category",
        "title": "Bài 5 (trang 147 SGK Hóa 10): Có 3 bình, mỗi bình đựng một chất khí là ...",
        "url": "giai-hoa-lop-10_bai-5-trang-147-sgk-hoa-10",
        "level": 0
    },
    {
        "type": "category",
        "title": "Bài 6 (trang 147 SGK Hóa 10): Có 3 bình, mỗi bình đựng một dung dịch sau ...",
        "url": "giai-hoa-lop-10_bai-6-trang-147-sgk-hoa-10",
        "level": 0
    },
    {
        "type": "category",
        "title": "Bài 7 (trang 147 SGK Hóa 10): Có thể tồn tại đồng thời những chất sau trong một bình chứa được không ...",
        "url": "giai-hoa-lop-10_bai-7-trang-147-sgk-hoa-10",
        "level": 0
    },
    {
        "type": "category",
        "title": "Bài 8 (trang 147 SGK Hóa 10): Nung nóng 3,27g hỗn hợp bột các kim loại Zn và Fe ...",
        "url": "giai-hoa-lop-10_bai-8-trang-147-sgk-hoa-10",
        "level": 0
    }
]