[
    {
        "type": "category",
        "title": "Bài 1 (trang 27 SGK Hóa 10): Nguyên tử có Z = 11 thuộc loại nguyên tố: ...",
        "url": "giai-hoa-lop-10_bai-1-trang-27-sgk-hoa-10",
        "level": 0
    },
    {
        "type": "category",
        "title": "Bài 2 (trang 27 SGK Hóa 10): Cấu hình electron nguyên tử nào sau đây của lưu huỳnh ...",
        "url": "giai-hoa-lop-10_bai-2-trang-27-sgk-hoa-10",
        "level": 0
    },
    {
        "type": "category",
        "title": "Bài 3 (trang 28 SGK Hóa 10): Cấu hình electron của nguyên tử nhôm ...",
        "url": "giai-hoa-lop-10_bai-3-trang-28-sgk-hoa-10",
        "level": 0
    },
    {
        "type": "category",
        "title": "Bài 4 (trang 28 SGK Hóa 10): Tổng số hạt proton, notron và electron trong nguyên tử ...",
        "url": "giai-hoa-lop-10_bai-4-trang-28-sgk-hoa-10",
        "level": 0
    },
    {
        "type": "category",
        "title": "Bài 5 (trang 28 SGK Hóa 10): Có bao nhiêu electron ở lớp ngoài cùng trong nguyên tử ...",
        "url": "giai-hoa-lop-10_bai-5-trang-28-sgk-hoa-10",
        "level": 0
    },
    {
        "type": "category",
        "title": "Bài 6 (trang 28 SGK Hóa 10): Viết cấu hình electron của nguyên tử các cặp nguyên tố ...",
        "url": "giai-hoa-lop-10_bai-6-trang-28-sgk-hoa-10",
        "level": 0
    }
]