[
    {
        "type": "category",
        "title": "Bài 1 (trang 59 SGK Hóa 10): Liên kết hóa học trong NaCl được hình thành là do ...",
        "url": "giai-hoa-lop-10_bai-1-trang-59-sgk-hoa-10",
        "level": 0
    },
    {
        "type": "category",
        "title": "Bài 2 (trang 59 SGK Hóa 10): Muối ăn ở thể rắn là ...",
        "url": "giai-hoa-lop-10_bai-2-trang-59-sgk-hoa-10",
        "level": 0
    },
    {
        "type": "category",
        "title": "Bài 3 (trang 60 SGK Hóa 10): a) Viết cấu hình electron của cation liti (Li+) ...",
        "url": "giai-hoa-lop-10_bai-3-trang-60-sgk-hoa-10",
        "level": 0
    },
    {
        "type": "category",
        "title": "Bài 4 (trang 60 SGK Hóa 10): Xác định số proton, notron, electron trong các nguyên tử và ion sau: ...",
        "url": "giai-hoa-lop-10_bai-4-trang-60-sgk-hoa-10",
        "level": 0
    },
    {
        "type": "category",
        "title": "Bài 5 (trang 60 SGK Hóa 10): So sánh số electron trong các cation sau: Na+, Mg2+, Al3+ ...",
        "url": "giai-hoa-lop-10_bai-5-trang-60-sgk-hoa-10",
        "level": 0
    },
    {
        "type": "category",
        "title": "Bài 6 (trang 60 SGK Hóa 10): Trong các hợp chất sau đây, chất nào chứa ion đa nguyên tử, kể tên các ion đa nguyên tử đó: ...",
        "url": "giai-hoa-lop-10_bai-6-trang-60-sgk-hoa-10",
        "level": 0
    }
]