[
    {
        "type": "category",
        "title": "Bài 1 (trang 86 SGK Hóa 10): Cho phản ứng : 2Na + Cl2 → 2NaCl ...",
        "url": "giai-hoa-lop-10_bai-1-trang-86-sgk-hoa-10",
        "level": 0
    },
    {
        "type": "category",
        "title": "Bài 2 (trang 86 SGK Hóa 10): Cho phản ứng: Zn + CuCl2 → ZnCl2+ Cu ...",
        "url": "giai-hoa-lop-10_bai-2-trang-86-sgk-hoa-10",
        "level": 0
    },
    {
        "type": "category",
        "title": "Bài 3 (trang 86 SGK Hóa 10): Cho các phản ứng sau: ...",
        "url": "giai-hoa-lop-10_bai-3-trang-86-sgk-hoa-10",
        "level": 0
    },
    {
        "type": "category",
        "title": "Bài 4 (trang 86 SGK Hóa 10): Dấu hiện để nhận biết một phản ứng oxi hóa – khử: ...",
        "url": "giai-hoa-lop-10_bai-4-trang-86-sgk-hoa-10",
        "level": 0
    },
    {
        "type": "category",
        "title": "Bài 5 (trang 87 SGK Hóa 10): Trong những phản ứng sau đây, phản ứng nào là phản ứng oxi hóa – khử ...",
        "url": "giai-hoa-lop-10_bai-5-trang-87-sgk-hoa-10",
        "level": 0
    },
    {
        "type": "category",
        "title": "Bài 6 (trang 87 SGK Hóa 10): Lấy ba thí dụ phản ứng hóa hợp thuộc loại phản ứng oxi hóa – khử ...",
        "url": "giai-hoa-lop-10_bai-6-trang-87-sgk-hoa-10",
        "level": 0
    },
    {
        "type": "category",
        "title": "Bài 7 (trang 87 SGK Hóa 10): Lấy 3 thí dụ phản ứng phân hủy là loại phản ứng oxi hóa – khử ...",
        "url": "giai-hoa-lop-10_bai-7-trang-87-sgk-hoa-10",
        "level": 0
    },
    {
        "type": "category",
        "title": "Bài 8 (trang 87 SGK Hóa 10): Vì sao phản ứng thế luôn luôn là loại phản ứng oxi hóa – khử?",
        "url": "giai-hoa-lop-10_bai-8-trang-87-sgk-hoa-10",
        "level": 0
    },
    {
        "type": "category",
        "title": "Bài 9 (trang 87 SGK Hóa 10): Viết phương trình hóa học của các phản ứng biểu diễn các chuyển đổi sau: ...",
        "url": "giai-hoa-lop-10_bai-9-trang-87-sgk-hoa-10",
        "level": 0
    }
]