[
    {
        "type": "category",
        "title": "Bài 1 (trang 18 SGK Hóa 10): Theo số liệu ở bảng 1 Bài 1 trang 8: ...",
        "url": "giai-hoa-lop-10_bai-1-trang-18-sgk-hoa-10",
        "level": 0
    },
    {
        "type": "category",
        "title": "Bài 2 (trang 18 SGK Hóa 10): Tính nguyên tử khối trung bình của kali biết răng trong tự nhiên thành phần ...",
        "url": "giai-hoa-lop-10_bai-2-trang-18-sgk-hoa-10",
        "level": 0
    },
    {
        "type": "category",
        "title": "Bài 3 (trang 18 SGK Hóa 10): Định nghĩa nguyên tố hóa học ...",
        "url": "giai-hoa-lop-10_bai-3-trang-18-sgk-hoa-10",
        "level": 0
    },
    {
        "type": "category",
        "title": "Bài 4 (trang 18 SGK Hóa 10): Căn cứ vào đâu mà người ta biết chắc chắn rằng giữa nguyên tố hiđro ...",
        "url": "giai-hoa-lop-10_bai-4-trang-18-sgk-hoa-10",
        "level": 0
    },
    {
        "type": "category",
        "title": "Bài 5 (trang 18 SGK Hóa 10): Tính bán kính gần đúng của nguyên tử canxi ...",
        "url": "giai-hoa-lop-10_bai-5-trang-18-sgk-hoa-10",
        "level": 0
    },
    {
        "type": "category",
        "title": "Bài 6 (trang 18 SGK Hóa 10): Viết công thức của các loại phân tử đồng (II) ...",
        "url": "giai-hoa-lop-10_bai-6-trang-18-sgk-hoa-10",
        "level": 0
    }
]