[
    {
        "type": "category",
        "title": "Bài 1 (trang 153 SGK Hóa 10): Ý nào trong các ý sau đây là đúng? ...",
        "url": "giai-hoa-lop-10_bai-1-trang-153-sgk-hoa-10",
        "level": 0
    },
    {
        "type": "category",
        "title": "Bài 2 (trang 153 SGK Hóa 10): Tìm một số thí dụ cho mỗi loại phản ứng nhanh ...",
        "url": "giai-hoa-lop-10_bai-2-trang-153-sgk-hoa-10",
        "level": 0
    },
    {
        "type": "category",
        "title": "Bài 3 (trang 154 SGK Hóa 10): Nồng độ, áp suất, nhiệt độ, kích thước hạt, chất xúc tác ...",
        "url": "giai-hoa-lop-10_bai-3-trang-154-sgk-hoa-10",
        "level": 0
    },
    {
        "type": "category",
        "title": "Bài 4 (trang 154 SGK Hóa 10): Hãy cho biết người ta lợi dụng yếu tố nào để tăng tốc độ phản ứng ...",
        "url": "giai-hoa-lop-10_bai-4-trang-154-sgk-hoa-10",
        "level": 0
    },
    {
        "type": "category",
        "title": "Bài 5 (trang 154 SGK Hóa 10): Cho 6g kẽm hạt vào một cốc đựng dung dịch H2SO4 ...",
        "url": "giai-hoa-lop-10_bai-5-trang-154-sgk-hoa-10",
        "level": 0
    }
]
