[
    {
        "type": "category",
        "title": "Bài 1 (trang 118 SGK Hóa 10): Dãy axit nào sau đây được sắp xếp đúng theo thứu tự tính axit giảm dần: ...",
        "url": "giai-hoa-lop-10_bai-1-trang-118-sgk-hoa-10",
        "level": 0
    },
    {
        "type": "category",
        "title": "Bài 2 (trang 118 SGK Hóa 10): Đổ dung dịch AgNO3 vào dung dịch muối ...",
        "url": "giai-hoa-lop-10_bai-2-trang-118-sgk-hoa-10",
        "level": 0
    },
    {
        "type": "category",
        "title": "Bài 3 (trang 118 SGK Hóa 10): Brom đóng vai trò gì trong phản ứng sau: ...",
        "url": "giai-hoa-lop-10_bai-3-trang-118-sgk-hoa-10",
        "level": 0
    },
    {
        "type": "category",
        "title": "Bài 4 (trang 118 SGK Hóa 10): Chọn câu đúng khi nói về flo, clo, brom, iot: ...",
        "url": "giai-hoa-lop-10_bai-4-trang-118-sgk-hoa-10",
        "level": 0
    },
    {
        "type": "category",
        "title": "Bài 5 (trang 119 SGK Hóa 10): Một nguyên tố halogen có cấu hình electron lớp ngoài ...",
        "url": "giai-hoa-lop-10_bai-5-trang-119-sgk-hoa-10",
        "level": 0
    },
    {
        "type": "category",
        "title": "Bài 6 (trang 119 SGK Hóa 10): Có những chất sau: KMnO4 ...",
        "url": "giai-hoa-lop-10_bai-6-trang-119-sgk-hoa-10",
        "level": 0
    },
    {
        "type": "category",
        "title": "Bài 7 (trang 119 SGK Hóa 10): Tính khối lượng HCl bị oxi hóa ...",
        "url": "giai-hoa-lop-10_bai-7-trang-119-sgk-hoa-10",
        "level": 0
    },
    {
        "type": "category",
        "title": "Bài 8 (trang 119 SGK Hóa 10): Nêu các phản ứng chứng minh rằng ...",
        "url": "giai-hoa-lop-10_bai-8-trang-119-sgk-hoa-10",
        "level": 0
    },
    {
        "type": "category",
        "title": "Bài 9 (trang 119 SGK Hóa 10): Để điều chế flo, người ta phải điện phân dung dịch KF ...",
        "url": "giai-hoa-lop-10_bai-9-trang-119-sgk-hoa-10",
        "level": 0
    },
    {
        "type": "category",
        "title": "Bài 10 (trang 119 SGK Hóa 10): Trong một dung dịch có hòa tan 2 muối là ...",
        "url": "giai-hoa-lop-10_bai-10-trang-119-sgk-hoa-10",
        "level": 0
    },
    {
        "type": "category",
        "title": "Bài 11 (trang 119 SGK Hóa 10): Cho 300ml một dung dịch có hòa tan 5,85g NaCl ...",
        "url": "giai-hoa-lop-10_bai-11-trang-119-sgk-hoa-10",
        "level": 0
    },
    {
        "type": "category",
        "title": "Bài 12 (trang 119 SGK Hóa 10): Cho 69,6g MnO2 tác dụng với dung dịch HCl đặc ...",
        "url": "giai-hoa-lop-10_bai-12-trang-119-sgk-hoa-10",
        "level": 0
    },
    {
        "type": "category",
        "title": "Bài 13 (trang 119 SGK Hóa 10): Khí oxi có lẫn tạp chất là khí clo ...",
        "url": "giai-hoa-lop-10_bai-13-trang-119-sgk-hoa-10",
        "level": 0
    }
]