[
    {
        "type": "category",
        "title": "Bài 1 (trang 41 SGK Hóa 10): Các nguyên tố thuộc cùng một nhóm A có tính chất hóa học ...",
        "url": "giai-hoa-lop-10_bai-1-trang-41-sgk-hoa-10",
        "level": 0
    },
    {
        "type": "category",
        "title": "Bài 2 (trang 41 SGK Hóa 10): Sự biến thiên tính chất của các nguyên tố thuộc chu kì ...",
        "url": "giai-hoa-lop-10_bai-2-trang-41-sgk-hoa-10",
        "level": 0
    },
    {
        "type": "category",
        "title": "Bài 3 (trang 41 SGK Hóa 10): Những nguyên tố nhóm A nào là các nguyên tố s, nguyên tố p ...",
        "url": "giai-hoa-lop-10_bai-3-trang-41-sgk-hoa-10",
        "level": 0
    },
    {
        "type": "category",
        "title": "Bài 4 (trang 41 SGK Hóa 10): Những nguyên tố nào đứng đầu các chu kì ...",
        "url": "giai-hoa-lop-10_bai-4-trang-41-sgk-hoa-10",
        "level": 0
    },
    {
        "type": "category",
        "title": "Bài 5 (trang 41 SGK Hóa 10): Những nguyên tố nào đứng cuối các chu kì ...",
        "url": "giai-hoa-lop-10_bai-5-trang-41-sgk-hoa-10",
        "level": 0
    },
    {
        "type": "category",
        "title": "Bài 6 (trang 41 SGK Hóa 10): Một nguyên tố ở chu kì 3, nhóm VIA ...",
        "url": "giai-hoa-lop-10_bai-6-trang-41-sgk-hoa-10",
        "level": 0
    },
    {
        "type": "category",
        "title": "Bài 7 (trang 41 SGK Hóa 10): Một nguyên tố có cấu hình electron nguyên tử như sau: ...",
        "url": "giai-hoa-lop-10_bai-7-trang-41-sgk-hoa-10",
        "level": 0
    }
]