[
    {
        "type": "category",
        "title": "Bài 1 (trang 108 SGK Hóa 10): Chọn câu đúng trong các câu sau: ...",
        "url": "giai-hoa-lop-10_bai-1-trang-108-sgk-hoa-10",
        "level": 0
    },
    {
        "type": "category",
        "title": "Bài 2 (trang 108 SGK Hóa 10): Nêu tính chất hóa học chính và ứng dụng của nước Gia-ven, clorua vôi.",
        "url": "giai-hoa-lop-10_bai-2-trang-108-sgk-hoa-10",
        "level": 0
    },
    {
        "type": "category",
        "title": "Bài 3 (trang 108 SGK Hóa 10): Trong phòng thí nghiệm có các hóa chất NaCl, MnO2 ...",
        "url": "giai-hoa-lop-10_bai-3-trang-108-sgk-hoa-10",
        "level": 0
    },
    {
        "type": "category",
        "title": "Bài 4 (trang 108 SGK Hóa 10): Có những sơ đồ phản ứng hóa học sau: ...",
        "url": "giai-hoa-lop-10_bai-4-trang-108-sgk-hoa-10",
        "level": 0
    },
    {
        "type": "category",
        "title": "Bài 5 (trang 108 SGK Hóa 10): Trong phòng thí nghiệm có canxi oxit, nước, MnO2 ...",
        "url": "giai-hoa-lop-10_bai-5-trang-108-sgk-hoa-10",
        "level": 0
    }
]