[
    {
        "type": "category",
        "title": "Bài 1 (trang 88 SGK Hóa 10): Loại phản ứng nào sau đây luôn luôn không là loại phản ứng oxi hóa – khử? ...",
        "url": "giai-hoa-lop-10_bai-1-trang-88-sgk-hoa-10",
        "level": 0
    },
    {
        "type": "category",
        "title": "Bài 2 (trang 89 SGK Hóa 10): Loại phản ứng nào sau đây luôn luôn là phản ứng oxi hóa – khử? ...",
        "url": "giai-hoa-lop-10_bai-2-trang-89-sgk-hoa-10",
        "level": 0
    },
    {
        "type": "category",
        "title": "Bài 3 (trang 89 SGK Hóa 10): Cho phản ứng: M2Ox + HNO3 → M(NO3)2 + ...",
        "url": "giai-hoa-lop-10_bai-3-trang-89-sgk-hoa-10",
        "level": 0
    },
    {
        "type": "category",
        "title": "Bài 4 (trang 89 SGK Hóa 10): Câu nào đúng, câu nào sai trong các câu sau đây: ...",
        "url": "giai-hoa-lop-10_bai-4-trang-89-sgk-hoa-10",
        "level": 0
    },
    {
        "type": "category",
        "title": "Bài 5 (trang 89 SGK Hóa 10): Hãy xác định số oxi hóa của các nguyên tố: ...",
        "url": "giai-hoa-lop-10_bai-5-trang-89-sgk-hoa-10",
        "level": 0
    },
    {
        "type": "category",
        "title": "Bài 6 (trang 89 SGK Hóa 10): Cho biết đã xảy ra sự oxi hóa và sự khử những chất nào trong những phản ứng thế sau: ...",
        "url": "giai-hoa-lop-10_bai-6-trang-89-sgk-hoa-10",
        "level": 0
    },
    {
        "type": "category",
        "title": "Bài 7 (trang 89 SGK Hóa 10): Dựa vào sự thay đổi số oxi hóa ...",
        "url": "giai-hoa-lop-10_bai-7-trang-89-sgk-hoa-10",
        "level": 0
    },
    {
        "type": "category",
        "title": "Bài 8 (trang 90 SGK Hóa 10): Dựa vào sự thay đổi số oxi hóa, hãy cho biết ...",
        "url": "giai-hoa-lop-10_bai-8-trang-90-sgk-hoa-10",
        "level": 0
    },
    {
        "type": "category",
        "title": "Bài 9 (trang 90 SGK Hóa 10): Cân bằng các phương trình phản ứng oxi hóa – khử ...",
        "url": "giai-hoa-lop-10_bai-9-trang-90-sgk-hoa-10",
        "level": 0
    },
    {
        "type": "category",
        "title": "Bài 10 (trang 90 SGK Hóa 10): Có thể điều chế MgCl2 bằng: ...",
        "url": "giai-hoa-lop-10_bai-10-trang-90-sgk-hoa-10",
        "level": 0
    },
    {
        "type": "category",
        "title": "Bài 11 (trang 90 SGK Hóa 10): Cho những chất sau: CuO, dung dịch HCl, H2, MnO2 ...",
        "url": "giai-hoa-lop-10_bai-11-trang-90-sgk-hoa-10",
        "level": 0
    },
    {
        "type": "category",
        "title": "Bài 12 (trang 90 SGK Hóa 10): Hòa tan 1,39g muối FeSO4.7H2O ...",
        "url": "giai-hoa-lop-10_bai-12-trang-90-sgk-hoa-10",
        "level": 0
    }
]