[
    {
        "type": "category",
        "title": "Bài 1 (trang 35 SGK Hóa 10): Các nguyên tố xếp ở chu kì 6 có số lớp electron trong nguyên tử là: ...",
        "url": "giai-hoa-lop-10_bai-1-trang-35-sgk-hoa-10",
        "level": 0
    },
    {
        "type": "category",
        "title": "Bài 2 (trang 35 SGK Hóa 10): Trong bảng tuần hoàn các nguyên tố, số chu kì nhỏ và số chu kì lớn là: ...",
        "url": "giai-hoa-lop-10_bai-2-trang-35-sgk-hoa-10",
        "level": 0
    },
    {
        "type": "category",
        "title": "Bài 3 (trang 35 SGK Hóa 10): Số nguyên tố trong chu kì 3 và 5 là: ...",
        "url": "giai-hoa-lop-10_bai-3-trang-35-sgk-hoa-10",
        "level": 0
    },
    {
        "type": "category",
        "title": "Bài 4 (trang 35 SGK Hóa 10): Trong bảng tuần hoàn, các nguyên tố được sắp xếp theo nguyên tắc: ...",
        "url": "giai-hoa-lop-10_bai-4-trang-35-sgk-hoa-10",
        "level": 0
    },
    {
        "type": "category",
        "title": "Bài 5 (trang 35 SGK Hóa 10): Tìm câu sai trong các câu sau đây: ...",
        "url": "giai-hoa-lop-10_bai-5-trang-35-sgk-hoa-10",
        "level": 0
    },
    {
        "type": "category",
        "title": "Bài 6 (trang 35 SGK Hóa 10): Hãy cho biết nguyên tắc sắp xếp các nguyên tố trong bảng tuần hoàn các nguyên tố hóa học.",
        "url": "giai-hoa-lop-10_bai-6-trang-35-sgk-hoa-10",
        "level": 0
    },
    {
        "type": "category",
        "title": "Bài 7 (trang 35 SGK Hóa 10): Nhóm nguyên tố là gì? ...",
        "url": "giai-hoa-lop-10_bai-7-trang-35-sgk-hoa-10",
        "level": 0
    },
    {
        "type": "category",
        "title": "Bài 8 (trang 35 SGK Hóa 10): Hãy cho biết quan hệ giữa số thứ tự của nhóm A ...",
        "url": "giai-hoa-lop-10_bai-8-trang-35-sgk-hoa-10",
        "level": 0
    },
    {
        "type": "category",
        "title": "Bài 9 (trang 35 SGK Hóa 10): Hãy cho biết số electron thuộc lớp ngoài cùng ...",
        "url": "giai-hoa-lop-10_bai-9-trang-35-sgk-hoa-10",
        "level": 0
    }
]