[
    {
        "type": "category",
        "title": "Bài 1 (trang 76 SGK Hóa 10): a) Viết phương tình biểu diễn sự hình thành các ion sau đây từ các nguyên tử tương ứng: ...",
        "url": "giai-hoa-lop-10_bai-1-trang-76-sgk-hoa-10",
        "level": 0
    },
    {
        "type": "category",
        "title": "Bài 2 (trang 76 SGK Hóa 10): Trình bày sự giống nhau và khác nhau của 3 loại liên kết ...",
        "url": "giai-hoa-lop-10_bai-2-trang-76-sgk-hoa-10",
        "level": 0
    },
    {
        "type": "category",
        "title": "Bài 3 (trang 76 SGK Hóa 10): Cho dãy oxit sau đây : Na2O, MgO ...",
        "url": "giai-hoa-lop-10_bai-3-trang-76-sgk-hoa-10",
        "level": 0
    },
    {
        "type": "category",
        "title": "Bài 4 (trang 76 SGK Hóa 10): a) Dựa vào giá trị độ âm điện ...",
        "url": "giai-hoa-lop-10_bai-4-trang-76-sgk-hoa-10",
        "level": 0
    },
    {
        "type": "category",
        "title": "Bài 5 (trang 76 SGK Hóa 10): Một nguyên tử có cấu hình electron 1s22s22p3 ...",
        "url": "giai-hoa-lop-10_bai-5-trang-76-sgk-hoa-10",
        "level": 0
    },
    {
        "type": "category",
        "title": "Bài 6 (trang 76 SGK Hóa 10): Lấy thí dụ về tinh thể ion, ...",
        "url": "giai-hoa-lop-10_bai-6-trang-76-sgk-hoa-10",
        "level": 0
    },
    {
        "type": "category",
        "title": "Bài 7 (trang 76 SGK Hóa 10): Xác định điện hóa trị của các nguyên tố nhóm VIA ...",
        "url": "giai-hoa-lop-10_bai-7-trang-76-sgk-hoa-10",
        "level": 0
    },
    {
        "type": "category",
        "title": "Bài 8 (trang 76 SGK Hóa 10): a) Dựa vào vị trí của các nguyên tố trong bảng tuần hoàn ...",
        "url": "giai-hoa-lop-10_bai-8-trang-76-sgk-hoa-10",
        "level": 0
    },
    {
        "type": "category",
        "title": "Bài 9 (trang 76 SGK Hóa 10): Xác định số oxi hóa của Mn, Cr, Cl ...",
        "url": "giai-hoa-lop-10_bai-9-trang-76-sgk-hoa-10",
        "level": 0
    }
]