[
    {
        "type": "category",
        "title": "Bài 1 (trang 53 SGK Hóa 10): a) Căn cứ vào đâu mà người ta xếp các nguyên tố thành chu kì, nhóm? ...",
        "url": "giai-hoa-lop-10_bai-1-trang-53-sgk-hoa-10",
        "level": 0
    },
    {
        "type": "category",
        "title": "Bài 2 (trang 53 SGK Hóa 10): Tìm câu sai trong những câu dưới đây: ...",
        "url": "giai-hoa-lop-10_bai-2-trang-53-sgk-hoa-10",
        "level": 0
    },
    {
        "type": "category",
        "title": "Bài 3 (trang 54 SGK Hóa 10): Từ trái sang phải trong một chu kì tại sao bán kính nguyên tử ...",
        "url": "giai-hoa-lop-10_bai-3-trang-54-sgk-hoa-10",
        "level": 0
    },
    {
        "type": "category",
        "title": "Bài 4 (trang 54 SGK Hóa 10): Trong bảng tuần hoàn, các nhóm A nào gồm hầu hết ...",
        "url": "giai-hoa-lop-10_bai-4-trang-54-sgk-hoa-10",
        "level": 0
    },
    {
        "type": "category",
        "title": "Bài 5 (trang 54 SGK Hóa 10): Tổng số hạt proton, notron, electron của nguyên tử ...",
        "url": "giai-hoa-lop-10_bai-5-trang-54-sgk-hoa-10",
        "level": 0
    },
    {
        "type": "category",
        "title": "Bài 6 (trang 54 SGK Hóa 10): Một nguyên tố thuộc chu kì 3, nhóm VIA trong bảng tuần hoàn ...",
        "url": "giai-hoa-lop-10_bai-6-trang-54-sgk-hoa-10",
        "level": 0
    },
    {
        "type": "category",
        "title": "Bài 7 (trang 54 SGK Hóa 10): Oxit cao nhất của một nguyên tố là RO3 ...",
        "url": "giai-hoa-lop-10_bai-7-trang-54-sgk-hoa-10",
        "level": 0
    },
    {
        "type": "category",
        "title": "Bài 8 (trang 54 SGK Hóa 10): Hợp chất khí với hidro của một nguyên tố RH4 ...",
        "url": "giai-hoa-lop-10_bai-8-trang-54-sgk-hoa-10",
        "level": 0
    },
    {
        "type": "category",
        "title": "Bài 9 (trang 54 SGK Hóa 10): Khi cho 0,6g một kim lại nhóm IIA tác dụng ...",
        "url": "giai-hoa-lop-10_bai-9-trang-54-sgk-hoa-10",
        "level": 0
    }
]