[
    {
        "type": "category",
        "title": "Bài 1 (trang 101 SGK Hóa 10): Trong phòng thí nghiệm, khí clo thường được điều chế bằng cách oxi hóa hợp chất nào sau đây: ...",
        "url": "giai-hoa-lop-10_bai-1-trang-101-sgk-hoa-10",
        "level": 0
    },
    {
        "type": "category",
        "title": "Bài 2 (trang 101 SGK Hóa 10): Cho biết tính chất hóa học cơ bản của nguyên tố clo ...",
        "url": "giai-hoa-lop-10_bai-2-trang-101-sgk-hoa-10",
        "level": 0
    },
    {
        "type": "category",
        "title": "Bài 3 (trang 101 SGK Hóa 10): Dẫn khi clo vào nước, xảy ra hiện tượng vật lí hay hóa học? Giải thích.",
        "url": "giai-hoa-lop-10_bai-3-trang-101-sgk-hoa-10",
        "level": 0
    },
    {
        "type": "category",
        "title": "Bài 4 (trang 101 SGK Hóa 10): Nêu những ứng dụng thực tế của khí clo.",
        "url": "giai-hoa-lop-10_bai-4-trang-101-sgk-hoa-10",
        "level": 0
    },
    {
        "type": "category",
        "title": "Bài 5 (trang 101 SGK Hóa 10): Cân bằng các phương trình phản ứng oxi hóa – khử sau bằng phương pháp thăng bằng electron: ...",
        "url": "giai-hoa-lop-10_bai-5-trang-101-sgk-hoa-10",
        "level": 0
    },
    {
        "type": "category",
        "title": "Bài 6 (trang 101 SGK Hóa 10): Tại sao trong công nghiệp người ta dùng phương pháp điện phân dung dịch NaCl ...",
        "url": "giai-hoa-lop-10_bai-6-trang-101-sgk-hoa-10",
        "level": 0
    },
    {
        "type": "category",
        "title": "Bài 7 (trang 101 SGK Hóa 10): Cần bao nhiêu gam KMnO4 và bao nhiêu ml dung dịch axit clohiđric ...",
        "url": "giai-hoa-lop-10_bai-7-trang-101-sgk-hoa-10",
        "level": 0
    }
]