[
    {
        "type": "category",
        "title": "Bài 1 (trang 74 SGK Hóa 10): Số oxi hóa của nitơ trong NH4+, NO2- và HNO3 lần lượt là: ...",
        "url": "giai-hoa-lop-10_bai-1-trang-74-sgk-hoa-10",
        "level": 0
    },
    {
        "type": "category",
        "title": "Bài 2 (trang 74 SGK Hóa 10): Số oxi hóa của Mn, Fe trong Fe3+ ...",
        "url": "giai-hoa-lop-10_bai-2-trang-74-sgk-hoa-10",
        "level": 0
    },
    {
        "type": "category",
        "title": "Bài 3 (trang 74 SGK Hóa 10): Hãy cho biết điện hóa trị của các nguyên tử ...",
        "url": "giai-hoa-lop-10_bai-3-trang-74-sgk-hoa-10",
        "level": 0
    },
    {
        "type": "category",
        "title": "Bài 4 (trang 74 SGK Hóa 10): Hãy xác định cộng hóa trị của các nguyên tố ...",
        "url": "giai-hoa-lop-10_bai-4-trang-74-sgk-hoa-10",
        "level": 0
    },
    {
        "type": "category",
        "title": "Bài 5 (trang 74 SGK Hóa 10): Xác định số oxi hóa của các nguyên tố ...",
        "url": "giai-hoa-lop-10_bai-5-trang-74-sgk-hoa-10",
        "level": 0
    },
    {
        "type": "category",
        "title": "Bài 6 (trang 74 SGK Hóa 10): Viết công thức phân tử của những chất ...",
        "url": "giai-hoa-lop-10_bai-6-trang-74-sgk-hoa-10",
        "level": 0
    },
    {
        "type": "category",
        "title": "Bài 7 (trang 74 SGK Hóa 10): Xác định số oxi hóa của các nguyên tố ...",
        "url": "giai-hoa-lop-10_bai-7-trang-74-sgk-hoa-10",
        "level": 0
    }
]