[
    {
        "type": "category",
        "title": "Bài 1 (trang 113 SGK Hóa 10): Dung dịch axit nào sau đây không thể chứa trong bình thủy tinh: ...",
        "url": "giai-hoa-lop-10_bai-1-trang-113-sgk-hoa-10",
        "level": 0
    },
    {
        "type": "category",
        "title": "Bài 2 (trang 113 SGK Hóa 10): Đổ dung dịch chứa 1g HBr vào dung dịch chứa 1g NaOH ...",
        "url": "giai-hoa-lop-10_bai-2-trang-113-sgk-hoa-10",
        "level": 0
    },
    {
        "type": "category",
        "title": "Bài 3 (trang 113 SGK Hóa 10): So sánh tính chất oxi hóa của các đơn chất F2,Cl2 ...",
        "url": "giai-hoa-lop-10_bai-3-trang-113-sgk-hoa-10",
        "level": 0
    },
    {
        "type": "category",
        "title": "Bài 4 (trang 113 SGK Hóa 10): Phản ứng của các đơn chất halogen với nước xảy ra như thế nào ...",
        "url": "giai-hoa-lop-10_bai-4-trang-113-sgk-hoa-10",
        "level": 0
    },
    {
        "type": "category",
        "title": "Bài 5 (trang 113 SGK Hóa 10): Muối NaCl có lẫn tạp chất là NaI ...",
        "url": "giai-hoa-lop-10_bai-5-trang-113-sgk-hoa-10",
        "level": 0
    },
    {
        "type": "category",
        "title": "Bài 6 (trang 113 SGK Hóa 10): Sẽ quan sát được hiện tượng gì khi ta thêm dần dần ...",
        "url": "giai-hoa-lop-10_bai-6-trang-113-sgk-hoa-10",
        "level": 0
    },
    {
        "type": "category",
        "title": "Bài 7 (trang 114 SGK Hóa 10): Ở điều kiện tiêu chuẩn, 1 lít nước hòa tan ...",
        "url": "giai-hoa-lop-10_bai-7-trang-114-sgk-hoa-10",
        "level": 0
    },
    {
        "type": "category",
        "title": "Bài 8 (trang 114 SGK Hóa 10): Cho 1,03 gam muối natri halogenua (A) ...",
        "url": "giai-hoa-lop-10_bai-8-trang-114-sgk-hoa-10",
        "level": 0
    },
    {
        "type": "category",
        "title": "Bài 9 (trang 114 SGK Hóa 10): Tính khối lượng CaF2 cần dùng để điều chế 2,5kg ...",
        "url": "giai-hoa-lop-10_bai-9-trang-114-sgk-hoa-10",
        "level": 0
    },
    {
        "type": "category",
        "title": "Bài 10 (trang 114 SGK Hóa 10): Làm thế nào để phân biệt dung dịch NaF và dung dịch NaCl?",
        "url": "giai-hoa-lop-10_bai-10-trang-114-sgk-hoa-10",
        "level": 0
    },
    {
        "type": "category",
        "title": "Bài 11 (trang 114 SGK Hóa 10): Iot bị lẫn tạp chất là NaI. Làm thế nào để loại bỏ tạp chất đó.",
        "url": "giai-hoa-lop-10_bai-11-trang-114-sgk-hoa-10",
        "level": 0
    }
]