[
    {
        "type": "category",
        "title": "Bài 1 (trang 47 SGK Hóa 10): Trong một chu kì, bán kính nguyên tử các nguyên tố ...",
        "url": "giai-hoa-lop-10_bai-1-trang-47-sgk-hoa-10",
        "level": 0
    },
    {
        "type": "category",
        "title": "Bài 2 (trang 47 SGK Hóa 10): Trong một nhóm A, bán kính nguyên tử của các nguyên tố: ...",
        "url": "giai-hoa-lop-10_bai-2-trang-47-sgk-hoa-10",
        "level": 0
    },
    {
        "type": "category",
        "title": "Bài 3 (trang 47 SGK Hóa 10): Những tính chất nào sau đây biến đổi tuần hoàn? ...",
        "url": "giai-hoa-lop-10_bai-3-trang-47-sgk-hoa-10",
        "level": 0
    },
    {
        "type": "category",
        "title": "Bài 4 (trang 47 SGK Hóa 10): Các nguyên tố halogen được sắp xếp theo chiều bán kính ...",
        "url": "giai-hoa-lop-10_bai-4-trang-47-sgk-hoa-10",
        "level": 0
    },
    {
        "type": "category",
        "title": "Bài 5 (trang 48 SGK Hóa 10): Các nguyên tố của chu kì 2 được sắp xếp ...",
        "url": "giai-hoa-lop-10_bai-5-trang-48-sgk-hoa-10",
        "level": 0
    },
    {
        "type": "category",
        "title": "Bài 6 (trang 48 SGK Hóa 10): Oxit cao nhất của 1 nguyên tố R ...",
        "url": "giai-hoa-lop-10_bai-6-trang-48-sgk-hoa-10",
        "level": 0
    },
    {
        "type": "category",
        "title": "Bài 7 (trang 48 SGK Hóa 10): Theo quy luật biến đổi tính chất đơn chất ...",
        "url": "giai-hoa-lop-10_bai-7-trang-48-sgk-hoa-10",
        "level": 0
    },
    {
        "type": "category",
        "title": "Bài 8 (trang 48 SGK Hóa 10): Viết cấu hình electron của nguyên tử magie ...",
        "url": "giai-hoa-lop-10_bai-8-trang-48-sgk-hoa-10",
        "level": 0
    },
    {
        "type": "category",
        "title": "Bài 9 (trang 48 SGK Hóa 10): Viết cấu hình electron nguyên tử của lưu huỳnh S ...",
        "url": "giai-hoa-lop-10_bai-9-trang-48-sgk-hoa-10",
        "level": 0
    },
    {
        "type": "category",
        "title": "Bài 10 (trang 48 SGK Hóa 10): Độ âm điện của một nguyên tử là gì ...",
        "url": "giai-hoa-lop-10_bai-10-trang-48-sgk-hoa-10",
        "level": 0
    },
    {
        "type": "category",
        "title": "Bài 11 (trang 48 SGK Hóa 10): Nguyên tử của nguyên tố nào có giá trị độ âm điện lớn nhất? ...",
        "url": "giai-hoa-lop-10_bai-11-trang-48-sgk-hoa-10",
        "level": 0
    },
    {
        "type": "category",
        "title": "Bài 12 (trang 48 SGK Hóa 10): Cho hai dãy chất sau: ...",
        "url": "giai-hoa-lop-10_bai-12-trang-48-sgk-hoa-10",
        "level": 0
    }
]