[
    {
        "type": "category",
        "title": "Bài 1 (trang 138 SGK Hóa 10): Lưu huỳnh đioxit có thể tham gia những phản ứng sau: ...",
        "url": "giai-hoa-lop-10_bai-1-trang-138-sgk-hoa-10",
        "level": 0
    },
    {
        "type": "category",
        "title": "Bài 2 (trang 138 SGK Hóa 10): Hãy ghép cặp chất và tính chất của chất sao cho phù hợp: ...",
        "url": "giai-hoa-lop-10_bai-2-trang-138-sgk-hoa-10",
        "level": 0
    },
    {
        "type": "category",
        "title": "Bài 3 (trang 138 SGK Hóa 10): Cho biết phản ứng hóa học ...",
        "url": "giai-hoa-lop-10_bai-3-trang-138-sgk-hoa-10",
        "level": 0
    },
    {
        "type": "category",
        "title": "Bài 4 (trang 138 SGK Hóa 10): Hãy cho biết những tính chất hóa học đặc trưng của: ...",
        "url": "giai-hoa-lop-10_bai-4-trang-138-sgk-hoa-10",
        "level": 0
    },
    {
        "type": "category",
        "title": "Bài 5 (trang 139 SGK Hóa 10): Dẫn khí SO2 vào dung dịch KMnO4 ...",
        "url": "giai-hoa-lop-10_bai-5-trang-139-sgk-hoa-10",
        "level": 0
    },
    {
        "type": "category",
        "title": "Bài 6 (trang 139 SGK Hóa 10): a) Bằng phản ứng hóa học nào có thể chuyển hóa ...",
        "url": "giai-hoa-lop-10_bai-6-trang-139-sgk-hoa-10",
        "level": 0
    },
    {
        "type": "category",
        "title": "Bài 7 (trang 139 SGK Hóa 10): Hãy dẫn ra những phản ứng hóa học để chứng minh ...",
        "url": "giai-hoa-lop-10_bai-7-trang-139-sgk-hoa-10",
        "level": 0
    },
    {
        "type": "category",
        "title": "Bài 8 (trang 139 SGK Hóa 10): Cho hỗn hợp gồm Fe và FeS ...",
        "url": "giai-hoa-lop-10_bai-8-trang-139-sgk-hoa-10",
        "level": 0
    },
    {
        "type": "category",
        "title": "Bài 9 (trang 139 SGK Hóa 10): Đốt cháy hoàn toàn 2,04g hợp chất A ...",
        "url": "giai-hoa-lop-10_bai-9-trang-139-sgk-hoa-10",
        "level": 0
    },
    {
        "type": "category",
        "title": "Bài 10 (trang 139 SGK Hóa 10): Hấp thụ hoàn toàn 12,8g SO2 ...",
        "url": "giai-hoa-lop-10_bai-10-trang-139-sgk-hoa-10",
        "level": 0
    }
]
