[
    {
        "type": "category",
        "title": "Bài 1 (trang 30 SGK Hóa 10): Thế nòa là nguyên tố s, p, d, f? ...",
        "url": "giai-hoa-lop-10_bai-1-trang-30-sgk-hoa-10",
        "level": 0
    },
    {
        "type": "category",
        "title": "Bài 2 (trang 30 SGK Hóa 10): Các electron thuộc lớp K hay lớp L liên kết với hạt nhân chặt chẽ hơn? Vì sao?",
        "url": "giai-hoa-lop-10_bai-2-trang-30-sgk-hoa-10",
        "level": 0
    },
    {
        "type": "category",
        "title": "Bài 3 (trang 30 SGK Hóa 10): Trong nguyên tử, những electron của lớp nào quyết định tính chất hóa học của nguyên tử nguyên tố đó? Cho thí dụ.",
        "url": "giai-hoa-lop-10_bai-3-trang-30-sgk-hoa-10",
        "level": 0
    },
    {
        "type": "category",
        "title": "Bài 4 (trang 30 SGK Hóa 10): Vỏ electron của một nguyên tử có 20 electron. Hỏi: ...",
        "url": "giai-hoa-lop-10_bai-4-trang-30-sgk-hoa-10",
        "level": 0
    },
    {
        "type": "category",
        "title": "Bài 5 (trang 30 SGK Hóa 10): Cho biết số electron tối đa ở các phân lớp sau: ...",
        "url": "giai-hoa-lop-10_bai-5-trang-30-sgk-hoa-10",
        "level": 0
    },
    {
        "type": "category",
        "title": "Bài 6 (trang 30 SGK Hóa 10): Cấu hình electron của nguyên tử photpho là ...",
        "url": "giai-hoa-lop-10_bai-6-trang-30-sgk-hoa-10",
        "level": 0
    },
    {
        "type": "category",
        "title": "Bài 7 (trang 30 SGK Hóa 10): Cấu hình electron của nguyên tử cho ta những thông tin gì? Cho thí dụ ...",
        "url": "giai-hoa-lop-10_bai-7-trang-30-sgk-hoa-10",
        "level": 0
    },
    {
        "type": "category",
        "title": "Bài 8 (trang 30 SGK Hóa 10): Viết cấu hình electron đầy đủ cho các nguyên tử có lớp electron ngoài cùng là: ...",
        "url": "giai-hoa-lop-10_bai-8-trang-30-sgk-hoa-10",
        "level": 0
    },
    {
        "type": "category",
        "title": "Bài 9 (trang 30 SGK Hóa 10): Cho biết tên, kí hiệu, số hiệu nguyên tử của: ...",
        "url": "giai-hoa-lop-10_bai-9-trang-30-sgk-hoa-10",
        "level": 0
    }
]