[
    {
        "type": "category",
        "title": "Bài 1 (trang 162 SGK Hóa 10): Ý nào sau đây là đúng: ...",
        "url": "giai-hoa-lop-10_bai-1-trang-162-sgk-hoa-10",
        "level": 0
    },
    {
        "type": "category",
        "title": "Bài 2 (trang 162 SGK Hóa 10): Hệ cân bằng sau được thực hiện trong bình kín: ...",
        "url": "giai-hoa-lop-10_bai-2-trang-162-sgk-hoa-10",
        "level": 0
    },
    {
        "type": "category",
        "title": "Bài 3 (trang 163 SGK Hóa 10): Cân bằng hóa học là gì? ...",
        "url": "giai-hoa-lop-10_bai-3-trang-163-sgk-hoa-10",
        "level": 0
    },
    {
        "type": "category",
        "title": "Bài 4 (trang 163 SGK Hóa 10): Thế nào là sự chuyển dịch cân bằng ...",
        "url": "giai-hoa-lop-10_bai-4-trang-163-sgk-hoa-10",
        "level": 0
    },
    {
        "type": "category",
        "title": "Bài 5 (trang 163 SGK Hóa 10): Phát biểu nguyên lí Lơ Sa – tơ – li – ê ...",
        "url": "giai-hoa-lop-10_bai-5-trang-163-sgk-hoa-10",
        "level": 0
    },
    {
        "type": "category",
        "title": "Bài 6 (trang 163 SGK Hóa 10): Xét các hệ cân bằng sau trong một bình kín: ...",
        "url": "giai-hoa-lop-10_bai-6-trang-163-sgk-hoa-10",
        "level": 0
    },
    {
        "type": "category",
        "title": "Bài 7 (trang 163 SGK Hóa 10): Clo phản ứng với nước theo phương trình hóa học sau ...",
        "url": "giai-hoa-lop-10_bai-7-trang-163-sgk-hoa-10",
        "level": 0
    },
    {
        "type": "category",
        "title": "Bài 8 (trang 163 SGK Hóa 10): Cho biết phản ứng sau: ...",
        "url": "giai-hoa-lop-10_bai-8-trang-163-sgk-hoa-10",
        "level": 0
    }
]