[
    {
        "type": "category",
        "title": "Bài 1 (trang 143 SGK Hóa 10): Một hợp chất có thành phần theo khối lượng ...",
        "url": "giai-hoa-lop-10_bai-1-trang-143-sgk-hoa-10",
        "level": 0
    },
    {
        "type": "category",
        "title": "Bài 2 (trang 143 SGK Hóa 10): Số oxi hóa của lưu huỳnh trong một loại hợp chất ...",
        "url": "giai-hoa-lop-10_bai-2-trang-143-sgk-hoa-10",
        "level": 0
    },
    {
        "type": "category",
        "title": "Bài 3 (trang 143 SGK Hóa 10): Có 4 lọ, mỗi lọ đựng một dung dịch không màu ...",
        "url": "giai-hoa-lop-10_bai-3-trang-143-sgk-hoa-10",
        "level": 0
    },
    {
        "type": "category",
        "title": "Bài 4 (trang 143 SGK Hóa 10): a)Axit sunfuric đặc được dùng làm khô ...",
        "url": "giai-hoa-lop-10_bai-4-trang-143-sgk-hoa-10",
        "level": 0
    },
    {
        "type": "category",
        "title": "Bài 5 (trang 143 SGK Hóa 10): a) Trong hợp nào axit sunfuric ...",
        "url": "giai-hoa-lop-10_bai-5-trang-143-sgk-hoa-10",
        "level": 0
    },
    {
        "type": "category",
        "title": "Bài 6 (trang 143 SGK Hóa 10): Có 100ml dung dịch H2SO4 98% ...",
        "url": "giai-hoa-lop-10_bai-6-trang-143-sgk-hoa-10",
        "level": 0
    }
]
