[
    {
        "type": "category",
        "title": "Bài 1 (trang 132 SGK Hóa 10): Lưu huỳnh tác dụng với aixt sunfuric đặc, nóng: ...",
        "url": "giai-hoa-lop-10_bai-1-trang-132-sgk-hoa-10",
        "level": 0
    },
    {
        "type": "category",
        "title": "Bài 2 (trang 132 SGK Hóa 10): Dãy đơn chất nào sau đây vừa có tính oxi hóa vừa có tính khử? ...",
        "url": "giai-hoa-lop-10_bai-2-trang-132-sgk-hoa-10",
        "level": 0
    },
    {
        "type": "category",
        "title": "Bài 3 (trang 132 SGK Hóa 10): Có thể dự đoán sự thay đổi như thế nào về khối lượng riêng ...",
        "url": "giai-hoa-lop-10_bai-3-trang-132-sgk-hoa-10",
        "level": 0
    },
    {
        "type": "category",
        "title": "Bài 4 (trang 132 SGK Hóa 10): Đun nóng một hỗn hợp gồm có 0,650g bột kẽm ...",
        "url": "giai-hoa-lop-10_bai-4-trang-132-sgk-hoa-10",
        "level": 0
    },
    {
        "type": "category",
        "title": "Bài 5 (trang 132 SGK Hóa 10): 1,10g hỗn hợp bột sắt và bột nhôm tác dụng vừa đủ ...",
        "url": "giai-hoa-lop-10_bai-5-trang-132-sgk-hoa-10",
        "level": 0
    }
]
