[
    {
        "type": "category",
        "title": "Bài 1 (trang 64 SGK Hóa 10): Chọn câu đúng nhất về liên kết cộng hóa trị ...",
        "url": "giai-hoa-lop-10_bai-1-trang-64-sgk-hoa-10",
        "level": 0
    },
    {
        "type": "category",
        "title": "Bài 2 (trang 64 SGK Hóa 10): Chọn câu đúng trong các câu sau: ...",
        "url": "giai-hoa-lop-10_bai-2-trang-64-sgk-hoa-10",
        "level": 0
    },
    {
        "type": "category",
        "title": "Bài 3 (trang 64 SGK Hóa 10): Độ âm điện của một nguyên tử đặc trưng cho ...",
        "url": "giai-hoa-lop-10_bai-3-trang-64-sgk-hoa-10",
        "level": 0
    },
    {
        "type": "category",
        "title": "Bài 4 (trang 64 SGK Hóa 10): Thế nào là liên kết ion, liên kết cộng hóa trị không cực ...",
        "url": "giai-hoa-lop-10_bai-4-trang-64-sgk-hoa-10",
        "level": 0
    },
    {
        "type": "category",
        "title": "Bài 5 (trang 64 SGK Hóa 10): Dựa vào hiệu độ âm điện các nguyên tố ...",
        "url": "giai-hoa-lop-10_bai-5-trang-64-sgk-hoa-10",
        "level": 0
    },
    {
        "type": "category",
        "title": "Bài 6 (trang 64 SGK Hóa 10): Viết công thức electron và công thức cấu tạo ...",
        "url": "giai-hoa-lop-10_bai-6-trang-64-sgk-hoa-10",
        "level": 0
    },
    {
        "type": "category",
        "title": "Bài 7 (trang 64 SGK Hóa 10): X, A, Z là những nguyên tố có số điện tích hạt nhân là 9, 19, 8 ...",
        "url": "giai-hoa-lop-10_bai-7-trang-64-sgk-hoa-10",
        "level": 0
    }
]