[
    {
        "type": "category",
        "title": "Bài 1 (trang 9 SGK Hóa 10): Các hạt cấu tạo nên hạt nhân của hầu hết các nguyên tử là: ...",
        "url": "giai-hoa-lop-10_bai-1-trang-9-sgk-hoa-10",
        "level": 0
    },
    {
        "type": "category",
        "title": "Bài 2 (trang 9 SGK Hóa 10): Các hạt cấu tạo nên hầu hết các nguyên tử là: ...",
        "url": "giai-hoa-lop-10_bai-2-trang-9-sgk-hoa-10",
        "level": 0
    },
    {
        "type": "category",
        "title": "Bài 3 (trang 9 SGK Hóa 10): Nguyên tử có đường kính gấp khoảng 10.000 lần đường kính hạt nhân ...",
        "url": "giai-hoa-lop-10_bai-3-trang-9-sgk-hoa-10",
        "level": 0
    },
    {
        "type": "category",
        "title": "Bài 4 (trang 9 SGK Hóa 10): Tìm tỉ số về khối lượng của electron so với proton ...",
        "url": "giai-hoa-lop-10_bai-4-trang-9-sgk-hoa-10",
        "level": 0
    },
    {
        "type": "category",
        "title": "Bài 5 (trang 9 SGK Hóa 10): Nguyên tử kẽm có bán kính r = 1,35.10-1 nm, khối lượng nguyên tử là 65u ...",
        "url": "giai-hoa-lop-10_bai-5-trang-9-sgk-hoa-10",
        "level": 0
    }
]