[
    {
        "type": "category",
        "title": "Bài 1 (trang 127 SGK Hóa 10): Hãy ghép cấu hình electron với nguyên tử thích hợp ...",
        "url": "giai-hoa-lop-10_bai-1-trang-127-sgk-hoa-10",
        "level": 0
    },
    {
        "type": "category",
        "title": "Bài 2 (trang 127 SGK Hóa 10): Hãy ghép cấu hình electron với nguyên tử thích hợp ...",
        "url": "giai-hoa-lop-10_bai-2-trang-127-sgk-hoa-10",
        "level": 0
    },
    {
        "type": "category",
        "title": "Bài 3 (trang 127 SGK Hóa 10): Hãy dẫn ra những phản ứng hóa học để chứng minh rằng: ...",
        "url": "giai-hoa-lop-10_bai-3-trang-127-sgk-hoa-10",
        "level": 0
    },
    {
        "type": "category",
        "title": "Bài 4 (trang 127 SGK Hóa 10): Hãy trình bày các phương pháp điều chế khí oxi ...",
        "url": "giai-hoa-lop-10_bai-4-trang-127-sgk-hoa-10",
        "level": 0
    },
    {
        "type": "category",
        "title": "Bài 5 (trang 128 SGK Hóa 10): Hãy cho biết những ứng dụng của khí oxi và ozon ...",
        "url": "giai-hoa-lop-10_bai-5-trang-128-sgk-hoa-10",
        "level": 0
    },
    {
        "type": "category",
        "title": "Bài 6 (trang 128 SGK Hóa 10): Có hỗn hợp khí oxi và ozon ...",
        "url": "giai-hoa-lop-10_bai-6-trang-128-sgk-hoa-10",
        "level": 0
    }
]
