[
    {
        "type": "category",
        "title": "Chương 1: Nguyên tử",
        "url": "giai-hoa-lop-10_chuong-1-nguyen-tu",
        "level": 0
    },
    {
        "type": "category",
        "title": "Bài 1: Thành phần nguyên tử",
        "url": "giai-hoa-lop-10_bai-1-thanh-phan-nguyen-tu",
        "level": 1
    },
    {
        "type": "category",
        "title": "Bài 2: Hạt nhân nguyên tử - Nguyên tố hóa học - Đồng vị",
        "url": "giai-hoa-lop-10_bai-2-hat-nhan-nguyen-tu-nguyen-to-hoa-hoc-dong-vi",
        "level": 1
    },
    {
        "type": "category",
        "title": "Bài 3: Luyện tập: Thành phần nguyên tử",
        "url": "giai-hoa-lop-10_bai-3-luyen-tap-thanh-phan-nguyen-tu",
        "level": 1
    },
    {
        "type": "category",
        "title": "Bài 4: Cấu tạo vỏ nguyên tử",
        "url": "giai-hoa-lop-10_bai-4-cau-tao-vo-nguyen-tu",
        "level": 1
    },
    {
        "type": "category",
        "title": "Bài 5: Cấu hình electron",
        "url": "giai-hoa-lop-10_bai-5-cau-hinh-electron",
        "level": 1
    },
    {
        "type": "category",
        "title": "Bài 6: Luyện tập: Cấu tạo vỏ nguyên tử",
        "url": "giai-hoa-lop-10_bai-6-luyen-tap-cau-tao-vo-nguyen-tu",
        "level": 1
    },
    {
        "type": "category",
        "title": "Chương 2: Bảng tuần hoàn các nguyên tố hóa học và Định luật tuần hoàn",
        "url": "giai-hoa-lop-10_chuong-2-bang-tuan-hoan-cac-nguyen-to-hoa-hoc-va-dinh-luat-bao-toan",
        "level": 0
    },
    {
        "type": "category",
        "title": "Bài 7: Bảng tuần hoàn các nguyên tố hóa học",
        "url": "giai-hoa-lop-10_bai-7-bang-tuan-hoan-cac-nguyen-to-hoa-hoc",
        "level": 1
    },
    {
        "type": "category",
        "title": "Bài 8: Sự biến đổi tuần hoàn cấu hình electron nguyên tử của các nguyên tố hóa học",
        "url": "giai-hoa-lop-10_bai-8-su-bien-doi-tuan-hoan-cau-hinh-electron-nguyen-tu-cua-cac-nguyen-to-hoa-hoc",
        "level": 1
    },
    {
        "type": "category",
        "title": "Bài 9: Sự biến đổi tuần hoàn tính chất của các nguyên tố hóa học. Định luật tuần hoàn",
        "url": "giai-hoa-lop-10_bai-9-su-bien-doi-tuan-hoan-tinh-chat-cua-cac-nguyen-to-hoa-hoc-dinh-luat-tuan-hoan",
        "level": 1
    },
    {
        "type": "category",
        "title": "Bài 10: Ý nghĩa của bảng tuần hoàn các nguyên tố hóa học",
        "url": "giai-hoa-lop-10_bai-10-y-nghia-cua-bang-tuan-hoan-cac-nguyen-to-hoa-hoc",
        "level": 1
    },
    {
        "type": "category",
        "title": "Bài 11: Luyện tập: Bảng tuần hoàn, sự biến đổi tuần hoàn cấu hình electron nguyên tử và tính chất của các nguyên tố hóa học",
        "url": "giai-hoa-lop-10_bai-11-luyen-tap-bang-tuan-hoan-su-bien-doi-tuan-hoan-cau-hinh-electron-nguyen-tu-va-tinh-chat-cua-cac-nguyen-to-hoa-hoc",
        "level": 1
    },
    {
        "type": "category",
        "title": "Chương 3: Liên kết hóa học",
        "url": "giai-hoa-lop-10_chuong-3-lien-ket-hoa-hoc",
        "level": 0
    },
    {
        "type": "category",
        "title": "Bài 12: Liên kết ion - Tinh thể ion",
        "url": "giai-hoa-lop-10_bai-12-lien-ket-ion-tinh-the-ion",
        "level": 1
    },
    {
        "type": "category",
        "title": "Bài 13: Liên kết cộng hóa trị",
        "url": "giai-hoa-lop-10_bai-13-lien-ket-cong-hoa-tri",
        "level": 1
    },
    {
        "type": "category",
        "title": "Bài 14: Tinh thể nguyên tử và tinh thể phân tử",
        "url": "giai-hoa-lop-10_bai-14-tinh-the-nguyen-tu-va-tinh-the-phan-tu",
        "level": 1
    },
    {
        "type": "category",
        "title": "Bài 15: Hóa trị và số oxi hóa",
        "url": "giai-hoa-lop-10_bai-15-hoa-tri-va-so-oxi-hoa",
        "level": 1
    },
    {
        "type": "category",
        "title": "Bài 16: Luyện tập: Liên kết hóa học",
        "url": "giai-hoa-lop-10_bai-16-luyen-tap-lien-ket-hoa-hoc",
        "level": 1
    },
    {
        "type": "category",
        "title": "Chương 4: Phản ứng oxi hóa - khử",
        "url": "giai-hoa-lop-10_chuong-4-phan-ung-oxi-hoa-khu",
        "level": 0
    },
    {
        "type": "category",
        "title": "Bài 17: Phản ứng oxi hóa khử",
        "url": "giai-hoa-lop-10_bai-17-phan-ung-oxi-hoa-khu",
        "level": 1
    },
    {
        "type": "category",
        "title": "Bài 18: Phân loại phản ứng trong hóa học vô cơ",
        "url": "giai-hoa-lop-10_bai-18-phan-loai-phan-ung-trong-hoa-hoc-vo-co",
        "level": 1
    },
    {
        "type": "category",
        "title": "Bài 19: Luyện tập: Phản ứng oxi hóa - khử",
        "url": "giai-hoa-lop-10_bai-19-luyen-tap-phan-ung-oxi-hoa-khu",
        "level": 1
    },
    {
        "type": "category",
        "title": "Bài 20: Bài thực hành số 1: Phản ứng oxi hóa khử",
        "url": "giai-hoa-lop-10_bai-20-bai-thuc-hanh-so-1-phan-ung-oxi-hoa-khu",
        "level": 1
    },
    {
        "type": "category",
        "title": "Chương 5: Nhóm Halogen",
        "url": "giai-hoa-lop-10_chuong-5-nhom-halogen",
        "level": 0
    },
    {
        "type": "category",
        "title": "Bài 21: Khái quát về nhóm halogen",
        "url": "giai-hoa-lop-10_bai-21-khai-quat-ve-nhom-halogen",
        "level": 1
    },
    {
        "type": "category",
        "title": "Bài 22: Clo",
        "url": "giai-hoa-lop-10_bai-22-clo",
        "level": 1
    },
    {
        "type": "category",
        "title": "Bài 23: Hiđro clorua - Axit clohiđric và muối clorua",
        "url": "giai-hoa-lop-10_bai-23-hidro-clorua-axit-clohidric-va-muoi-clorua",
        "level": 1
    },
    {
        "type": "category",
        "title": "Bài 24: Sơ lược về hợp chất có oxi của clo",
        "url": "giai-hoa-lop-10_bai-24-so-luoc-ve-hop-chat-co-oxi-cua-clo",
        "level": 1
    },
    {
        "type": "category",
        "title": "Bài 25: Flo - Brom - Iot",
        "url": "giai-hoa-lop-10_bai-25-flo-brom-iot",
        "level": 1
    },
    {
        "type": "category",
        "title": "Bài 26: Luyện tập : Nhóm halogen",
        "url": "giai-hoa-lop-10_bai-26-luyen-tap-nhom-halogen",
        "level": 1
    },
    {
        "type": "category",
        "title": "Bài 27: Bài thực hành số 2: Tính chất hóa học của khí clo và hợp chất của clo",
        "url": "giai-hoa-lop-10_bai-27-bai-thuc-hanh-so-2-tinh-chat-hoa-hoc-cua-khi-clo-va-hop-chat-cua-clo",
        "level": 1
    },
    {
        "type": "category",
        "title": "Bài 28: Bài thực hành số 3: Tính chất hóa học của brom và iot",
        "url": "giai-hoa-lop-10_bai-28-bai-thuc-hanh-so-3-tinh-chat-hoa-hoc-cua-brom-va-iot",
        "level": 1
    },
    {
        "type": "category",
        "title": "Chương 6: Oxi - Lưu huỳnh",
        "url": "giai-hoa-lop-10_chuong-6-oxi-luu-huynh",
        "level": 0
    },
    {
        "type": "category",
        "title": "Bài 29: Oxi - Ozon",
        "url": "giai-hoa-lop-10_bai-29-oxi-ozon",
        "level": 1
    },
    {
        "type": "category",
        "title": "Bài 30: Lưu huỳnh",
        "url": "giai-hoa-lop-10_bai-30-luu-huynh",
        "level": 1
    },
    {
        "type": "category",
        "title": "Bài 31: Bài thực hành số 4. Tính chất của oxi, lưu huỳnh",
        "url": "giai-hoa-lop-10_bai-31-bai-thuc-hanh-so-4-tinh-chat-cua-oxi-luu-huynh",
        "level": 1
    },
    {
        "type": "category",
        "title": "Bài 32: Hiđro sunfua - Lưu huỳnh đioxit - Lưu huỳnh trioxit",
        "url": "giai-hoa-lop-10_bai-32-hidro-sunfua-luu-huynh-dioxit-luu-huynh-trioxit",
        "level": 1
    },
    {
        "type": "category",
        "title": "Bài 33: Axit sunfuric - Muối sunfat",
        "url": "giai-hoa-lop-10_bai-33-axit-sunfuric-muoi-sunfat",
        "level": 1
    },
    {
        "type": "category",
        "title": "Bài 34: Luyện tập: Oxi và lưu huỳnh",
        "url": "giai-hoa-lop-10_bai-34-luyen-tap-oxi-va-luu-huynh",
        "level": 1
    },
    {
        "type": "category",
        "title": "Bài 35: Bài thực hành số 5. Tính chất các hợp chất của lưu huỳnh",
        "url": "giai-hoa-lop-10_bai-35-bai-thuc-hanh-so-5-tinh-chat-cac-hop-chat-cua-luu-huynh",
        "level": 1
    },
    {
        "type": "category",
        "title": "Chương 7: Tốc độ phản ứng và cân bằng hóa học",
        "url": "giai-hoa-lop-10_chuong-7-toc-do-phan-ung-va-can-bang-hoa-hoc",
        "level": 0
    },
    {
        "type": "category",
        "title": "Bài 36: Tốc độ phản ứng hóa học",
        "url": "giai-hoa-lop-10_bai-36-toc-do-phan-ung-hoa-hoc",
        "level": 1
    },
    {
        "type": "category",
        "title": "Bài 37: Bài thực hành số 6. Tốc độ phản ứng hóa học",
        "url": "giai-hoa-lop-10_bai-37-bai-thuc-hanh-so-6-toc-do-phan-ung-hoa-hoc",
        "level": 1
    },
    {
        "type": "category",
        "title": "Bài 38: Cân bằng hóa học",
        "url": "giai-hoa-lop-10_bai-38-can-bang-hoa-hoc",
        "level": 1
    },
    {
        "type": "category",
        "title": "Bài 39: Luyện tập: Tốc độ phản ứng và cân bằng hóa học",
        "url": "giai-hoa-lop-10_bai-39-luyen-tap-toc-do-phan-ung-va-can-bang-hoa-hoc",
        "level": 1
    }
]