[
    {
        "type": "category",
        "title": "Bài 1 (trang 101 sgk Giáo dục công dân 10): Thế nào là lòng yêu nước ...",
        "url": "giai-bai-tap-giao-duc-cong-dan-10_bai-1-trang-101-sgk-gdcd-10",
        "level": 0
    },
    {
        "type": "category",
        "title": "Bài 2 (trang 101 sgk Giáo dục công dân 10): Xử lí tình huống: ...",
        "url": "giai-bai-tap-giao-duc-cong-dan-10_bai-2-trang-101-sgk-gdcd-10",
        "level": 0
    },
    {
        "type": "category",
        "title": "Bài 3 (trang 102 sgk Giáo dục công dân 10): Hãy tìm hiểu về các hoạt động ...",
        "url": "giai-bai-tap-giao-duc-cong-dan-10_bai-3-trang-102-sgk-gdcd-10",
        "level": 0
    },
    {
        "type": "category",
        "title": "Bài 4 (trang 102 sgk Giáo dục công dân 10): Hãy tìm hiểu về những hoạt động ...",
        "url": "giai-bai-tap-giao-duc-cong-dan-10_bai-4-trang-102-sgk-gdcd-10",
        "level": 0
    }
]