[
    {
        "type": "category",
        "title": "Bài 1 (trang 75 sgk Giáo dục công dân 10): Trong xã hội ta hiện nay ...",
        "url": "giai-bai-tap-giao-duc-cong-dan-10_bai-1-trang-75-sgk-gdcd-10",
        "level": 0
    },
    {
        "type": "category",
        "title": "Bài 2 (trang 75 sgk Giáo dục công dân 10): Vì sao người có lương tâm ",
        "url": "giai-bai-tap-giao-duc-cong-dan-10_bai-2-trang-75-sgk-gdcd-10",
        "level": 0
    },
    {
        "type": "category",
        "title": "Bài 3 (trang 75 sgk Giáo dục công dân 10): Nhân phẩm và danh dự ...",
        "url": "giai-bai-tap-giao-duc-cong-dan-10_bai-3-trang-75-sgk-gdcd-10",
        "level": 0
    },
    {
        "type": "category",
        "title": "Bài 4 (trang 75 sgk Giáo dục công dân 10): Hãy phân biệt tự trọng ...",
        "url": "giai-bai-tap-giao-duc-cong-dan-10_bai-4-trang-75-sgk-gdcd-10",
        "level": 0
    },
    {
        "type": "category",
        "title": "Bài 5 (trang 75 sgk Giáo dục công dân 10): Có người cho rằng hạnh phúc ...",
        "url": "giai-bai-tap-giao-duc-cong-dan-10_bai-5-trang-75-sgk-gdcd-10",
        "level": 0
    },
    {
        "type": "category",
        "title": "Bài 6 (trang 75 sgk Giáo dục công dân 10): Theo em, hạnh phúc ...",
        "url": "giai-bai-tap-giao-duc-cong-dan-10_bai-6-trang-75-sgk-gdcd-10",
        "level": 0
    },
    {
        "type": "category",
        "title": "Bài 7 (trang 75 sgk Giáo dục công dân 10): Em hãy nêu một vài nghĩa vụ đạo đức ...",
        "url": "giai-bai-tap-giao-duc-cong-dan-10_bai-7-trang-75-sgk-gdcd-10",
        "level": 0
    }
]