[
    {
        "type": "category",
        "title": "Bài 1 (trang 52 sgk Giáo dục công dân 10): Tồn tại xã hội bao gồm ...",
        "url": "giai-bai-tap-giao-duc-cong-dan-10_bai-1-trang-52-sgk-gdcd-10",
        "level": 0
    },
    {
        "type": "category",
        "title": "Bài 2 (trang 52 sgk Giáo dục công dân 10): Hãy phân tích tác động ...",
        "url": "giai-bai-tap-giao-duc-cong-dan-10_bai-2-trang-52-sgk-gdcd-10",
        "level": 0
    },
    {
        "type": "category",
        "title": "Bài 3 (trang 52 sgk Giáo dục công dân 10): Khi bàn về quan hệ giữa tồn tại ...",
        "url": "giai-bai-tap-giao-duc-cong-dan-10_bai-3-trang-52-sgk-gdcd-10",
        "level": 0
    }
]