[
    {
        "type": "category",
        "title": "Bài 1 (trang 44 sgk Giáo dục công dân 10): Dựa vào kiến thức đã học ...",
        "url": "giai-bai-tap-giao-duc-cong-dan-10_bai-1-trang-44-sgk-gdcd-10",
        "level": 0
    },
    {
        "type": "category",
        "title": "Bài 2 (trang 44 sgk Giáo dục công dân 10): Em hiểu thế nào về nguyên lí ...",
        "url": "giai-bai-tap-giao-duc-cong-dan-10_bai-2-trang-44-sgk-gdcd-10",
        "level": 0
    },
    {
        "type": "category",
        "title": "Bài 3 (trang 44 sgk Giáo dục công dân 10): Bản thân em đã có việc làm ...",
        "url": "giai-bai-tap-giao-duc-cong-dan-10_bai-3-trang-44-sgk-gdcd-10",
        "level": 0
    },
    {
        "type": "category",
        "title": "Bài 4 (trang 44 sgk Giáo dục công dân 10): Dựa vào kiến thức đã học ...",
        "url": "giai-bai-tap-giao-duc-cong-dan-10_bai-4-trang-44-sgk-gdcd-10",
        "level": 0
    },
    {
        "type": "category",
        "title": "Bài 5 (trang 44 sgk Giáo dục công dân 10): Trong khi chuẩn bị ...",
        "url": "giai-bai-tap-giao-duc-cong-dan-10_bai-5-trang-44-sgk-gdcd-10",
        "level": 0
    }
]