[
    {
        "type": "category",
        "title": "Bài 1 (trang 18 sgk Giáo dục công dân 10): Bảng kiến thức đã học ...",
        "url": "giai-bai-tap-giao-duc-cong-dan-10_bai-1-trang-18-sgk-gdcd-10",
        "level": 0
    },
    {
        "type": "category",
        "title": "Bài 2 (trang 18 sgk Giáo dục công dân 10): Em hãy giải thích ...",
        "url": "giai-bai-tap-giao-duc-cong-dan-10_bai-2-trang-18-sgk-gdcd-10",
        "level": 0
    },
    {
        "type": "category",
        "title": "Bài 3 (trang 18 sgk Giáo dục công dân 10): Theo em, việc làm nào ...",
        "url": "giai-bai-tap-giao-duc-cong-dan-10_bai-3-trang-18-sgk-gdcd-10",
        "level": 0
    },
    {
        "type": "category",
        "title": "Bài 4 (trang 18 sgk Giáo dục công dân 10): Dựa vào kiến thức ...",
        "url": "giai-bai-tap-giao-duc-cong-dan-10_bai-4-trang-18-sgk-gdcd-10",
        "level": 0
    }
]