[
    {
        "type": "category",
        "title": "Bài 1 (trang 86 sgk Giáo dục công dân 10): Hiện nay, trong học sinh ...",
        "url": "giai-bai-tap-giao-duc-cong-dan-10_bai-1-trang-86-sgk-gdcd-10",
        "level": 0
    },
    {
        "type": "category",
        "title": "Bài 2 (trang 86 sgk Giáo dục công dân 10): Trong bài học nêu lên ...",
        "url": "giai-bai-tap-giao-duc-cong-dan-10_bai-2-trang-86-sgk-gdcd-10",
        "level": 0
    },
    {
        "type": "category",
        "title": "Bài 3 (trang 86 sgk Giáo dục công dân 10): Hiện nay, có một số người ...",
        "url": "giai-bai-tap-giao-duc-cong-dan-10_bai-3-trang-86-sgk-gdcd-10",
        "level": 0
    },
    {
        "type": "category",
        "title": "Bài 4 (trang 86 sgk Giáo dục công dân 10): Theo em, điểm khác biệt lớn nhất ...",
        "url": "giai-bai-tap-giao-duc-cong-dan-10_bai-4-trang-86-sgk-gdcd-10",
        "level": 0
    },
    {
        "type": "category",
        "title": "Bài 5 (trang 86 sgk Giáo dục công dân 10): Trước đây, quan niệm về ...",
        "url": "giai-bai-tap-giao-duc-cong-dan-10_bai-5-trang-86-sgk-gdcd-10",
        "level": 0
    },
    {
        "type": "category",
        "title": "Bài 6 (trang 86 sgk Giáo dục công dân 10): Em hãy sưu tầm một số ...",
        "url": "giai-bai-tap-giao-duc-cong-dan-10_bai-6-trang-86-sgk-gdcd-10",
        "level": 0
    }
]