[
    {
        "type": "category",
        "title": "Bài 1 (trang 23 sgk Giáo dục công dân 10): Theo quan điểm triết học ...",
        "url": "giai-bai-tap-giao-duc-cong-dan-10_bai-1-trang-23-sgk-gdcd-10",
        "level": 0
    },
    {
        "type": "category",
        "title": "Bài 2 (trang 23 sgk Giáo dục công dân 10): Theo quan điểm triết học ...",
        "url": "giai-bai-tap-giao-duc-cong-dan-10_bai-2-trang-23-sgk-gdcd-10",
        "level": 0
    },
    {
        "type": "category",
        "title": "Bài 3 (trang 23 sgk Giáo dục công dân 10): Hãy chứng minh rằng ...",
        "url": "giai-bai-tap-giao-duc-cong-dan-10_bai-3-trang-23-sgk-gdcd-10",
        "level": 0
    },
    {
        "type": "category",
        "title": "Bài 4 (trang 23 sgk Giáo dục công dân 10): Một học sinh chuyển từ cấp ...",
        "url": "giai-bai-tap-giao-duc-cong-dan-10_bai-4-trang-23-sgk-gdcd-10",
        "level": 0
    },
    {
        "type": "category",
        "title": "Bài 5 (trang 23 sgk Giáo dục công dân 10): Em hãy nêu một vài ví dụ ...",
        "url": "giai-bai-tap-giao-duc-cong-dan-10_bai-5-trang-23-sgk-gdcd-10",
        "level": 0
    },
    {
        "type": "category",
        "title": "Bài 6 (trang 23 sgk Giáo dục công dân 10): Hãy sắp xếp các hiện tượng ...",
        "url": "giai-bai-tap-giao-duc-cong-dan-10_bai-6-trang-23-sgk-gdcd-10",
        "level": 0
    }
]