[
    {
        "type": "category",
        "title": "Bài 1 (trang 111 sgk Giáo dục công dân 10): Vì sao ô nhiễm môi trường ...",
        "url": "giai-bai-tap-giao-duc-cong-dan-10_bai-1-trang-111-sgk-gdcd-10",
        "level": 0
    },
    {
        "type": "category",
        "title": "Bài 2 (trang 111 sgk Giáo dục công dân 10): Hãy tìm hiểu và giới thiệu ...",
        "url": "giai-bai-tap-giao-duc-cong-dan-10_bai-2-trang-111-sgk-gdcd-10",
        "level": 0
    }
]