[
    {
        "type": "category",
        "title": "Bài 1 (trang 11 sgk Giáo dục công dân 10): Hãy phân tích sự khác nhau ...",
        "url": "giai-bai-tap-giao-duc-cong-dan-10_bai-1-trang-11-sgk-gdcd-10",
        "level": 0
    },
    {
        "type": "category",
        "title": "Bài 2 (trang 11 sgk Giáo dục công dân 10): Ở các ví dụ sau ...",
        "url": "giai-bai-tap-giao-duc-cong-dan-10_bai-2-trang-11-sgk-gdcd-10",
        "level": 0
    },
    {
        "type": "category",
        "title": "Bài 3 (trang 11 sgk Giáo dục công dân 10): Dựa vào cơ sở ...",
        "url": "giai-bai-tap-giao-duc-cong-dan-10_bai-3-trang-11-sgk-gdcd-10",
        "level": 0
    },
    {
        "type": "category",
        "title": "Bài 4 (trang 11 sgk Giáo dục công dân 10): Phân tích các yếu tố ...",
        "url": "giai-bai-tap-giao-duc-cong-dan-10_bai-4-trang-11-sgk-gdcd-10",
        "level": 0
    },
    {
        "type": "category",
        "title": "Bài 5 (trang 11 sgk Giáo dục công dân 10): Hãy nêu ý kiến của mình ...",
        "url": "giai-bai-tap-giao-duc-cong-dan-10_bai-5-trang-11-sgk-gdcd-10",
        "level": 0
    }
]