[
    {
        "type": "category",
        "title": "Bài 1 (trang 59 sgk Giáo dục công dân 10): Em hãy cho biết ...",
        "url": "giai-bai-tap-giao-duc-cong-dan-10_bai-1-trang-59-sgk-gdcd-10",
        "level": 0
    },
    {
        "type": "category",
        "title": "Bài 2 (trang 60 sgk Giáo dục công dân 10): Hăng-ri Đuy-năng ...",
        "url": "giai-bai-tap-giao-duc-cong-dan-10_bai-2-trang-60-sgk-gdcd-10",
        "level": 0
    },
    {
        "type": "category",
        "title": "Bài 3 (trang 60 sgk Giáo dục công dân 10): Hãy điều tra thực tế ...",
        "url": "giai-bai-tap-giao-duc-cong-dan-10_bai-3-trang-60-sgk-gdcd-10",
        "level": 0
    },
    {
        "type": "category",
        "title": "Bài 4 (trang 60 sgk Giáo dục công dân 10): Trong cuộc sống hàng ngày ...",
        "url": "giai-bai-tap-giao-duc-cong-dan-10_bai-4-trang-60-sgk-gdcd-10",
        "level": 0
    }
]