[
    {
        "type": "category",
        "title": "Bài 1 (trang 37 sgk Giáo dục công dân 10): Vận dụng quan điểm ...",
        "url": "giai-bai-tap-giao-duc-cong-dan-10_bai-1-trang-37-sgk-gdcd-10",
        "level": 0
    },
    {
        "type": "category",
        "title": "Bài 2 (trang 37 sgk Giáo dục công dân 10): Chúng ta phải luôn luôn ...",
        "url": "giai-bai-tap-giao-duc-cong-dan-10_bai-2-trang-37-sgk-gdcd-10",
        "level": 0
    },
    {
        "type": "category",
        "title": "Bài 3 (trang 37 sgk Giáo dục công dân 10): Trong cuộc sống hàng ngày ...",
        "url": "giai-bai-tap-giao-duc-cong-dan-10_bai-3-trang-37-sgk-gdcd-10",
        "level": 0
    },
    {
        "type": "category",
        "title": "Bài 4 (trang 37 sgk Giáo dục công dân 10): Em hãy nhận xét ...",
        "url": "giai-bai-tap-giao-duc-cong-dan-10_bai-4-trang-37-sgk-gdcd-10",
        "level": 0
    },
    {
        "type": "category",
        "title": "Bài 5 (trang 38 sgk Giáo dục công dân 10): Hãy xác định câu trả lời ...",
        "url": "giai-bai-tap-giao-duc-cong-dan-10_bai-5-trang-38-sgk-gdcd-10",
        "level": 0
    }
]