[
    {
        "type": "category",
        "title": "Bài 1 (trang 114 sgk Giáo dục công dân 10): Thế nào là tự hoàn thiện ...",
        "url": "giai-bai-tap-giao-duc-cong-dan-10_bai-1-trang-114-sgk-gdcd-10",
        "level": 0
    },
    {
        "type": "category",
        "title": "Bài 2 (trang 114 sgk Giáo dục công dân 10): Em có suy nghĩ gì sau ...",
        "url": "giai-bai-tap-giao-duc-cong-dan-10_bai-2-trang-114-sgk-gdcd-10",
        "level": 0
    },
    {
        "type": "category",
        "title": "Bài 3 (trang 115 sgk Giáo dục công dân 10): Em tán thành hay không tán thành ...",
        "url": "giai-bai-tap-giao-duc-cong-dan-10_bai-3-trang-115-sgk-gdcd-10",
        "level": 0
    },
    {
        "type": "category",
        "title": "Bài 4 (trang 115 sgk Giáo dục công dân 10): Em hãy lập kế hoạch phấn đấu ...",
        "url": "giai-bai-tap-giao-duc-cong-dan-10_bai-4-trang-115-sgk-gdcd-10",
        "level": 0
    },
    {
        "type": "category",
        "title": "Bài 5 (trang 115 sgk Giáo dục công dân 10): Hãy sưu tầm và chia sẻ với ...",
        "url": "giai-bai-tap-giao-duc-cong-dan-10_bai-5-trang-115-sgk-gdcd-10",
        "level": 0
    }
]