[
    {
        "type": "category",
        "title": "Bài 1 (trang 66 sgk Giáo dục công dân 10): Em hãy phân biệt đạo đức ...",
        "url": "giai-bai-tap-giao-duc-cong-dan-10_bai-1-trang-66-sgk-gdcd-10",
        "level": 0
    },
    {
        "type": "category",
        "title": "Bài 2 (trang 66 sgk Giáo dục công dân 10): Ngày xưa, một người lấy việc ...",
        "url": "giai-bai-tap-giao-duc-cong-dan-10_bai-2-trang-66-sgk-gdcd-10",
        "level": 0
    },
    {
        "type": "category",
        "title": "Bài 3 (trang 66 sgk Giáo dục công dân 10): Hãy lấy một vài ví dụ ...",
        "url": "giai-bai-tap-giao-duc-cong-dan-10_bai-3-trang-66-sgk-gdcd-10",
        "level": 0
    },
    {
        "type": "category",
        "title": "Bài 4 (trang 67 sgk Giáo dục công dân 10): Em hãy kể về một tấm gương ...",
        "url": "giai-bai-tap-giao-duc-cong-dan-10_bai-4-trang-67-sgk-gdcd-10",
        "level": 0
    },
    {
        "type": "category",
        "title": "Bài 5 (trang 67 sgk Giáo dục công dân 10): Gia đình Việt Nam hiện nay ...",
        "url": "giai-bai-tap-giao-duc-cong-dan-10_bai-5-trang-67-sgk-gdcd-10",
        "level": 0
    }
]