[
    {
        "type": "category",
        "title": "Bài 1 (trang 94 sgk Giáo dục công dân 10): Hãy nêu ý nghĩa của ...",
        "url": "giai-bai-tap-giao-duc-cong-dan-10_bai-1-trang-94-sgk-gdcd-10",
        "level": 0
    },
    {
        "type": "category",
        "title": "Bài 2 (trang 94 sgk Giáo dục công dân 10): Hãy tìm hiểu về những hoạt động ...",
        "url": "giai-bai-tap-giao-duc-cong-dan-10_bai-2-trang-94-sgk-gdcd-10",
        "level": 0
    },
    {
        "type": "category",
        "title": "Bài 3 (trang 94 sgk Giáo dục công dân 10): Em hãy cùng các bạn ...",
        "url": "giai-bai-tap-giao-duc-cong-dan-10_bai-3-trang-94-sgk-gdcd-10",
        "level": 0
    },
    {
        "type": "category",
        "title": "Bài 4 (trang 94 sgk Giáo dục công dân 10): Thế nào là sống hòa nhập ...",
        "url": "giai-bai-tap-giao-duc-cong-dan-10_bai-4-trang-94-sgk-gdcd-10",
        "level": 0
    },
    {
        "type": "category",
        "title": "Bài 5 (trang 94 sgk Giáo dục công dân 10): Em tán thành hay không ...",
        "url": "giai-bai-tap-giao-duc-cong-dan-10_bai-5-trang-94-sgk-gdcd-10",
        "level": 0
    },
    {
        "type": "category",
        "title": "Bài 6 (trang 94 sgk Giáo dục công dân 10): Hãy tìm hiểu và giới thiệu ...",
        "url": "giai-bai-tap-giao-duc-cong-dan-10_bai-6-trang-94-sgk-gdcd-10",
        "level": 0
    },
    {
        "type": "category",
        "title": "Bài 7 (trang 94 sgk Giáo dục công dân 10): Em hãy lập kế hoạch ...",
        "url": "giai-bai-tap-giao-duc-cong-dan-10_bai-7-trang-94-sgk-gdcd-10",
        "level": 0
    }
]