[
    {
        "type": "category",
        "title": "Bài 1 (trang 28 sgk Giáo dục công dân 10): Thế nào là mâu thuẫn ...",
        "url": "giai-bai-tap-giao-duc-cong-dan-10_bai-1-trang-28-sgk-gdcd-10",
        "level": 0
    },
    {
        "type": "category",
        "title": "Bài 2 (trang 28 sgk Giáo dục công dân 10): Thế nào là \"thống nhất\" ...",
        "url": "giai-bai-tap-giao-duc-cong-dan-10_bai-2-trang-28-sgk-gdcd-10",
        "level": 0
    },
    {
        "type": "category",
        "title": "Bài 3 (trang 28 sgk Giáo dục công dân 10): Thế nào là \"đấu tranh\" ...",
        "url": "giai-bai-tap-giao-duc-cong-dan-10_bai-3-trang-28-sgk-gdcd-10",
        "level": 0
    },
    {
        "type": "category",
        "title": "Bài 4 (trang 28 sgk Giáo dục công dân 10): Em hãy nêu một vài ...",
        "url": "giai-bai-tap-giao-duc-cong-dan-10_bai-4-trang-28-sgk-gdcd-10",
        "level": 0
    },
    {
        "type": "category",
        "title": "Bài 5 (trang 29 sgk Giáo dục công dân 10): Hãy lựa chọn phương án ...",
        "url": "giai-bai-tap-giao-duc-cong-dan-10_bai-5-trang-29-sgk-gdcd-10",
        "level": 0
    }
]