[
    {
        "type": "category",
        "title": "Bài 1 (trang 33 sgk Giáo dục công dân 10): Thế nào là chất ...",
        "url": "giai-bai-tap-giao-duc-cong-dan-10_bai-1-trang-33-sgk-gdcd-10",
        "level": 0
    },
    {
        "type": "category",
        "title": "Bài 2 (trang 33 sgk Giáo dục công dân 10): Sự biến đổi về lượng ...",
        "url": "giai-bai-tap-giao-duc-cong-dan-10_bai-2-trang-33-sgk-gdcd-10",
        "level": 0
    },
    {
        "type": "category",
        "title": "Bài 3 (trang 33 sgk Giáo dục công dân 10): Trong những câu dưới đây ...",
        "url": "giai-bai-tap-giao-duc-cong-dan-10_bai-3-trang-33-sgk-gdcd-10",
        "level": 0
    },
    {
        "type": "category",
        "title": "Bài 4 (trang 33 sgk Giáo dục công dân 10): Trong đoạn văn sau đây ...",
        "url": "giai-bai-tap-giao-duc-cong-dan-10_bai-4-trang-33-sgk-gdcd-10",
        "level": 0
    },
    {
        "type": "category",
        "title": "Bài 5 (trang 33 sgk Giáo dục công dân 10): Em hãy nêu một vài ví dụ ...",
        "url": "giai-bai-tap-giao-duc-cong-dan-10_bai-5-trang-33-sgk-gdcd-10",
        "level": 0
    }
]