[
    {
        "type": "category",
        "title": "Phần thứ nhất: Công dân với việc hình thành thế giới quan, phương pháp luận khoa học",
        "url": "giai-bai-tap-giao-duc-cong-dan-10_phan-thu-nhat-cong-dan-voi-viec-hinh-thanh-the-gioi-quan-phuong-phap-luan-khoa-hoc",
        "level": 0
    },
    {
        "type": "category",
        "title": "Bài 1: Thế giới quan duy vật và phương pháp luận biện chứng",
        "url": "giai-bai-tap-giao-duc-cong-dan-10_bai-1-the-gioi-quan-duy-vat-va-phuong-phap-luan-bien-chung",
        "level": 1
    },
    {
        "type": "category",
        "title": "Bài 2: Thế giới vật chất tồn tại khách quan",
        "url": "giai-bai-tap-giao-duc-cong-dan-10_bai-2-the-gioi-vat-chat-ton-tai-khach-quan",
        "level": 1
    },
    {
        "type": "category",
        "title": "Bài 3: Sự vận động và phát triển của thế giới vật chất",
        "url": "giai-bai-tap-giao-duc-cong-dan-10_bai-3-su-van-dong-va-phat-trien-cua-the-gioi-vat-chat",
        "level": 1
    },
    {
        "type": "category",
        "title": "Bài 4: Nguồn gốc vận động, phát triển của sự vật và hiện tượng",
        "url": "giai-bai-tap-giao-duc-cong-dan-10_bai-4-nguon-goc-van-dong-phat-trien-cua-su-vat-va-hien-tuong",
        "level": 1
    },
    {
        "type": "category",
        "title": "Bài 5: Cách thức vận động, phát triển của sự vật và hiện tượng",
        "url": "giai-bai-tap-giao-duc-cong-dan-10_bai-5-cach-thuc-van-dong-phat-trien-cua-su-vat-va-hien-tuong",
        "level": 1
    },
    {
        "type": "category",
        "title": "Bài 6: Khuynh hướng phát triển của sự vật và hiện tượng",
        "url": "giai-bai-tap-giao-duc-cong-dan-10_bai-6-khuynh-huong-phat-trien-cua-su-vat-va-hien-tuong",
        "level": 1
    },
    {
        "type": "category",
        "title": "Bài 7: Thực tiễn và vai trò của thực tiễn đối với nhận thức",
        "url": "giai-bai-tap-giao-duc-cong-dan-10_bai-7-thuc-tien-va-vai-tro-cua-thuc-tien-doi-voi-nhan-thuc",
        "level": 1
    },
    {
        "type": "category",
        "title": "Bài 8: Tồn tại xã hội và ý thức xã hội",
        "url": "giai-bai-tap-giao-duc-cong-dan-10_bai-8-ton-tai-xa-hoi-va-y-thuc-xa-hoi",
        "level": 1
    },
    {
        "type": "category",
        "title": "Bài 9: Con người là chủ thể của lịch sử là mục tiêu phát triển của xã hội",
        "url": "giai-bai-tap-giao-duc-cong-dan-10_bai-9-con-nguoi-la-chu-the-cua-lich-su-la-muc-tieu-phat-trien-cua-xa-hoi",
        "level": 1
    },
    {
        "type": "category",
        "title": "Phần thứ hai: Công dân với đạo đức",
        "url": "giai-bai-tap-giao-duc-cong-dan-10_phan-thu-hai-cong-dan-voi-dao-duc",
        "level": 0
    },
    {
        "type": "category",
        "title": "Bài 10: Quan niệm về đạo đức",
        "url": "giai-bai-tap-giao-duc-cong-dan-10_bai-10-quan-niem-ve-dao-duc",
        "level": 1
    },
    {
        "type": "category",
        "title": "Bài 11: Một số phạm trù cơ bản của đạo đức học",
        "url": "giai-bai-tap-giao-duc-cong-dan-10_bai-11-mot-so-pham-tru-co-ban-cua-dao-duc-hoc",
        "level": 1
    },
    {
        "type": "category",
        "title": "Bài 12: Công dân với tình yêu, hôn nhân và gia đình",
        "url": "giai-bai-tap-giao-duc-cong-dan-10_bai-12-cong-dan-voi-tinh-yeu-hon-nhan-va-gia-dinh",
        "level": 1
    },
    {
        "type": "category",
        "title": "Bài 13: Công dân với cộng đồng",
        "url": "giai-bai-tap-giao-duc-cong-dan-10_bai-13-cong-dan-voi-cong-dong",
        "level": 1
    },
    {
        "type": "category",
        "title": "Bài 14: Công dân với sự nghiệp xây dựng và bảo vệ tổ quốc",
        "url": "giai-bai-tap-giao-duc-cong-dan-10_bai-14-cong-dan-voi-su-nghiep-xay-dung-va-bao-ve-to-quoc",
        "level": 1
    },
    {
        "type": "category",
        "title": "Bài 15: Công dân với một số vấn đề cấp thiết của nhân loại",
        "url": "giai-bai-tap-giao-duc-cong-dan-10_bai-15-cong-dan-voi-mot-so-van-de-cap-thiet-cua-nhan-loai",
        "level": 1
    },
    {
        "type": "category",
        "title": "Bài 16: Tự hoàn thiện bản thân",
        "url": "giai-bai-tap-giao-duc-cong-dan-10_bai-16-tu-hoan-thien-ban-than",
        "level": 1
    }
]