[
    {
        "type": "category",
        "title": "Bài 1 (trang 55 SGK Hóa 10 nâng cao): Cho biết quy luật biến đổi tính kim loại – phi kim của ...",
        "url": "giai-bai-tap-hoa-10-nang-cao_bai-1-trang-55-sgk-hoa-10-nang-cao",
        "level": 0
    },
    {
        "type": "category",
        "title": "Bài 2 (trang 55 SGK Hóa 10 nâng cao): Hãy cho biết sự biển đổi tính axit – bazơ của các ...",
        "url": "giai-bai-tap-hoa-10-nang-cao_bai-2-trang-55-sgk-hoa-10-nang-cao",
        "level": 0
    },
    {
        "type": "category",
        "title": "Bài 3 (trang 55 SGK Hóa 10 nâng cao): Hãy phát biểu định luật tuần hoàn các nguyên tố hóa học ...",
        "url": "giai-bai-tap-hoa-10-nang-cao_bai-3-trang-55-sgk-hoa-10-nang-cao",
        "level": 0
    },
    {
        "type": "category",
        "title": "Bài 4 (trang 55 SGK Hóa 10 nâng cao): Những đại lượng và tính chất nào của các nguyên tố ...",
        "url": "giai-bai-tap-hoa-10-nang-cao_bai-4-trang-55-sgk-hoa-10-nang-cao",
        "level": 0
    },
    {
        "type": "category",
        "title": "Bài 5 (trang 55 SGK Hóa 10 nâng cao): Cho các nguyên tố X, Y, Z có số hiệu nguyên tử ...",
        "url": "giai-bai-tap-hoa-10-nang-cao_bai-5-trang-55-sgk-hoa-10-nang-cao",
        "level": 0
    },
    {
        "type": "category",
        "title": "Bài 6 (trang 55 SGK Hóa 10 nâng cao): Cho các nguyên tố A, B, C, D có só hiệu nguyên tử ...",
        "url": "giai-bai-tap-hoa-10-nang-cao_bai-6-trang-55-sgk-hoa-10-nang-cao",
        "level": 0
    },
    {
        "type": "category",
        "title": "Bài 7 (trang 55 SGK Hóa 10 nâng cao): Dựa vào sự biến đổi tuần hoàn tính chất của các nguyên tố ...",
        "url": "giai-bai-tap-hoa-10-nang-cao_bai-7-trang-55-sgk-hoa-10-nang-cao",
        "level": 0
    }
]