[
    {
        "type": "category",
        "title": "Bài 1 (trang 49 SGK Hóa 10 nâng cao): Trong một chu kì bán kính nguyên tử các nguyên tố:...",
        "url": "giai-bai-tap-hoa-10-nang-cao_bai-1-trang-49-sgk-hoa-10-nang-cao",
        "level": 0
    },
    {
        "type": "category",
        "title": "Bài 2 (trang 49 SGK Hóa 10 nâng cao): Trong một nhóm A, bán kính nguyên tử các nguyên tố: ...",
        "url": "giai-bai-tap-hoa-10-nang-cao_bai-2-trang-49-sgk-hoa-10-nang-cao",
        "level": 0
    },
    {
        "type": "category",
        "title": "Bài 3 (trang 49 SGK Hóa 10 nâng cao): Độ âm điện đặc trưng cho khả năng: ...",
        "url": "giai-bai-tap-hoa-10-nang-cao_bai-3-trang-49-sgk-hoa-10-nang-cao",
        "level": 0
    },
    {
        "type": "category",
        "title": "Bài 4 (trang 49 SGK Hóa 10 nâng cao): Hãy cho biết sự biến đổi năng lượng ion hóa ...",
        "url": "giai-bai-tap-hoa-10-nang-cao_bai-4-trang-49-sgk-hoa-10-nang-cao",
        "level": 0
    },
    {
        "type": "category",
        "title": "Bài 5 (trang 49 SGK Hóa 10 nâng cao): Nếu không xét khí hiếm thì năng lượng ion ...",
        "url": "giai-bai-tap-hoa-10-nang-cao_bai-5-trang-49-sgk-hoa-10-nang-cao",
        "level": 0
    },
    {
        "type": "category",
        "title": "Bài 6 (trang 49 SGK Hóa 10 nâng cao): Độ âm điện của một nguyên tử là gì? Quy luật ...",
        "url": "giai-bai-tap-hoa-10-nang-cao_bai-6-trang-49-sgk-hoa-10-nang-cao",
        "level": 0
    },
    {
        "type": "category",
        "title": "Bài 7 (trang 49 SGK Hóa 10 nâng cao): Nguyên tử của nguyên tố nào có độ âm điện ...",
        "url": "giai-bai-tap-hoa-10-nang-cao_bai-7-trang-49-sgk-hoa-10-nang-cao",
        "level": 0
    }
]