[
    {
        "type": "category",
        "title": "Bài 1 (trang 34 SGK Hóa 10 nâng cao): Dãy nào trong các dãy gồm các phân lớp electron ...",
        "url": "giai-bai-tap-hoa-10-nang-cao_bai-1-trang-34-sgk-hoa-10-nang-cao",
        "level": 0
    },
    {
        "type": "category",
        "title": "Bài 2 (trang 34 SGK Hóa 10 nâng cao): Cấu hình electron ở trạng thái cơ bản của nguyên ...",
        "url": "giai-bai-tap-hoa-10-nang-cao_bai-2-trang-34-sgk-hoa-10-nang-cao",
        "level": 0
    },
    {
        "type": "category",
        "title": "Bài 3 (trang 34 SGK Hóa 10 nâng cao): Mức năng lượng của các obitan 2px, ...",
        "url": "giai-bai-tap-hoa-10-nang-cao_bai-3-trang-34-sgk-hoa-10-nang-cao",
        "level": 0
    },
    {
        "type": "category",
        "title": "Bài 4 (trang 34 SGK Hóa 10 nâng cao): Hãy cho biết số electron tối đa: ...",
        "url": "giai-bai-tap-hoa-10-nang-cao_bai-4-trang-34-sgk-hoa-10-nang-cao",
        "level": 0
    },
    {
        "type": "category",
        "title": "Bài 5 (trang 34 SGK Hóa 10 nâng cao): Sự phân bố các electron vào mỗi obitan nguyên tử ...",
        "url": "giai-bai-tap-hoa-10-nang-cao_bai-5-trang-34-sgk-hoa-10-nang-cao",
        "level": 0
    },
    {
        "type": "category",
        "title": "Bài 6 (trang 34 SGK Hóa 10 nâng cao): Khi số hiệu nguyên tử Z tăng, trật tự năng lượng  ...",
        "url": "giai-bai-tap-hoa-10-nang-cao_bai-6-trang-34-sgk-hoa-10-nang-cao",
        "level": 0
    },
    {
        "type": "category",
        "title": "Bài 7 (trang 34 SGK Hóa 10 nâng cao): Viết cấu hình electron nguyên tử Fe bị mất hai electron ...",
        "url": "giai-bai-tap-hoa-10-nang-cao_bai-7-trang-34-sgk-hoa-10-nang-cao",
        "level": 0
    },
    {
        "type": "category",
        "title": "Bài 8 (trang 34 SGK Hóa 10 nâng cao): Nguyên tử Fe có Z = 26. Hãy viết cấu hình electron...",
        "url": "giai-bai-tap-hoa-10-nang-cao_bai-8-trang-34-sgk-hoa-10-nang-cao",
        "level": 0
    }
]