[
    {
        "type": "category",
        "title": "Bài 1 (trang 22 SGK Hóa 10 nâng cao): Một nguyên tử của nguyên tố X có 75 electron ...",
        "url": "giai-bai-tap-hoa-10-nang-cao_bai-1-trang-22-sgk-hoa-10-nang-cao",
        "level": 0
    },
    {
        "type": "category",
        "title": "Bài 2 (trang 22 SGK Hóa 10 nâng cao): Nguyên tử nào sau đây chứa đồng thời 20 nơtron, ...",
        "url": "giai-bai-tap-hoa-10-nang-cao_bai-2-trang-22-sgk-hoa-10-nang-cao",
        "level": 0
    },
    {
        "type": "category",
        "title": "Bài 3 (trang 22 SGK Hóa 10 nâng cao): Theo số liệu ở SGK hóa 10. Hãy tính: ...",
        "url": "giai-bai-tap-hoa-10-nang-cao_bai-3-trang-22-sgk-hoa-10-nang-cao",
        "level": 0
    },
    {
        "type": "category",
        "title": "Bài 4 (trang 22 SGK Hóa 10 nâng cao): Biết rằng nguyên tố argon có ba đồng vị khác nhau, ...",
        "url": "giai-bai-tap-hoa-10-nang-cao_bai-4-trang-22-sgk-hoa-10-nang-cao",
        "level": 0
    },
    {
        "type": "category",
        "title": "Bài 5 (trang 22 SGK Hóa 10 nâng cao): Nguyên tố Mg có ba đồng vị ứng với thành phần ...",
        "url": "giai-bai-tap-hoa-10-nang-cao_bai-5-trang-22-sgk-hoa-10-nang-cao",
        "level": 0
    }
]