[
    {
        "type": "category",
        "title": "Bài 1 (trang 130 SGK Hóa 10 nâng cao): Trong các dãy chất dưới đây, dãy nào gồm ...",
        "url": "giai-bai-tap-hoa-10-nang-cao_bai-1-trang-130-sgk-hoa-10-nang-cao",
        "level": 0
    },
    {
        "type": "category",
        "title": "Bài 2 (trang 130 SGK Hóa 10 nâng cao): Hãy nêu những tính chất vật lí của hiđro clorua...",
        "url": "giai-bai-tap-hoa-10-nang-cao_bai-2-trang-130-sgk-hoa-10-nang-cao",
        "level": 0
    },
    {
        "type": "category",
        "title": "Bài 3 (trang 130 SGK Hóa 10 nâng cao): Hãy viết ba phương trình hóa học của phản ứng ...",
        "url": "giai-bai-tap-hoa-10-nang-cao_bai-3-trang-130-sgk-hoa-10-nang-cao",
        "level": 0
    },
    {
        "type": "category",
        "title": "Bài 4 (trang 130 SGK Hóa 10 nâng cao): Axit clohiđric có thể tham gia vào phản ứng ...",
        "url": "giai-bai-tap-hoa-10-nang-cao_bai-4-trang-130-sgk-hoa-10-nang-cao",
        "level": 0
    },
    {
        "type": "category",
        "title": "Bài 5 (trang 130 SGK Hóa 10 nâng cao): Có bốn bình không dán nhãn, mỗi bình chứa một ...",
        "url": "giai-bai-tap-hoa-10-nang-cao_bai-5-trang-130-sgk-hoa-10-nang-cao",
        "level": 0
    },
    {
        "type": "category",
        "title": "Bài 6 (trang 130 SGK Hóa 10 nâng cao): Cho 10 lít H2 và 6,72 lít Cl2 (điều kiện tiêu chuẩn) ...",
        "url": "giai-bai-tap-hoa-10-nang-cao_bai-6-trang-130-sgk-hoa-10-nang-cao",
        "level": 0
    }
]