[
    {
        "type": "category",
        "title": "Bài 1 (trang 39 SGK Hóa 10 nâng cao): Nguyên tử các nguyên tố xếp ở chu kì 6 có  ...",
        "url": "giai-bai-tap-hoa-10-nang-cao_bai-1-trang-39-sgk-hoa-10-nang-cao",
        "level": 0
    },
    {
        "type": "category",
        "title": "Bài 2 (trang 39 SGK Hóa 10 nâng cao): Số nguyên tố trong chù kì 3 và chu kì 5 là: ...",
        "url": "giai-bai-tap-hoa-10-nang-cao_bai-2-trang-39-sgk-hoa-10-nang-cao",
        "level": 0
    },
    {
        "type": "category",
        "title": "Bài 3 (trang 39 SGK Hóa 10 nâng cao): Trong bảng tuần hoàn các nguyên tố, số ...",
        "url": "giai-bai-tap-hoa-10-nang-cao_bai-3-trang-39-sgk-hoa-10-nang-cao",
        "level": 0
    },
    {
        "type": "category",
        "title": "Bài 4 (trang 39 SGK Hóa 10 nâng cao): Số hiệu nguyên tử của các nguyên tố trong bảng hệ ...",
        "url": "giai-bai-tap-hoa-10-nang-cao_bai-4-trang-39-sgk-hoa-10-nang-cao",
        "level": 0
    },
    {
        "type": "category",
        "title": "Bài 5 (trang 39 SGK Hóa 10 nâng cao): Vì sao chu kì 2 và chu kì 3, mỗi chu kì có ...",
        "url": "giai-bai-tap-hoa-10-nang-cao_bai-5-trang-39-sgk-hoa-10-nang-cao",
        "level": 0
    },
    {
        "type": "category",
        "title": "Bài 6 (trang 39 SGK Hóa 10 nâng cao): a) Nhóm nguyên tố là gì? ...",
        "url": "giai-bai-tap-hoa-10-nang-cao_bai-6-trang-39-sgk-hoa-10-nang-cao",
        "level": 0
    },
    {
        "type": "category",
        "title": "Bài 7 (trang 39 SGK Hóa 10 nâng cao): Viết cấu hình electron nguyên tử của 20 nguyên tố ...",
        "url": "giai-bai-tap-hoa-10-nang-cao_bai-7-trang-39-sgk-hoa-10-nang-cao",
        "level": 0
    },
    {
        "type": "category",
        "title": "Bài 8 (trang 39 SGK Hóa 10 nâng cao): Viết cấu hình electron nguyên tử của các nguyên tố selen ...",
        "url": "giai-bai-tap-hoa-10-nang-cao_bai-8-trang-39-sgk-hoa-10-nang-cao",
        "level": 0
    }
]