[
    {
        "type": "category",
        "title": "Bài 1 (trang 125 SGK Hóa 10 nâng cao): Tìm câu đúng trong các câu sau đây: ...",
        "url": "giai-bai-tap-hoa-10-nang-cao_bai-1-trang-125-sgk-hoa-10-nang-cao",
        "level": 0
    },
    {
        "type": "category",
        "title": "Bài 2 (trang 125 SGK Hóa 10 nâng cao): Hãy nêu những phản ứng hóa học để chứng tỏ rằng ...",
        "url": "giai-bai-tap-hoa-10-nang-cao_bai-2-trang-125-sgk-hoa-10-nang-cao",
        "level": 0
    },
    {
        "type": "category",
        "title": "Bài 3 (trang 125 SGK Hóa 10 nâng cao): Cho 69,6 gam mangan đioxit tác dụng hết với ...",
        "url": "giai-bai-tap-hoa-10-nang-cao_bai-3-trang-125-sgk-hoa-10-nang-cao",
        "level": 0
    },
    {
        "type": "category",
        "title": "Bài 4 (trang 125 SGK Hóa 10 nâng cao): Hoàn thành các phương trình hóa học dưới đây ...",
        "url": "giai-bai-tap-hoa-10-nang-cao_bai-4-trang-125-sgk-hoa-10-nang-cao",
        "level": 0
    }
]