[
    {
        "type": "category",
        "title": "Bài 1 (trang 202 SGK Hóa 10 nâng cao): Ý nào sau đây là đúng? ...",
        "url": "giai-bai-tap-hoa-10-nang-cao_bai-1-trang-202-sgk-hoa-10-nang-cao",
        "level": 0
    },
    {
        "type": "category",
        "title": "Bài 2 (trang 202 SGK Hóa 10 nâng cao): Yếu tố nào dưới đây không ảnh hưởng đến tốc độ ...",
        "url": "giai-bai-tap-hoa-10-nang-cao_bai-2-trang-202-sgk-hoa-10-nang-cao",
        "level": 0
    },
    {
        "type": "category",
        "title": "Bài 3 (trang 202 SGK Hóa 10 nâng cao): Tìm một số thí dụ cho mỗi loại phản ứng nhanh ...",
        "url": "giai-bai-tap-hoa-10-nang-cao_bai-3-trang-202-sgk-hoa-10-nang-cao",
        "level": 0
    },
    {
        "type": "category",
        "title": "Bài 4 (trang 202 SGK Hóa 10 nâng cao): Tốc độ phản ứng là gì? ...",
        "url": "giai-bai-tap-hoa-10-nang-cao_bai-4-trang-202-sgk-hoa-10-nang-cao",
        "level": 0
    },
    {
        "type": "category",
        "title": "Bài 5 (trang 202 SGK Hóa 10 nâng cao): Hãy cho biết các yếu tố ảnh hưởng đến tốc độ ...",
        "url": "giai-bai-tap-hoa-10-nang-cao_bai-5-trang-202-sgk-hoa-10-nang-cao",
        "level": 0
    },
    {
        "type": "category",
        "title": "Bài 6 (trang 202 SGK Hóa 10 nâng cao): Hãy cho biết người ta lợi dụng yếu tố nào để ...",
        "url": "giai-bai-tap-hoa-10-nang-cao_bai-6-trang-202-sgk-hoa-10-nang-cao",
        "level": 0
    },
    {
        "type": "category",
        "title": "Bài 7 (trang 203 SGK Hóa 10 nâng cao): Cho 6 gam kẽm hạt vào một cốc đựng dung dịch ...",
        "url": "giai-bai-tap-hoa-10-nang-cao_bai-7-trang-203-sgk-hoa-10-nang-cao",
        "level": 0
    },
    {
        "type": "category",
        "title": "Bài 8 (trang 203 SGK Hóa 10 nâng cao): Giải thích tại sao; nhiệt độ của ngọn lửa ...",
        "url": "giai-bai-tap-hoa-10-nang-cao_bai-8-trang-203-sgk-hoa-10-nang-cao",
        "level": 0
    },
    {
        "type": "category",
        "title": "Bài 9* (trang 203 SGK Hóa 10 nâng cao): Hai mẩu đá vôi hình cầu có cùng thể tích là ...",
        "url": "giai-bai-tap-hoa-10-nang-cao_bai-9-trang-203-sgk-hoa-10-nang-cao",
        "level": 0
    }
]