[
    {
        "type": "category",
        "title": "Bài 1 (trang 166 SGK Hóa 10 nâng cao): Hiđro peoxit có thể tham gia những phản ứng ...",
        "url": "giai-bai-tap-hoa-10-nang-cao_bai-1-trang-166-sgk-hoa-10-nang-cao",
        "level": 0
    },
    {
        "type": "category",
        "title": "Bài 2 (trang 166 SGK Hóa 10 nâng cao): Có hai bình, một đựng khí oxi, một đựng khí ozon. ...",
        "url": "giai-bai-tap-hoa-10-nang-cao_bai-2-trang-166-sgk-hoa-10-nang-cao",
        "level": 0
    },
    {
        "type": "category",
        "title": "Bài 3 (trang 166 SGK Hóa 10 nâng cao): Hãy dẫn ra những phản ứng hóa học để chứng minh ...",
        "url": "giai-bai-tap-hoa-10-nang-cao_bai-3-trang-166-sgk-hoa-10-nang-cao",
        "level": 0
    },
    {
        "type": "category",
        "title": "Bài 4 (trang 166 SGK Hóa 10 nâng cao): Ozon và hiđro peoxit có những tính chất ...",
        "url": "giai-bai-tap-hoa-10-nang-cao_bai-4-trang-166-sgk-hoa-10-nang-cao",
        "level": 0
    },
    {
        "type": "category",
        "title": "Bài 5 (trang 166 SGK Hóa 10 nâng cao): Có hỗn hợp khí oxi và ozon. Sau một thời gian, ...",
        "url": "giai-bai-tap-hoa-10-nang-cao_bai-5-trang-166-sgk-hoa-10-nang-cao",
        "level": 0
    },
    {
        "type": "category",
        "title": "Bài 6* (trang 166 SGK Hóa 10 nâng cao): Hỗn hợp khí A gồm có O2 và O3, tỉ khối ...",
        "url": "giai-bai-tap-hoa-10-nang-cao_bai-6-trang-166-sgk-hoa-10-nang-cao",
        "level": 0
    }
]