[
    {
        "type": "category",
        "title": "Bài 1 (trang 172 SGK Hóa 10 nâng cao): Cấu hình electron nguyên tử nào là của lưu huỳnh ...",
        "url": "giai-bai-tap-hoa-10-nang-cao_bai-1-trang-172-sgk-hoa-10-nang-cao",
        "level": 0
    },
    {
        "type": "category",
        "title": "Bài 2 (trang 172 SGK Hóa 10 nâng cao): Ta có thể dự đoán sự thay đổi về khối lượng riêng, ...",
        "url": "giai-bai-tap-hoa-10-nang-cao_bai-2-trang-172-sgk-hoa-10-nang-cao",
        "level": 0
    },
    {
        "type": "category",
        "title": "Bài 3 (trang 172 SGK Hóa 10 nâng cao): Hãy viết các phương trình hóa học biểu diễn ...",
        "url": "giai-bai-tap-hoa-10-nang-cao_bai-3-trang-172-sgk-hoa-10-nang-cao",
        "level": 0
    },
    {
        "type": "category",
        "title": "Bài 4 (trang 172 SGK Hóa 10 nâng cao): Đun nóng một hỗn hợp bột gồm 2,97g Al ...",
        "url": "giai-bai-tap-hoa-10-nang-cao_bai-4-trang-172-sgk-hoa-10-nang-cao",
        "level": 0
    }
]