[
    {
        "type": "category",
        "title": "Bài 1 (trang 80 SGK Hóa 10 nâng cao): Thế nào là sự lại hóa? ...",
        "url": "giai-bai-tap-hoa-10-nang-cao_bai-1-trang-80-sgk-hoa-10-nang-cao",
        "level": 0
    },
    {
        "type": "category",
        "title": "Bài 2 (trang 80 SGK Hóa 10 nâng cao): Lấy các thí dụ minh họa ba kiển lai hóa ...",
        "url": "giai-bai-tap-hoa-10-nang-cao_bai-2-trang-80-sgk-hoa-10-nang-cao",
        "level": 0
    },
    {
        "type": "category",
        "title": "Bài 3 (trang 80 SGK Hóa 10 nâng cao): Mô tả liên kết hóa học phân tử BeH2, phân tử ...",
        "url": "giai-bai-tap-hoa-10-nang-cao_bai-3-trang-80-sgk-hoa-10-nang-cao",
        "level": 0
    },
    {
        "type": "category",
        "title": "Bài 4 (trang 80 SGK Hóa 10 nâng cao): Mô tả sự hình thành liên kết trong phân tử H2O ...",
        "url": "giai-bai-tap-hoa-10-nang-cao_bai-4-trang-80-sgk-hoa-10-nang-cao",
        "level": 0
    },
    {
        "type": "category",
        "title": "Bài 5 (trang 80 SGK Hóa 10 nâng cao): Thế nào là sự xen phủ trục và xen phủ bên? ...",
        "url": "giai-bai-tap-hoa-10-nang-cao_bai-5-trang-80-sgk-hoa-10-nang-cao",
        "level": 0
    },
    {
        "type": "category",
        "title": "Bài 6 (trang 80 SGK Hóa 10 nâng cao): Thế nào là liên kết xích ma (σ), liên kết ...",
        "url": "giai-bai-tap-hoa-10-nang-cao_bai-6-trang-80-sgk-hoa-10-nang-cao",
        "level": 0
    },
    {
        "type": "category",
        "title": "Bài 7 (trang 80 SGK Hóa 10 nâng cao): Thế nào là liên kết đơn? Liên kết đôi? ...",
        "url": "giai-bai-tap-hoa-10-nang-cao_bai-7-trang-80-sgk-hoa-10-nang-cao",
        "level": 0
    },
    {
        "type": "category",
        "title": "Bài 8 (trang 80 SGK Hóa 10 nâng cao): Mô tả sự hình thành các liên kết trong phân tử ...",
        "url": "giai-bai-tap-hoa-10-nang-cao_bai-8-trang-80-sgk-hoa-10-nang-cao",
        "level": 0
    }
]