[
    {
        "type": "category",
        "title": "Bài 1 (trang 157 SGK Hóa 10 nâng cao): Hãy ghép cấu hình electron ở trạng thái cơ bản ...",
        "url": "giai-bai-tap-hoa-10-nang-cao_bai-1-trang-157-sgk-hoa-10-nang-cao",
        "level": 0
    },
    {
        "type": "category",
        "title": "Bài 2 (trang 157 SGK Hóa 10 nâng cao): Tính chất nào sau đây không đúng đối với nhóm ...",
        "url": "giai-bai-tap-hoa-10-nang-cao_bai-2-trang-157-sgk-hoa-10-nang-cao",
        "level": 0
    },
    {
        "type": "category",
        "title": "Bài 3 (trang 157 SGK Hóa 10 nâng cao): Hãy giải thích vì sao. ...",
        "url": "giai-bai-tap-hoa-10-nang-cao_bai-3-trang-157-sgk-hoa-10-nang-cao",
        "level": 0
    },
    {
        "type": "category",
        "title": "Bài 4 (trang 157 SGK Hóa 10 nâng cao): Hãy giải thích vì sao...",
        "url": "giai-bai-tap-hoa-10-nang-cao_bai-4-trang-157-sgk-hoa-10-nang-cao",
        "level": 0
    },
    {
        "type": "category",
        "title": "Bài 5 (trang 157 SGK Hóa 10 nâng cao): Có những cấu hình electron sau đây: ...",
        "url": "giai-bai-tap-hoa-10-nang-cao_bai-5-trang-157-sgk-hoa-10-nang-cao",
        "level": 0
    }
]