[
    {
        "type": "category",
        "title": "Bài 1 (trang 25 SGK Hóa 10 nâng cao): Các obitan trong một phân lớp electron: ...",
        "url": "giai-bai-tap-hoa-10-nang-cao_bai-1-trang-25-sgk-hoa-10-nang-cao",
        "level": 0
    },
    {
        "type": "category",
        "title": "Bài 2 (trang 25 SGK Hóa 10 nâng cao): Thế nào là lớp và phân lớp electron. Sự khác nhau ...",
        "url": "giai-bai-tap-hoa-10-nang-cao_bai-2-trang-25-sgk-hoa-10-nang-cao",
        "level": 0
    },
    {
        "type": "category",
        "title": "Bài 3 (trang 25 SGK Hóa 10 nâng cao): Hãy cho biết tên của các lớp electron ứng với ...",
        "url": "giai-bai-tap-hoa-10-nang-cao_bai-3-trang-25-sgk-hoa-10-nang-cao",
        "level": 0
    },
    {
        "type": "category",
        "title": "Bài 4 (trang 25 SGK Hóa 10 nâng cao): Hãy cho biết số phân lớp electron, số obitan có  ...",
        "url": "giai-bai-tap-hoa-10-nang-cao_bai-4-trang-25-sgk-hoa-10-nang-cao",
        "level": 0
    },
    {
        "type": "category",
        "title": "Bài 5 (trang 25 SGK Hóa 10 nâng cao): Vẽ hình dạng các obitan 1s, 2s và các obitan ...",
        "url": "giai-bai-tap-hoa-10-nang-cao_bai-5-trang-25-sgk-hoa-10-nang-cao",
        "level": 0
    }
]