[
    {
        "type": "category",
        "title": "Bài 1 (trang 87 SGK Hóa 10 nâng cao): Chọn câu đúng trong các câu sau: ...",
        "url": "giai-bai-tap-hoa-10-nang-cao_bai-1-trang-87-sgk-hoa-10-nang-cao",
        "level": 0
    },
    {
        "type": "category",
        "title": "Bài 2 (trang 87 SGK Hóa 10 nâng cao): Hãy cho biết thế nào là liên kết cộng hóa trị không cực? ...",
        "url": "giai-bai-tap-hoa-10-nang-cao_bai-2-trang-87-sgk-hoa-10-nang-cao",
        "level": 0
    },
    {
        "type": "category",
        "title": "Bài 3 (trang 87 SGK Hóa 10 nâng cao): Hãy cho biết công thức electron của phân tử F2,...",
        "url": "giai-bai-tap-hoa-10-nang-cao_bai-3-trang-87-sgk-hoa-10-nang-cao",
        "level": 0
    },
    {
        "type": "category",
        "title": "Bài 4 (trang 87 SGK Hóa 10 nâng cao): Xét các phân tử sau đây: NaCl, ...",
        "url": "giai-bai-tap-hoa-10-nang-cao_bai-4-trang-87-sgk-hoa-10-nang-cao",
        "level": 0
    },
    {
        "type": "category",
        "title": "Bài 5 (trang 87 SGK Hóa 10 nâng cao): Xét các phân tử sau đây: Br2,HBr ...",
        "url": "giai-bai-tap-hoa-10-nang-cao_bai-5-trang-87-sgk-hoa-10-nang-cao",
        "level": 0
    }
]