[
    {
        "type": "category",
        "title": "Bài 1 (trang 139 SGK Hóa 10 nâng cao): Dung dịch nào trong các dung dịch axit sau đây ...",
        "url": "giai-bai-tap-hoa-10-nang-cao_bai-1-trang-139-sgk-hoa-10-nang-cao",
        "level": 0
    },
    {
        "type": "category",
        "title": "Bài 2 (trang 139 SGK Hóa 10 nâng cao): Vì sao không thể điều chế flo từ florua ...",
        "url": "giai-bai-tap-hoa-10-nang-cao_bai-2-trang-139-sgk-hoa-10-nang-cao",
        "level": 0
    },
    {
        "type": "category",
        "title": "Bài 3 (trang 139 SGK Hóa 10 nâng cao): Hãy kể ra hai phản ứng hóa học có thể ...",
        "url": "giai-bai-tap-hoa-10-nang-cao_bai-3-trang-139-sgk-hoa-10-nang-cao",
        "level": 0
    },
    {
        "type": "category",
        "title": "Bài 4 (trang 139 SGK Hóa 10 nâng cao): Axit flohiđric và muối florua có tính chất ...",
        "url": "giai-bai-tap-hoa-10-nang-cao_bai-4-trang-139-sgk-hoa-10-nang-cao",
        "level": 0
    },
    {
        "type": "category",
        "title": "Bài 5 (trang 139 SGK Hóa 10 nâng cao): Cho lượng dư dung dịch AgNO3 tác dụng ...",
        "url": "giai-bai-tap-hoa-10-nang-cao_bai-5-trang-139-sgk-hoa-10-nang-cao",
        "level": 0
    }
]