[
    {
        "type": "category",
        "title": "Bài 1 (trang 60 SGK Hóa 10 nâng cao): Những khẳng đinh nào sau đây, đều nào sai? ...",
        "url": "giai-bai-tap-hoa-10-nang-cao_bai-1-trang-60-sgk-hoa-10-nang-cao",
        "level": 0
    },
    {
        "type": "category",
        "title": "Bài 2 (trang 60 SGK Hóa 10 nâng cao): a) Căn cứ vào đâu mà người ta xếp các nguyên tố ...",
        "url": "giai-bai-tap-hoa-10-nang-cao_bai-2-trang-60-sgk-hoa-10-nang-cao",
        "level": 0
    },
    {
        "type": "category",
        "title": "Bài 3 (trang 60 SGK Hóa 10 nâng cao): Trong bảng tuần hoàn, các nhóm nào gồm tất cả ...",
        "url": "giai-bai-tap-hoa-10-nang-cao_bai-3-trang-60-sgk-hoa-10-nang-cao",
        "level": 0
    },
    {
        "type": "category",
        "title": "Bài 4 (trang 60 SGK Hóa 10 nâng cao): Tổng số hạt proton, nơtron, electron của ...",
        "url": "giai-bai-tap-hoa-10-nang-cao_bai-4-trang-60-sgk-hoa-10-nang-cao",
        "level": 0
    },
    {
        "type": "category",
        "title": "Bài 5 (trang 60 SGK Hóa 10 nâng cao): Oxi cao nhất của một nguyên tố là RO3, trong hợp...",
        "url": "giai-bai-tap-hoa-10-nang-cao_bai-5-trang-60-sgk-hoa-10-nang-cao",
        "level": 0
    },
    {
        "type": "category",
        "title": "Bài 6 (trang 60 SGK Hóa 10 nâng cao): Hợp chất khí với hiđro của một nguyên tố là ...",
        "url": "giai-bai-tap-hoa-10-nang-cao_bai-6-trang-60-sgk-hoa-10-nang-cao",
        "level": 0
    },
    {
        "type": "category",
        "title": "Bài 7 (trang 61 SGK Hóa 10 nâng cao): Khi cho 0,6 g một kim loại nhóm IIA tác dụng ...",
        "url": "giai-bai-tap-hoa-10-nang-cao_bai-7-trang-61-sgk-hoa-10-nang-cao",
        "level": 0
    },
    {
        "type": "category",
        "title": "Bài 8 (trang 61 SGK Hóa 10 nâng cao): Hai nguyên tố A, B đứng kế tiếp nhau trong cùng ...",
        "url": "giai-bai-tap-hoa-10-nang-cao_bai-8-trang-61-sgk-hoa-10-nang-cao",
        "level": 0
    },
    {
        "type": "category",
        "title": "Bài 9 (trang 61 SGK Hóa 10 nâng cao): Cho 8,8 gam một hỗn hợp hai kim loại nằm ...",
        "url": "giai-bai-tap-hoa-10-nang-cao_bai-9-trang-61-sgk-hoa-10-nang-cao",
        "level": 0
    },
    {
        "type": "category",
        "title": "Bài 10 (trang 61 SGK Hóa 10 nâng cao): Nguyên tố Y có cấu hình electron như sau: ...",
        "url": "giai-bai-tap-hoa-10-nang-cao_bai-10-trang-61-sgk-hoa-10-nang-cao",
        "level": 0
    },
    {
        "type": "category",
        "title": "Bài 11 (trang 61 SGK Hóa 10 nâng cao): Viết cấu hình electron nguyên tử của các nguyên tố ...",
        "url": "giai-bai-tap-hoa-10-nang-cao_bai-11-trang-61-sgk-hoa-10-nang-cao",
        "level": 0
    }
]