[
    {
        "type": "category",
        "title": "Bài 1 (trang 112 SGK Hóa 10 nâng cao): Trong phản ứng hóa học sau: ...",
        "url": "giai-bai-tap-hoa-10-nang-cao_bai-1-trang-112-sgk-hoa-10-nang-cao",
        "level": 0
    },
    {
        "type": "category",
        "title": "Bài 2 (trang 112 SGK Hóa 10 nâng cao): Trong phản ứng hóa học sau: ...",
        "url": "giai-bai-tap-hoa-10-nang-cao_bai-2-trang-112-sgk-hoa-10-nang-cao",
        "level": 0
    },
    {
        "type": "category",
        "title": "Bài 3 (trang 112 SGK Hóa 10 nâng cao): Những câu sau đây là đúng hay sai? ...",
        "url": "giai-bai-tap-hoa-10-nang-cao_bai-3-trang-112-sgk-hoa-10-nang-cao",
        "level": 0
    },
    {
        "type": "category",
        "title": "Bài 4 (trang 112 SGK Hóa 10 nâng cao): Hãy nêu ví dụ về phản ứng phân hủy tạo ra: ...",
        "url": "giai-bai-tap-hoa-10-nang-cao_bai-4-trang-112-sgk-hoa-10-nang-cao",
        "level": 0
    },
    {
        "type": "category",
        "title": "Bài 5 (trang 112 SGK Hóa 10 nâng cao): Hãy nêu ra ví dụ về phản ứng hóa hợp của: ...",
        "url": "giai-bai-tap-hoa-10-nang-cao_bai-5-trang-112-sgk-hoa-10-nang-cao",
        "level": 0
    },
    {
        "type": "category",
        "title": "Bài 6 (trang 113 SGK Hóa 10 nâng cao): Hãy nêu ví dụ về phản ứng tạo ra muối từ: ...",
        "url": "giai-bai-tap-hoa-10-nang-cao_bai-6-trang-113-sgk-hoa-10-nang-cao",
        "level": 0
    },
    {
        "type": "category",
        "title": "Bài 7 (trang 113 SGK Hóa 10 nâng cao): NaOH có thể được điều chế bằng: ...",
        "url": "giai-bai-tap-hoa-10-nang-cao_bai-7-trang-113-sgk-hoa-10-nang-cao",
        "level": 0
    },
    {
        "type": "category",
        "title": "Bài 8 (trang 113 SGK Hóa 10 nâng cao): Hãy cho biết số oxi hóa của nitơ trong các phân tử ...",
        "url": "giai-bai-tap-hoa-10-nang-cao_bai-8-trang-113-sgk-hoa-10-nang-cao",
        "level": 0
    },
    {
        "type": "category",
        "title": "Bài 9 (trang 113 SGK Hóa 10 nâng cao): Lập phương trình hóa học của các phản ứng ...",
        "url": "giai-bai-tap-hoa-10-nang-cao_bai-9-trang-113-sgk-hoa-10-nang-cao",
        "level": 0
    },
    {
        "type": "category",
        "title": "Bài 10 (trang 113 SGK Hóa 10 nâng cao): Hoàn thành các phương trình hóa học dưới đây: ...",
        "url": "giai-bai-tap-hoa-10-nang-cao_bai-10-trang-113-sgk-hoa-10-nang-cao",
        "level": 0
    },
    {
        "type": "category",
        "title": "Bài 11 (trang 113 SGK Hóa 10 nâng cao): Cho kali iotua tác dụng với kali pemanganat trong ...",
        "url": "giai-bai-tap-hoa-10-nang-cao_bai-11-trang-113-sgk-hoa-10-nang-cao",
        "level": 0
    }
]