[
    {
        "type": "category",
        "title": "Bài 1 (trang 11 SGK Hóa 10 nâng cao): Nguyên tố hóa học là những nguyên tử ...",
        "url": "giai-bai-tap-hoa-10-nang-cao_bai-1-trang-11-sgk-hoa-10-nang-cao",
        "level": 0
    },
    {
        "type": "category",
        "title": "Bài 2 (trang 11 SGK Hóa 10 nâng cao): Kí hiệu nguyên tử biểu thị đầy đủ đặc trưng cho ...",
        "url": "giai-bai-tap-hoa-10-nang-cao_bai-2-trang-11-sgk-hoa-10-nang-cao",
        "level": 0
    },
    {
        "type": "category",
        "title": "Bài 3 (trang 11 SGK Hóa 10 nâng cao): Hãy cho biết mối liên hệ giữa số proton, số đơn vị ...",
        "url": "giai-bai-tap-hoa-10-nang-cao_bai-3-trang-11-sgk-hoa-10-nang-cao",
        "level": 0
    },
    {
        "type": "category",
        "title": "Bài 4 (trang 11 SGK Hóa 10 nâng cao): Hãy cho biết số đơn vị điện tích hạt nhân, số proton ...",
        "url": "giai-bai-tap-hoa-10-nang-cao_bai-4-trang-11-sgk-hoa-10-nang-cao",
        "level": 0
    },
    {
        "type": "category",
        "title": "Bài 5 (trang 11 SGK Hóa 10 nâng cao): Ytri (Y) dùng làm vật liệu siêu dẫn có số khối là 88 ...",
        "url": "giai-bai-tap-hoa-10-nang-cao_bai-5-trang-11-sgk-hoa-10-nang-cao",
        "level": 0
    }
]