[
    {
        "type": "category",
        "title": "Bài 1 (trang 44 SGK Hóa 10 nâng cao): Sự biến thiên tính chất của các nguyên tố thuộc chu kì ...",
        "url": "giai-bai-tap-hoa-10-nang-cao_bai-1-trang-44-sgk-hoa-10-nang-cao",
        "level": 0
    },
    {
        "type": "category",
        "title": "Bài 2 (trang 44 SGK Hóa 10 nâng cao): Dựa vào bảng 2.1 (SGK) hãy cho biết số electron ...",
        "url": "giai-bai-tap-hoa-10-nang-cao_bai-2-trang-44-sgk-hoa-10-nang-cao",
        "level": 0
    },
    {
        "type": "category",
        "title": "Bài 3 (trang 44 SGK Hóa 10 nâng cao): Cho nguyên tử các nguyên tố lần lượt có: Z = 8, ...",
        "url": "giai-bai-tap-hoa-10-nang-cao_bai-3-trang-44-sgk-hoa-10-nang-cao",
        "level": 0
    },
    {
        "type": "category",
        "title": "Bài 4 (trang 44 SGK Hóa 10 nâng cao): Viết cấu hình electron nguyên tử của các nguyên tố ...",
        "url": "giai-bai-tap-hoa-10-nang-cao_bai-4-trang-44-sgk-hoa-10-nang-cao",
        "level": 0
    },
    {
        "type": "category",
        "title": "Bài 5 (trang 44 SGK Hóa 10 nâng cao): Viết cấu hình electron nguyên tử của các nguyên tố ...",
        "url": "giai-bai-tap-hoa-10-nang-cao_bai-5-trang-44-sgk-hoa-10-nang-cao",
        "level": 0
    },
    {
        "type": "category",
        "title": "Bài 6 (trang 44 SGK Hóa 10 nâng cao): Sự phân bố electron vào các AO của nguyên tử ...",
        "url": "giai-bai-tap-hoa-10-nang-cao_bai-6-trang-44-sgk-hoa-10-nang-cao",
        "level": 0
    }
]