[
    {
        "type": "category",
        "title": "Bài 1 (trang 70 SGK Hóa 10 nâng cao): Các nguyên tử liên kết với nhau thành phân tử để: ...",
        "url": "giai-bai-tap-hoa-10-nang-cao_bai-1-trang-70-sgk-hoa-10-nang-cao",
        "level": 0
    },
    {
        "type": "category",
        "title": "Bài 2 (trang 70 SGK Hóa 10 nâng cao): Thế nào là năng lượng ion hóa thứ nhất của một ...",
        "url": "giai-bai-tap-hoa-10-nang-cao_bai-2-trang-70-sgk-hoa-10-nang-cao",
        "level": 0
    },
    {
        "type": "category",
        "title": "Bài 3 (trang 70 SGK Hóa 10 nâng cao): Hãy viết Phương trình biểu diễn sự hình thành ...",
        "url": "giai-bai-tap-hoa-10-nang-cao_bai-3-trang-70-sgk-hoa-10-nang-cao",
        "level": 0
    },
    {
        "type": "category",
        "title": "Bài 4 (trang 70 SGK Hóa 10 nâng cao): Hãy viết cấu hình electron của các ion ...",
        "url": "giai-bai-tap-hoa-10-nang-cao_bai-4-trang-70-sgk-hoa-10-nang-cao",
        "level": 0
    },
    {
        "type": "category",
        "title": "Bài 5 (trang 70 SGK Hóa 10 nâng cao): Hãy giải thích sự hình thành liên kết giữa các ...",
        "url": "giai-bai-tap-hoa-10-nang-cao_bai-5-trang-70-sgk-hoa-10-nang-cao",
        "level": 0
    },
    {
        "type": "category",
        "title": "Bài 6 (trang 70 SGK Hóa 10 nâng cao): Các nguyên tố sau đây có thể tạo thành ion ...",
        "url": "giai-bai-tap-hoa-10-nang-cao_bai-6-trang-70-sgk-hoa-10-nang-cao",
        "level": 0
    },
    {
        "type": "category",
        "title": "Bài 7 (trang 70 SGK Hóa 10 nâng cao): Hãy cho ba ví dụ về tinh thể ion hóa và cho biết ...",
        "url": "giai-bai-tap-hoa-10-nang-cao_bai-7-trang-70-sgk-hoa-10-nang-cao",
        "level": 0
    },
    {
        "type": "category",
        "title": "Bài 8 (trang 70 SGK Hóa 10 nâng cao): Cation R+ có cấu hình electron ở phân lớp ngoài",
        "url": "giai-bai-tap-hoa-10-nang-cao_bai-8-trang-70-sgk-hoa-10-nang-cao",
        "level": 0
    }
]