[
    {
        "type": "category",
        "title": "Bài 1 (trang 20 SGK Hóa 10 nâng cao): Obitan nguyên tử hiđro ở trạng thái cơ bản  ...",
        "url": "giai-bai-tap-hoa-10-nang-cao_bai-1-trang-20-sgk-hoa-10-nang-cao",
        "level": 0
    },
    {
        "type": "category",
        "title": "Bài 2 (trang 20 SGK Hóa 10 nâng cao): Obitan py có dạng hình số tám nổi: ...",
        "url": "giai-bai-tap-hoa-10-nang-cao_bai-2-trang-20-sgk-hoa-10-nang-cao",
        "level": 0
    },
    {
        "type": "category",
        "title": "Bài 3 (trang 20 SGK Hóa 10 nâng cao): Đáp án nào đúng trong các đáp án sau đây? ...",
        "url": "giai-bai-tap-hoa-10-nang-cao_bai-3-trang-20-sgk-hoa-10-nang-cao",
        "level": 0
    },
    {
        "type": "category",
        "title": "Bài 4 (trang 20 SGK Hóa 10 nâng cao): Có thể mô tả sự chuyển động của electron trong ...",
        "url": "giai-bai-tap-hoa-10-nang-cao_bai-4-trang-20-sgk-hoa-10-nang-cao",
        "level": 0
    },
    {
        "type": "category",
        "title": "Bài 5 (trang 20 SGK Hóa 10 nâng cao): Theo lí thuyết hiện đại, trạng thái chuyển động của ...",
        "url": "giai-bai-tap-hoa-10-nang-cao_bai-5-trang-20-sgk-hoa-10-nang-cao",
        "level": 0
    },
    {
        "type": "category",
        "title": "Bài 6 (trang 20 SGK Hóa 10 nâng cao): Trình bày hình dạng của các obitan nguyên tử s, p ...",
        "url": "giai-bai-tap-hoa-10-nang-cao_bai-6-trang-20-sgk-hoa-10-nang-cao",
        "level": 0
    }
]