[
    {
        "type": "category",
        "title": "Bài 1 (trang 82 SGK Hóa 10 nâng cao): Trình bày nội dung của quy tắc bát tử. Vận dụng quy tắc ...",
        "url": "giai-bai-tap-hoa-10-nang-cao_bai-1-trang-82-sgk-hoa-10-nang-cao",
        "level": 0
    },
    {
        "type": "category",
        "title": "Bài 2 (trang 82 SGK Hóa 10 nâng cao): Sử dụng mô hình xen phủ của các obitan nguyên tử để ...",
        "url": "giai-bai-tap-hoa-10-nang-cao_bai-2-trang-82-sgk-hoa-10-nang-cao",
        "level": 0
    },
    {
        "type": "category",
        "title": "Bài 3 (trang 82 SGK Hóa 10 nâng cao): Hãy viết công thức electron và công thức cấu tạo ...",
        "url": "giai-bai-tap-hoa-10-nang-cao_bai-3-trang-82-sgk-hoa-10-nang-cao",
        "level": 0
    },
    {
        "type": "category",
        "title": "Bài 4 (trang 82 SGK Hóa 10 nâng cao): Dựa trên lí thuyết lai hóa học các obitan nguyên tử, ...",
        "url": "giai-bai-tap-hoa-10-nang-cao_bai-4-trang-82-sgk-hoa-10-nang-cao",
        "level": 0
    }
]