[
    {
        "type": "category",
        "title": "Bài 1 (trang 92 SGK Hóa 10 nâng cao): Hãy cho một thí dụ về tinh thể kim loại và ...",
        "url": "giai-bai-tap-hoa-10-nang-cao_bai-1-trang-92-sgk-hoa-10-nang-cao",
        "level": 0
    },
    {
        "type": "category",
        "title": "Bài 2 (trang 92 SGK Hóa 10 nâng cao): Hãy kể những kiểu mạng phổ biến kim loại. ...",
        "url": "giai-bai-tap-hoa-10-nang-cao_bai-2-trang-92-sgk-hoa-10-nang-cao",
        "level": 0
    },
    {
        "type": "category",
        "title": "Bài 3 (trang 92 SGK Hóa 10 nâng cao): Hãy nêu các đặc tính thể kim loại và cho biết ...",
        "url": "giai-bai-tap-hoa-10-nang-cao_bai-3-trang-92-sgk-hoa-10-nang-cao",
        "level": 0
    },
    {
        "type": "category",
        "title": "Bài 4 (trang 92 SGK Hóa 10 nâng cao): Dựa vào bảng 3.1 (SGK) hãy cho biết kiểu cấu ...",
        "url": "giai-bai-tap-hoa-10-nang-cao_bai-4-trang-92-sgk-hoa-10-nang-cao",
        "level": 0
    }
]