[
    {
        "type": "category",
        "title": "Bài 1 (trang 102 SGK Hóa 10 nâng cao): Một nguyên tử lưu huỳnh (S) chuyển thành ion sunfua ...",
        "url": "giai-bai-tap-hoa-10-nang-cao_bai-1-trang-102-sgk-hoa-10-nang-cao",
        "level": 0
    },
    {
        "type": "category",
        "title": "Bài 2 (trang 103 SGK Hóa 10 nâng cao): Trong phản ứng: Cl2 + 2KBr ->",
        "url": "giai-bai-tap-hoa-10-nang-cao_bai-2-trang-103-sgk-hoa-10-nang-cao",
        "level": 0
    },
    {
        "type": "category",
        "title": "Bài 3 (trang 103 SGK Hóa 10 nâng cao): Trong phản ứng: 2Fe(OH)2 -> Fe2O3 + 3H2O: ...",
        "url": "giai-bai-tap-hoa-10-nang-cao_bai-3-trang-103-sgk-hoa-10-nang-cao",
        "level": 0
    },
    {
        "type": "category",
        "title": "Bài 4 (trang 103 SGK Hóa 10 nâng cao): Các câu sau đây là đúng hay sai?...",
        "url": "giai-bai-tap-hoa-10-nang-cao_bai-4-trang-103-sgk-hoa-10-nang-cao",
        "level": 0
    },
    {
        "type": "category",
        "title": "Bài 5 (trang 103 SGK Hóa 10 nâng cao): Tính số oxi hóa: ...",
        "url": "giai-bai-tap-hoa-10-nang-cao_bai-5-trang-103-sgk-hoa-10-nang-cao",
        "level": 0
    },
    {
        "type": "category",
        "title": "Bài 6 (trang 103 SGK Hóa 10 nâng cao): Lập các Phương trình hóa học oxi hóa – khử ...",
        "url": "giai-bai-tap-hoa-10-nang-cao_bai-6-trang-103-sgk-hoa-10-nang-cao",
        "level": 0
    },
    {
        "type": "category",
        "title": "Bài 7 (trang 104 SGK Hóa 10 nâng cao): Điiot pentaoxit (I2O5) tác dụng với cacbon ...",
        "url": "giai-bai-tap-hoa-10-nang-cao_bai-7-trang-104-sgk-hoa-10-nang-cao",
        "level": 0
    }
]