[
    {
        "type": "category",
        "title": "Bài 1 (trang 109 SGK Hóa 10 nâng cao): Trong các phản ứng hóa hợp dưới đây, phản ứng ...",
        "url": "giai-bai-tap-hoa-10-nang-cao_bai-1-trang-109-sgk-hoa-10-nang-cao",
        "level": 0
    },
    {
        "type": "category",
        "title": "Bài 2 (trang 109 SGK Hóa 10 nâng cao): Trong các phản ứng phân hủy dưới đây, phản ứng ...",
        "url": "giai-bai-tap-hoa-10-nang-cao_bai-2-trang-109-sgk-hoa-10-nang-cao",
        "level": 0
    },
    {
        "type": "category",
        "title": "Bài 3 (trang 110 SGK Hóa 10 nâng cao): Cho bảng tóm tắt dưới đây: ...",
        "url": "giai-bai-tap-hoa-10-nang-cao_bai-3-trang-110-sgk-hoa-10-nang-cao",
        "level": 0
    },
    {
        "type": "category",
        "title": "Bài 4 (trang 110 SGK Hóa 10 nâng cao): Người ta có thể tổng hợp được amoniac ...",
        "url": "giai-bai-tap-hoa-10-nang-cao_bai-4-trang-110-sgk-hoa-10-nang-cao",
        "level": 0
    },
    {
        "type": "category",
        "title": "Bài 5 (trang 110 SGK Hóa 10 nâng cao): a)Viết phương trình hóa học của những biến đổi sau: ...",
        "url": "giai-bai-tap-hoa-10-nang-cao_bai-5-trang-110-sgk-hoa-10-nang-cao",
        "level": 0
    },
    {
        "type": "category",
        "title": "Bài 6 (trang 110 SGK Hóa 10 nâng cao): Glixerol trinitrat là chất nổ đinamit. Đó là ...",
        "url": "giai-bai-tap-hoa-10-nang-cao_bai-6-trang-110-sgk-hoa-10-nang-cao",
        "level": 0
    },
    {
        "type": "category",
        "title": "Bài 7 (trang 110 SGK Hóa 10 nâng cao): Hợp chất A (không chứa clo) cháy được trong ...",
        "url": "giai-bai-tap-hoa-10-nang-cao_bai-7-trang-110-sgk-hoa-10-nang-cao",
        "level": 0
    },
    {
        "type": "category",
        "title": "Bài 8 (trang 110 SGK Hóa 10 nâng cao): Cho ba ví dụ về phản ứng tỏa nhiệt và ba ...",
        "url": "giai-bai-tap-hoa-10-nang-cao_bai-8-trang-110-sgk-hoa-10-nang-cao",
        "level": 0
    }
]