[
    {
        "type": "category",
        "title": "Bài 1 (trang 149 SGK Hóa 10 nâng cao): Đổ dung dịch AgNO3 lần lượt vào 4 dung dịch ...",
        "url": "giai-bai-tap-hoa-10-nang-cao_bai-1-trang-149-sgk-hoa-10-nang-cao",
        "level": 0
    },
    {
        "type": "category",
        "title": "Bài 2 (trang 149 SGK Hóa 10 nâng cao): Có ba bình không ghi nhãn, mỗi bình đựng ...",
        "url": "giai-bai-tap-hoa-10-nang-cao_bai-2-trang-149-sgk-hoa-10-nang-cao",
        "level": 0
    },
    {
        "type": "category",
        "title": "Bài 3 (trang 149 SGK Hóa 10 nâng cao): Hãy cho biết tên của các chất A, B, C biết rằng ...",
        "url": "giai-bai-tap-hoa-10-nang-cao_bai-3-trang-149-sgk-hoa-10-nang-cao",
        "level": 0
    },
    {
        "type": "category",
        "title": "Bài 4 (trang 149 SGK Hóa 10 nâng cao): Chia một dung dịch nước brom có màu vàng thành hai phần ...",
        "url": "giai-bai-tap-hoa-10-nang-cao_bai-4-trang-149-sgk-hoa-10-nang-cao",
        "level": 0
    },
    {
        "type": "category",
        "title": "Bài 5 (trang 149 SGK Hóa 10 nâng cao): Brom có lẫn ít tạp chất là clo. Làm thế nào để thu ...",
        "url": "giai-bai-tap-hoa-10-nang-cao_bai-5-trang-149-sgk-hoa-10-nang-cao",
        "level": 0
    },
    {
        "type": "category",
        "title": "Bài 6 (trang 150 SGK Hóa 10 nâng cao): Bằng thí nghiệm nào có thể kiểm tra được khí ...",
        "url": "giai-bai-tap-hoa-10-nang-cao_bai-6-trang-150-sgk-hoa-10-nang-cao",
        "level": 0
    },
    {
        "type": "category",
        "title": "Bài 7 (trang 150 SGK Hóa 10 nâng cao): Cho các chất: brom, clo, hiđro clorua, iot, ...",
        "url": "giai-bai-tap-hoa-10-nang-cao_bai-7-trang-150-sgk-hoa-10-nang-cao",
        "level": 0
    },
    {
        "type": "category",
        "title": "Bài 8 (trang 150 SGK Hóa 10 nâng cao): Khi bị nung nóng, kali clorat đồng ...",
        "url": "giai-bai-tap-hoa-10-nang-cao_bai-8-trang-150-sgk-hoa-10-nang-cao",
        "level": 0
    },
    {
        "type": "category",
        "title": "Bài 9* (trang 150 SGK Hóa 10 nâng cao): Thêm 78ml dung dịch bạc nitrat 10% ...",
        "url": "giai-bai-tap-hoa-10-nang-cao_bai-9-trang-150-sgk-hoa-10-nang-cao",
        "level": 0
    },
    {
        "type": "category",
        "title": "Bài 10 (trang 150 SGK Hóa 10 nâng cao): Hòa tan hoàn toàn hỗn hợp khí gồm hiđro clorua ...",
        "url": "giai-bai-tap-hoa-10-nang-cao_bai-10-trang-150-sgk-hoa-10-nang-cao",
        "level": 0
    }
]