[
    {
        "type": "category",
        "title": "Bài 1 (trang 57 SGK Hóa 10 nâng cao): Theo định luật biến đổi tính chất của các nguyên tố ..",
        "url": "giai-bai-tap-hoa-10-nang-cao_bai-1-trang-57-sgk-hoa-10-nang-cao",
        "level": 0
    },
    {
        "type": "category",
        "title": "Bài 2 (trang 58 SGK Hóa 10 nâng cao): Cho nguyên tố X (Z = 12), hãy cho biết: ...",
        "url": "giai-bai-tap-hoa-10-nang-cao_bai-2-trang-58-sgk-hoa-10-nang-cao",
        "level": 0
    },
    {
        "type": "category",
        "title": "Bài 3 (trang 58 SGK Hóa 10 nâng cao): Dựa vào quy luật biến đổi tính kim loại, phi kim ...",
        "url": "giai-bai-tap-hoa-10-nang-cao_bai-3-trang-58-sgk-hoa-10-nang-cao",
        "level": 0
    },
    {
        "type": "category",
        "title": "Bài 4 (trang 58 SGK Hóa 10 nâng cao): Nguyên tử của hai nguyên tố có Z = 25 và 35. ...",
        "url": "giai-bai-tap-hoa-10-nang-cao_bai-4-trang-58-sgk-hoa-10-nang-cao",
        "level": 0
    },
    {
        "type": "category",
        "title": "Bài 5 (trang 58 SGK Hóa 10 nâng cao): Nguyên tố X có số hiệu nguyên tử 16. ...",
        "url": "giai-bai-tap-hoa-10-nang-cao_bai-5-trang-58-sgk-hoa-10-nang-cao",
        "level": 0
    },
    {
        "type": "category",
        "title": "Bài 6 (trang 58 SGK Hóa 10 nâng cao): Bảng dưới đây cho biết bán kính nguyên tử và năng ...",
        "url": "giai-bai-tap-hoa-10-nang-cao_bai-6-trang-58-sgk-hoa-10-nang-cao",
        "level": 0
    },
    {
        "type": "category",
        "title": "Bài 7 (trang 58 SGK Hóa 10 nâng cao): Phát biểu định luật tuần hoàn cho biết nguyên nhân ...",
        "url": "giai-bai-tap-hoa-10-nang-cao_bai-7-trang-58-sgk-hoa-10-nang-cao",
        "level": 0
    },
    {
        "type": "category",
        "title": "Bài 8 (trang 58 SGK Hóa 10 nâng cao): Cho biết nguyên tố clo thuộc chu kì 3 và thuộc nhóm ...",
        "url": "giai-bai-tap-hoa-10-nang-cao_bai-8-trang-58-sgk-hoa-10-nang-cao",
        "level": 0
    },
    {
        "type": "category",
        "title": "Bài 9 (trang 58 SGK Hóa 10 nâng cao): Cho biết nguyên tố natri thuộc chu kì 3 và thuộc nhóm ...",
        "url": "giai-bai-tap-hoa-10-nang-cao_bai-9-trang-58-sgk-hoa-10-nang-cao",
        "level": 0
    },
    {
        "type": "category",
        "title": "Bài 10 (trang 58 SGK Hóa 10 nâng cao): Hãy so sánh tính kim loại của Mg (Z = 12) ...",
        "url": "giai-bai-tap-hoa-10-nang-cao_bai-10-trang-58-sgk-hoa-10-nang-cao",
        "level": 0
    }
]