[
    {
        "type": "category",
        "title": "Bài 1 (trang 176 SGK Hóa 10 nâng cao): Cho phản ứng hóa học: H2S + 4Cl2 + 4H2O -> ...",
        "url": "giai-bai-tap-hoa-10-nang-cao_bai-1-trang-176-sgk-hoa-10-nang-cao",
        "level": 0
    },
    {
        "type": "category",
        "title": "Bài 2 (trang 176 SGK Hóa 10 nâng cao): Bạc tiếp xúc với không khí có H2S bị biến đổi thành ...",
        "url": "giai-bai-tap-hoa-10-nang-cao_bai-2-trang-176-sgk-hoa-10-nang-cao",
        "level": 0
    },
    {
        "type": "category",
        "title": "Bài 3 (trang 177 SGK Hóa 10 nâng cao): Dẫn khí H2S vào dung dịch hỗn hợp ...",
        "url": "giai-bai-tap-hoa-10-nang-cao_bai-3-trang-177-sgk-hoa-10-nang-cao",
        "level": 0
    },
    {
        "type": "category",
        "title": "Bài 4 (trang 177 SGK Hóa 10 nâng cao): Có bốn dung dịch loãng của các muối NaCl, ...",
        "url": "giai-bai-tap-hoa-10-nang-cao_bai-4-trang-177-sgk-hoa-10-nang-cao",
        "level": 0
    },
    {
        "type": "category",
        "title": "Bài 5 (trang 177 SGK Hóa 10 nâng cao): Cho hỗn hợp FeS và Fe tác dụng với dung dịch HCl ...",
        "url": "giai-bai-tap-hoa-10-nang-cao_bai-5-trang-177-sgk-hoa-10-nang-cao",
        "level": 0
    }
]