[
    {
        "type": "category",
        "title": "Bài 1 (trang 90 SGK Hóa 10 nâng cao): Số oxi hóa của nitơ trong ...",
        "url": "giai-bai-tap-hoa-10-nang-cao_bai-1-trang-90-sgk-hoa-10-nang-cao",
        "level": 0
    },
    {
        "type": "category",
        "title": "Bài 2 (trang 90 SGK Hóa 10 nâng cao): Số oxi hóa của Mn, Fe trong Fe3+ ...",
        "url": "giai-bai-tap-hoa-10-nang-cao_bai-2-trang-90-sgk-hoa-10-nang-cao",
        "level": 0
    },
    {
        "type": "category",
        "title": "Bài 3 (trang 90 SGK Hóa 10 nâng cao): Hãy cho biết điện hóa trị các nguyên tố hợp chất sau: ...",
        "url": "giai-bai-tap-hoa-10-nang-cao_bai-3-trang-90-sgk-hoa-10-nang-cao",
        "level": 0
    },
    {
        "type": "category",
        "title": "Bài 4 (trang 90 SGK Hóa 10 nâng cao): Xác định công thức hóa trị của các nguyên tố ...",
        "url": "giai-bai-tap-hoa-10-nang-cao_bai-4-trang-90-sgk-hoa-10-nang-cao",
        "level": 0
    },
    {
        "type": "category",
        "title": "Bài 5 (trang 90 SGK Hóa 10 nâng cao): Xác định số oxi hóa của nguyên tố trong các ...",
        "url": "giai-bai-tap-hoa-10-nang-cao_bai-5-trang-90-sgk-hoa-10-nang-cao",
        "level": 0
    },
    {
        "type": "category",
        "title": "Bài 6 (trang 90 SGK Hóa 10 nâng cao): Xác định số oxi hóa của lưu huỳnh, clo, mangan ...",
        "url": "giai-bai-tap-hoa-10-nang-cao_bai-6-trang-90-sgk-hoa-10-nang-cao",
        "level": 0
    }
]