[
    {
        "type": "category",
        "title": "Bài 1 (trang 190 SGK Hóa 10 nâng cao): Chất nào sau đây vừa có tính oxi hóa, vừa có ...",
        "url": "giai-bai-tap-hoa-10-nang-cao_bai-1-trang-190-sgk-hoa-10-nang-cao",
        "level": 0
    },
    {
        "type": "category",
        "title": "Bài 2 (trang 190 SGK Hóa 10 nâng cao): Câu nào sau đây không diễn tả,đúng tính ...",
        "url": "giai-bai-tap-hoa-10-nang-cao_bai-2-trang-190-sgk-hoa-10-nang-cao",
        "level": 0
    },
    {
        "type": "category",
        "title": "Bài 3 (trang 190 SGK Hóa 10 nâng cao): Axit sunfuric tham gia phản ứng với các chất, ...",
        "url": "giai-bai-tap-hoa-10-nang-cao_bai-3-trang-190-sgk-hoa-10-nang-cao",
        "level": 0
    },
    {
        "type": "category",
        "title": "Bài 4 (trang 190 SGK Hóa 10 nâng cao): Những dụng cụ bằng bạc hoặc đồng sẽ chuyển thành ...",
        "url": "giai-bai-tap-hoa-10-nang-cao_bai-4-trang-190-sgk-hoa-10-nang-cao",
        "level": 0
    },
    {
        "type": "category",
        "title": "Bài 5 (trang 191 SGK Hóa 10 nâng cao): Nếu đốt Mg trong không khí rồi đưa vào bình đựng ...",
        "url": "giai-bai-tap-hoa-10-nang-cao_bai-5-trang-191-sgk-hoa-10-nang-cao",
        "level": 0
    },
    {
        "type": "category",
        "title": "Bài 6 (trang 191 SGK Hóa 10 nâng cao): Trong phòng thí nghiệm, người ta có thể điều chế ...",
        "url": "giai-bai-tap-hoa-10-nang-cao_bai-6-trang-191-sgk-hoa-10-nang-cao",
        "level": 0
    },
    {
        "type": "category",
        "title": "Bài 7 (trang 191 SGK Hóa 10 nâng cao): Những hiđro halogenua nào có thể điều chế được ...",
        "url": "giai-bai-tap-hoa-10-nang-cao_bai-7-trang-191-sgk-hoa-10-nang-cao",
        "level": 0
    },
    {
        "type": "category",
        "title": "Bài 8 (trang 191 SGK Hóa 10 nâng cao): Một bình kín đựng oxi ở nhiệt độ toC có áp suất ...",
        "url": "giai-bai-tap-hoa-10-nang-cao_bai-8-trang-191-sgk-hoa-10-nang-cao",
        "level": 0
    },
    {
        "type": "category",
        "title": "Bài 9 (trang 191 SGK Hóa 10 nâng cao): Oleum là gì? ...",
        "url": "giai-bai-tap-hoa-10-nang-cao_bai-9-trang-191-sgk-hoa-10-nang-cao",
        "level": 0
    },
    {
        "type": "category",
        "title": "Bài 10 (trang 191 SGK Hóa 10 nâng cao): Nung 81,95gam hỗn hợp KCl, KNO3, và ...",
        "url": "giai-bai-tap-hoa-10-nang-cao_bai-10-trang-191-sgk-hoa-10-nang-cao",
        "level": 0
    }
]