[
    {
        "type": "category",
        "title": "Bài 1 (trang 212 SGK Hóa 10 nâng cao): Hằng số cân bằng KC của một phản ứng phụ thuộc ...",
        "url": "giai-bai-tap-hoa-10-nang-cao_bai-1-trang-212-sgk-hoa-10-nang-cao",
        "level": 0
    },
    {
        "type": "category",
        "title": "Bài 2 (trang 212 SGK Hóa 10 nâng cao): Cân bằng hóa học là gì? Tại sao nói cân bằng ...",
        "url": "giai-bai-tap-hoa-10-nang-cao_bai-2-trang-212-sgk-hoa-10-nang-cao",
        "level": 0
    },
    {
        "type": "category",
        "title": "Bài 3 (trang 212 SGK Hóa 10 nâng cao): Viết các biểu thức hằng số cân bằng cho các ...",
        "url": "giai-bai-tap-hoa-10-nang-cao_bai-3-trang-212-sgk-hoa-10-nang-cao",
        "level": 0
    },
    {
        "type": "category",
        "title": "Bài 4 (trang 213 SGK Hóa 10 nâng cao): Sự chuyển dịch cân bằng hóa học là gì? ...",
        "url": "giai-bai-tap-hoa-10-nang-cao_bai-4-trang-213-sgk-hoa-10-nang-cao",
        "level": 0
    },
    {
        "type": "category",
        "title": "Bài 5 (trang 213 SGK Hóa 10 nâng cao): Phát biểu nguyên lí Lơ Sa-tơ-li-ê và dựa vào ...",
        "url": "giai-bai-tap-hoa-10-nang-cao_bai-5-trang-213-sgk-hoa-10-nang-cao",
        "level": 0
    },
    {
        "type": "category",
        "title": "Bài 6 (trang 213 SGK Hóa 10 nâng cao): Xét các hệ cân bằng sau trong một bình kín: ...",
        "url": "giai-bai-tap-hoa-10-nang-cao_bai-6-trang-213-sgk-hoa-10-nang-cao",
        "level": 0
    },
    {
        "type": "category",
        "title": "Bài 7 (trang 213 SGK Hóa 10 nâng cao): Cho biết phản ứng thuận nghịch sau: ...",
        "url": "giai-bai-tap-hoa-10-nang-cao_bai-7-trang-213-sgk-hoa-10-nang-cao",
        "level": 0
    },
    {
        "type": "category",
        "title": "Bài 8 (trang 213 SGK Hóa 10 nâng cao): Cho biết phản ứng sau: H2O(k) + CO(k) -> ...",
        "url": "giai-bai-tap-hoa-10-nang-cao_bai-8-trang-213-sgk-hoa-10-nang-cao",
        "level": 0
    },
    {
        "type": "category",
        "title": "Bài 9 (trang 213 SGK Hóa 10 nâng cao): Hằng số cân bằng KC của phản ứng: ...",
        "url": "giai-bai-tap-hoa-10-nang-cao_bai-9-trang-213-sgk-hoa-10-nang-cao",
        "level": 0
    },
    {
        "type": "category",
        "title": "Bài 10 (trang 213 SGK Hóa 10 nâng cao): Iot bị phân hủy bởi nhiệt theo phản ứng sau: ...",
        "url": "giai-bai-tap-hoa-10-nang-cao_bai-10-trang-213-sgk-hoa-10-nang-cao",
        "level": 0
    }
]