[
    {
        "type": "category",
        "title": "Bài 1 (trang 145 SGK Hóa 10 nâng cao): Trong dãy bốn dung dịch axit HF, HCl, HBr, HI...",
        "url": "giai-bai-tap-hoa-10-nang-cao_bai-1-trang-145-sgk-hoa-10-nang-cao",
        "level": 0
    },
    {
        "type": "category",
        "title": "Bài 2 (trang 145 SGK Hóa 10 nâng cao): Hãy nêu ra các phản ứng để chứng minh rằng iot ...",
        "url": "giai-bai-tap-hoa-10-nang-cao_bai-2-trang-145-sgk-hoa-10-nang-cao",
        "level": 0
    },
    {
        "type": "category",
        "title": "Bài 3 (trang 145 SGK Hóa 10 nâng cao): Hãy nêu ra các phản ứng để chứng minh rằng ...",
        "url": "giai-bai-tap-hoa-10-nang-cao_bai-3-trang-145-sgk-hoa-10-nang-cao",
        "level": 0
    },
    {
        "type": "category",
        "title": "Bài 4 (trang 145 SGK Hóa 10 nâng cao): Người ta có thể điều chế iot bằng cách cho ...",
        "url": "giai-bai-tap-hoa-10-nang-cao_bai-4-trang-145-sgk-hoa-10-nang-cao",
        "level": 0
    },
    {
        "type": "category",
        "title": "Bài 5 (trang 145 SGK Hóa 10 nâng cao): Khí hiđro, thu được bằng phương pháp ...",
        "url": "giai-bai-tap-hoa-10-nang-cao_bai-5-trang-145-sgk-hoa-10-nang-cao",
        "level": 0
    },
    {
        "type": "category",
        "title": "Bài 6 (trang 145 SGK Hóa 10 nâng cao): Theo tính toán của nhà khoa học, mỗi ngày cơ thể ...",
        "url": "giai-bai-tap-hoa-10-nang-cao_bai-6-trang-145-sgk-hoa-10-nang-cao",
        "level": 0
    }
]