[
    {
        "type": "category",
        "title": "Bài 1 (trang 75 SGK Hóa 10 nâng cao): Chọn định nghĩa đúng nhất về liên kết cộng hóa trị, ...",
        "url": "giai-bai-tap-hoa-10-nang-cao_bai-1-trang-75-sgk-hoa-10-nang-cao",
        "level": 0
    },
    {
        "type": "category",
        "title": "Bài 2 (trang 75 SGK Hóa 10 nâng cao): Hãy giải thích sự thành cặp electron liên kết ...",
        "url": "giai-bai-tap-hoa-10-nang-cao_bai-2-trang-75-sgk-hoa-10-nang-cao",
        "level": 0
    },
    {
        "type": "category",
        "title": "Bài 3 (trang 75 SGK Hóa 10 nâng cao): Hãy giải thích sự hình thành các cặp electron ...",
        "url": "giai-bai-tap-hoa-10-nang-cao_bai-3-trang-75-sgk-hoa-10-nang-cao",
        "level": 0
    },
    {
        "type": "category",
        "title": "Bài 4 (trang 75 SGK Hóa 10 nâng cao): Giải thích sự hình thành liên kết cộng hóa trị ...",
        "url": "giai-bai-tap-hoa-10-nang-cao_bai-4-trang-75-sgk-hoa-10-nang-cao",
        "level": 0
    },
    {
        "type": "category",
        "title": "Bài 5 (trang 75 SGK Hóa 10 nâng cao): Hãy viết công thức electron và công thức ...",
        "url": "giai-bai-tap-hoa-10-nang-cao_bai-5-trang-75-sgk-hoa-10-nang-cao",
        "level": 0
    },
    {
        "type": "category",
        "title": "Bài 6 (trang 75 SGK Hóa 10 nâng cao): X, Y, Z là nguyên tố có số đơn vị điện tích ...",
        "url": "giai-bai-tap-hoa-10-nang-cao_bai-6-trang-75-sgk-hoa-10-nang-cao",
        "level": 0
    }
]