[
    {
        "type": "category",
        "title": "Bài 1 (trang 186 SGK Hóa 10 nâng cao): Lưu huỳnh đioxit có thể tham gia những ...",
        "url": "giai-bai-tap-hoa-10-nang-cao_bai-1-trang-186-sgk-hoa-10-nang-cao",
        "level": 0
    },
    {
        "type": "category",
        "title": "Bài 2 (trang 186 SGK Hóa 10 nâng cao): Hãy ghép cặp chất và tính chất của chất sao cho phù hợp: ...",
        "url": "giai-bai-tap-hoa-10-nang-cao_bai-2-trang-186-sgk-hoa-10-nang-cao",
        "level": 0
    },
    {
        "type": "category",
        "title": "Bài 3 (trang 186 SGK Hóa 10 nâng cao): Hãy chọn hệ số đúng của chất oxi hóa và của ...",
        "url": "giai-bai-tap-hoa-10-nang-cao_bai-3-trang-186-sgk-hoa-10-nang-cao",
        "level": 0
    },
    {
        "type": "category",
        "title": "Bài 4 (trang 186 SGK Hóa 10 nâng cao): Hãy lập bảng so sánh những tính chất giống nhau, ...",
        "url": "giai-bai-tap-hoa-10-nang-cao_bai-4-trang-186-sgk-hoa-10-nang-cao",
        "level": 0
    },
    {
        "type": "category",
        "title": "Bài 5 (trang 186 SGK Hóa 10 nâng cao): Hãy lập những phương trình hóa học sau và cho biết ...",
        "url": "giai-bai-tap-hoa-10-nang-cao_bai-5-trang-186-sgk-hoa-10-nang-cao",
        "level": 0
    },
    {
        "type": "category",
        "title": "Bài 6 (trang 186 SGK Hóa 10 nâng cao): Cho các dung dịch không màu của các chất sau: ...",
        "url": "giai-bai-tap-hoa-10-nang-cao_bai-6-trang-186-sgk-hoa-10-nang-cao",
        "level": 0
    },
    {
        "type": "category",
        "title": "Bài 7 (trang 186 SGK Hóa 10 nâng cao): a) Axit sunfuric đặc dùng làm khô khí ẩm, ...",
        "url": "giai-bai-tap-hoa-10-nang-cao_bai-7-trang-186-sgk-hoa-10-nang-cao",
        "level": 0
    },
    {
        "type": "category",
        "title": "Bài 8* (trang 187 SGK Hóa 10 nâng cao): Có những chất, trong phản ứng hóa học này chúng ...",
        "url": "giai-bai-tap-hoa-10-nang-cao_bai-8-trang-187-sgk-hoa-10-nang-cao",
        "level": 0
    },
    {
        "type": "category",
        "title": "Bài 9 (trang 187 SGK Hóa 10 nâng cao): Có 100ml H2SO4 98%, khối lượng riêng là l,84g/ml....",
        "url": "giai-bai-tap-hoa-10-nang-cao_bai-9-trang-187-sgk-hoa-10-nang-cao",
        "level": 0
    },
    {
        "type": "category",
        "title": "Bài 10 (trang 187 SGK Hóa 10 nâng cao): Hỗn hợp rắn X gồm có Na2SO3, NaHSO3,...",
        "url": "giai-bai-tap-hoa-10-nang-cao_bai-10-trang-187-sgk-hoa-10-nang-cao",
        "level": 0
    }
]