[
    {
        "type": "category",
        "title": "Bài 1 (trang 134 SGK Hóa 10 nâng cao): Chất KClO4 có tên là gì? ...",
        "url": "giai-bai-tap-hoa-10-nang-cao_bai-1-trang-134-sgk-hoa-10-nang-cao",
        "level": 0
    },
    {
        "type": "category",
        "title": "Bài 2 (trang 134 SGK Hóa 10 nâng cao): Đọc tên các hợp chất sau đây và cho biết ...",
        "url": "giai-bai-tap-hoa-10-nang-cao_bai-2-trang-134-sgk-hoa-10-nang-cao",
        "level": 0
    },
    {
        "type": "category",
        "title": "Bài 3 (trang 134 SGK Hóa 10 nâng cao): Hãy cho biết tính chất hóa học quan trọng ...",
        "url": "giai-bai-tap-hoa-10-nang-cao_bai-3-trang-134-sgk-hoa-10-nang-cao",
        "level": 0
    },
    {
        "type": "category",
        "title": "Bài 4 (trang 134 SGK Hóa 10 nâng cao): Cho các hóa chất NaCl (r), MnO2 (r),",
        "url": "giai-bai-tap-hoa-10-nang-cao_bai-4-trang-134-sgk-hoa-10-nang-cao",
        "level": 0
    },
    {
        "type": "category",
        "title": "Bài 5 (trang 134 SGK Hóa 10 nâng cao): Để điều chế kali clorat với giá thành hạ, ...",
        "url": "giai-bai-tap-hoa-10-nang-cao_bai-5-trang-134-sgk-hoa-10-nang-cao",
        "level": 0
    }
]