[
    {
        "type": "category",
        "title": "Bài 1 (trang 216 SGK Hóa 10 nâng cao): Nội dung nào thể hiện trong các câu sau đây là sai? ...",
        "url": "giai-bai-tap-hoa-10-nang-cao_bai-1-trang-216-sgk-hoa-10-nang-cao",
        "level": 0
    },
    {
        "type": "category",
        "title": "Bài 2 (trang 216 SGK Hóa 10 nâng cao): Nội dung nào thể hiện trong các câu sau đây là đúng?...",
        "url": "giai-bai-tap-hoa-10-nang-cao_bai-2-trang-216-sgk-hoa-10-nang-cao",
        "level": 0
    },
    {
        "type": "category",
        "title": "Bài 3 (trang 216 SGK Hóa 10 nâng cao): Trong các cặp phản ứng sau, phản ứng nào có tốc độ lớn hơn? ...",
        "url": "giai-bai-tap-hoa-10-nang-cao_bai-3-trang-216-sgk-hoa-10-nang-cao",
        "level": 0
    },
    {
        "type": "category",
        "title": "Bài 4 (trang 216 SGK Hóa 10 nâng cao): Cho phản ứng thuận nghịch sau: ...",
        "url": "giai-bai-tap-hoa-10-nang-cao_bai-4-trang-216-sgk-hoa-10-nang-cao",
        "level": 0
    },
    {
        "type": "category",
        "title": "Bài 5 (trang 216 SGK Hóa 10 nâng cao): Khi đun nóng HI trong một bình kín, xảy ra ...",
        "url": "giai-bai-tap-hoa-10-nang-cao_bai-5-trang-216-sgk-hoa-10-nang-cao",
        "level": 0
    },
    {
        "type": "category",
        "title": "Bài 6 (trang 217 SGK Hóa 10 nâng cao): Phản ứng nung vôi xảy ra như sau trong một bình kín: ...",
        "url": "giai-bai-tap-hoa-10-nang-cao_bai-6-trang-217-sgk-hoa-10-nang-cao",
        "level": 0
    },
    {
        "type": "category",
        "title": "Bài 7 (trang 217 SGK Hóa 10 nâng cao): Cho 0,1 mol CaCO3(r) vào bình chân không dung tích ...",
        "url": "giai-bai-tap-hoa-10-nang-cao_bai-7-trang-217-sgk-hoa-10-nang-cao",
        "level": 0
    }
]