[
    {
        "type": "category",
        "title": "Bài 1 (trang 119 SGK Hóa 10 nâng cao): So sánh cấu hình electron nguyên tử của các ...",
        "url": "giai-bai-tap-hoa-10-nang-cao_bai-1-trang-119-sgk-hoa-10-nang-cao",
        "level": 0
    },
    {
        "type": "category",
        "title": "Bài 2 (trang 119 SGK Hóa 10 nâng cao): Các halogen giống nhau như thế nào về tính chất ...",
        "url": "giai-bai-tap-hoa-10-nang-cao_bai-2-trang-119-sgk-hoa-10-nang-cao",
        "level": 0
    },
    {
        "type": "category",
        "title": "Bài 3 (trang 119 SGK Hóa 10 nâng cao): Các halogen khác nhau như thế nào về tính chất ...",
        "url": "giai-bai-tap-hoa-10-nang-cao_bai-3-trang-119-sgk-hoa-10-nang-cao",
        "level": 0
    },
    {
        "type": "category",
        "title": "Bài 4 (trang 119 SGK Hóa 10 nâng cao): Từ bảng 5.1, hãy nhận xét về sự biến đổi một ...",
        "url": "giai-bai-tap-hoa-10-nang-cao_bai-4-trang-119-sgk-hoa-10-nang-cao",
        "level": 0
    },
    {
        "type": "category",
        "title": "Bài 5 (trang 119 SGK Hóa 10 nâng cao): Vì sao trong các hợp chất, nguyên tố flo luôn luôn ...",
        "url": "giai-bai-tap-hoa-10-nang-cao_bai-5-trang-119-sgk-hoa-10-nang-cao",
        "level": 0
    },
    {
        "type": "category",
        "title": "Bài 6 (trang 119 SGK Hóa 10 nâng cao): Atatin (số hiệu nguyên tử bằng 85) cũng ở ...",
        "url": "giai-bai-tap-hoa-10-nang-cao_bai-6-trang-119-sgk-hoa-10-nang-cao",
        "level": 0
    }
]