[
    {
        "type": "category",
        "title": "Bài 1 (trang 85 SGK Hóa 10 nâng cao): Tìm câu sai. ...",
        "url": "giai-bai-tap-hoa-10-nang-cao_bai-1-trang-85-sgk-hoa-10-nang-cao",
        "level": 0
    },
    {
        "type": "category",
        "title": "Bài 2 (trang 85 SGK Hóa 10 nâng cao): Tìm câu sai. ...",
        "url": "giai-bai-tap-hoa-10-nang-cao_bai-2-trang-85-sgk-hoa-10-nang-cao",
        "level": 0
    },
    {
        "type": "category",
        "title": "Bài 3 (trang 85 SGK Hóa 10 nâng cao): Giải thích tại sao băng phiến và iot lại dễ dàng ...",
        "url": "giai-bai-tap-hoa-10-nang-cao_bai-3-trang-85-sgk-hoa-10-nang-cao",
        "level": 0
    },
    {
        "type": "category",
        "title": "Bài 4 (trang 85 SGK Hóa 10 nâng cao): Hãy mô tả cấu trúc của tinh thể kim cương. Liên kết ...",
        "url": "giai-bai-tap-hoa-10-nang-cao_bai-4-trang-85-sgk-hoa-10-nang-cao",
        "level": 0
    },
    {
        "type": "category",
        "title": "Bài 5 (trang 85 SGK Hóa 10 nâng cao): Hãy cho biết sự khác nhau giữa tinh thể nguyên tử ...",
        "url": "giai-bai-tap-hoa-10-nang-cao_bai-5-trang-85-sgk-hoa-10-nang-cao",
        "level": 0
    },
    {
        "type": "category",
        "title": "Bài 6 (trang 85 SGK Hóa 10 nâng cao): Hãy mô tả tinh thể iot, tinh thể phân tử nước đá ...",
        "url": "giai-bai-tap-hoa-10-nang-cao_bai-6-trang-85-sgk-hoa-10-nang-cao",
        "level": 0
    }
]