[
    {
        "type": "category",
        "title": "Bài 1 (trang 142 SGK Hóa 10 nâng cao): Chất NaBrO có tên là gì? ...",
        "url": "giai-bai-tap-hoa-10-nang-cao_bai-1-trang-142-sgk-hoa-10-nang-cao",
        "level": 0
    },
    {
        "type": "category",
        "title": "Bài 2 (trang 142 SGK Hóa 10 nâng cao): Chứng minh rằng brom có tính oxi hóa yếu hơn clo ...",
        "url": "giai-bai-tap-hoa-10-nang-cao_bai-2-trang-142-sgk-hoa-10-nang-cao",
        "level": 0
    },
    {
        "type": "category",
        "title": "Bài 3 (trang 142 SGK Hóa 10 nâng cao): So sánh tính chất hóa học của axit bromhiđric ...",
        "url": "giai-bai-tap-hoa-10-nang-cao_bai-3-trang-142-sgk-hoa-10-nang-cao",
        "level": 0
    },
    {
        "type": "category",
        "title": "Bài 4 (trang 142 SGK Hóa 10 nâng cao): Người ta có thể điều chế brom bằng cách cho axit ...",
        "url": "giai-bai-tap-hoa-10-nang-cao_bai-4-trang-142-sgk-hoa-10-nang-cao",
        "level": 0
    },
    {
        "type": "category",
        "title": "Bài 5 (trang 142 SGK Hóa 10 nâng cao): Nước biển chứa một lượng nhỏ muối natri bromua ...",
        "url": "giai-bai-tap-hoa-10-nang-cao_bai-5-trang-142-sgk-hoa-10-nang-cao",
        "level": 0
    },
    {
        "type": "category",
        "title": "Bài 6 (trang 142 SGK Hóa 10 nâng cao): Trong sản xuất brom từ các bromua có trong tự nhiên, ...",
        "url": "giai-bai-tap-hoa-10-nang-cao_bai-6-trang-142-sgk-hoa-10-nang-cao",
        "level": 0
    },
    {
        "type": "category",
        "title": "Bài 7 (trang 142 SGK Hóa 10 nâng cao): Chất A là chất muối canxi halogenua. Cho dung dịch ...",
        "url": "giai-bai-tap-hoa-10-nang-cao_bai-7-trang-142-sgk-hoa-10-nang-cao",
        "level": 0
    }
]