[
    {
        "type": "category",
        "title": "Bài 1 (trang 95 SGK Hóa 10 nâng cao): Viết Phương trình biểu diễn sự hình thành các ...",
        "url": "giai-bai-tap-hoa-10-nang-cao_bai-1-trang-95-sgk-hoa-10-nang-cao",
        "level": 0
    },
    {
        "type": "category",
        "title": "Bài 2 (trang 95 SGK Hóa 10 nâng cao): Trình bày sự giống nhau và khác nhau giữa ...",
        "url": "giai-bai-tap-hoa-10-nang-cao_bai-2-trang-95-sgk-hoa-10-nang-cao",
        "level": 0
    },
    {
        "type": "category",
        "title": "Bài 3 (trang 95 SGK Hóa 10 nâng cao): Cho dãy oxit sau: ...",
        "url": "giai-bai-tap-hoa-10-nang-cao_bai-3-trang-95-sgk-hoa-10-nang-cao",
        "level": 0
    },
    {
        "type": "category",
        "title": "Bài 4 (trang 96 SGK Hóa 10 nâng cao): a) Dựa vào độ âm điện, hãy xét tính phi kim thay đổi ...",
        "url": "giai-bai-tap-hoa-10-nang-cao_bai-4-trang-96-sgk-hoa-10-nang-cao",
        "level": 0
    },
    {
        "type": "category",
        "title": "Bài 5 (trang 96 SGK Hóa 10 nâng cao): Một nguyên tử có cấu hình electron 1s2 2s2 2p3 ...",
        "url": "giai-bai-tap-hoa-10-nang-cao_bai-5-trang-96-sgk-hoa-10-nang-cao",
        "level": 0
    },
    {
        "type": "category",
        "title": "Bài 6 (trang 96 SGK Hóa 10 nâng cao): Có bao nhiêu electron trong mỗi ion sau đây: ...",
        "url": "giai-bai-tap-hoa-10-nang-cao_bai-6-trang-96-sgk-hoa-10-nang-cao",
        "level": 0
    },
    {
        "type": "category",
        "title": "Bài 7 (trang 96 SGK Hóa 10 nâng cao): Cho hai ion ...",
        "url": "giai-bai-tap-hoa-10-nang-cao_bai-7-trang-96-sgk-hoa-10-nang-cao",
        "level": 0
    },
    {
        "type": "category",
        "title": "Bài 8 (trang 96 SGK Hóa 10 nâng cao): Xác định điện hóa trị của các nguyên tử ...",
        "url": "giai-bai-tap-hoa-10-nang-cao_bai-8-trang-96-sgk-hoa-10-nang-cao",
        "level": 0
    },
    {
        "type": "category",
        "title": "Bài 9 (trang 96 SGK Hóa 10 nâng cao): Xác định công thức hóa trị của nguyên tử ...",
        "url": "giai-bai-tap-hoa-10-nang-cao_bai-9-trang-96-sgk-hoa-10-nang-cao",
        "level": 0
    }
]