[
    {
        "type": "category",
        "title": "Bài 1 (trang 8 SGK Hóa 10 nâng cao): Các hạt cấu tạo nên hạt nhân của hầu hết ...",
        "url": "giai-bai-tap-hoa-10-nang-cao_bai-1-trang-8-sgk-hoa-10-nang-cao",
        "level": 0
    },
    {
        "type": "category",
        "title": "Bài 2 (trang 8 SGK Hóa 10 nâng cao): Các hạt cấu tạo nên hầu hết các nguyên tử là ...",
        "url": "giai-bai-tap-hoa-10-nang-cao_bai-2-trang-8-sgk-hoa-10-nang-cao",
        "level": 0
    },
    {
        "type": "category",
        "title": "Bài 3 (trang 8 SGK Hóa 10 nâng cao): Kết quả phân tích cho thấy trong phân tử khí ...",
        "url": "giai-bai-tap-hoa-10-nang-cao_bai-3-trang-8-sgk-hoa-10-nang-cao",
        "level": 0
    },
    {
        "type": "category",
        "title": "Bài 4 (trang 8 SGK Hóa 10 nâng cao): Biết rằng khối lượng một nguyên tử oxi nặng ...",
        "url": "giai-bai-tap-hoa-10-nang-cao_bai-4-trang-8-sgk-hoa-10-nang-cao",
        "level": 0
    }
]