[
    {
        "type": "category",
        "title": "Bài 1 (trang 14 SGK Hóa 10 nâng cao): Nguyên tố cacbon có hai đồng vị bền: ...",
        "url": "giai-bai-tap-hoa-10-nang-cao_bai-1-trang-14-sgk-hoa-10-nang-cao",
        "level": 0
    },
    {
        "type": "category",
        "title": "Bài 2 (trang 14 SGK Hóa 10 nâng cao): Cho biết số proton, số nơtron và số electron ...",
        "url": "giai-bai-tap-hoa-10-nang-cao_bai-2-trang-14-sgk-hoa-10-nang-cao",
        "level": 0
    },
    {
        "type": "category",
        "title": "Bài 3 (trang 14 SGK Hóa 10 nâng cao): Nguyên tử khối trung bình của bạc bằng 107,02 ...",
        "url": "giai-bai-tap-hoa-10-nang-cao_bai-3-trang-14-sgk-hoa-10-nang-cao",
        "level": 0
    },
    {
        "type": "category",
        "title": "Bài 4 (trang 14 SGK Hóa 10 nâng cao): Cho hai đồng vị hiđro và hai đồng vị của clo ...",
        "url": "giai-bai-tap-hoa-10-nang-cao_bai-4-trang-14-sgk-hoa-10-nang-cao",
        "level": 0
    },
    {
        "type": "category",
        "title": "Bài 5 (trang 14 SGK Hóa 10 nâng cao): Nguyên tử khối trung bình của đồng bằng 63,546. ...",
        "url": "giai-bai-tap-hoa-10-nang-cao_bai-5-trang-14-sgk-hoa-10-nang-cao",
        "level": 0
    },
    {
        "type": "category",
        "title": "Bài 6 (trang 14 SGK Hóa 10 nâng cao): Cho hai đồng vị ...",
        "url": "giai-bai-tap-hoa-10-nang-cao_bai-6-trang-14-sgk-hoa-10-nang-cao",
        "level": 0
    }
]