[
    {
        "type": "category",
        "title": "Bài 1 (trang 32 SGK Hóa 10 nâng cao): Hãy ghép cấu hình electron ỏ trạng thái cơ bản với ...",
        "url": "giai-bai-tap-hoa-10-nang-cao_bai-1-trang-32-sgk-hoa-10-nang-cao",
        "level": 0
    },
    {
        "type": "category",
        "title": "Bài 2 (trang 32 SGK Hóa 10 nâng cao): Sự phân bố electron trong nguyên tử tuân theo  ...",
        "url": "giai-bai-tap-hoa-10-nang-cao_bai-2-trang-32-sgk-hoa-10-nang-cao",
        "level": 0
    },
    {
        "type": "category",
        "title": "Bài 3 (trang 32 SGK Hóa 10 nâng cao): Tại sao trong sơ đồ phân bố electron của nguyên tử ...",
        "url": "giai-bai-tap-hoa-10-nang-cao_bai-3-trang-32-sgk-hoa-10-nang-cao",
        "level": 0
    },
    {
        "type": "category",
        "title": "Bài 4 (trang 32 SGK Hóa 10 nâng cao): Hãy viết cấu hình electron của các nguyên tử ...",
        "url": "giai-bai-tap-hoa-10-nang-cao_bai-4-trang-32-sgk-hoa-10-nang-cao",
        "level": 0
    },
    {
        "type": "category",
        "title": "Bài 5 (trang 32 SGK Hóa 10 nâng cao): Hãy cho biết số electron lớp ngoài cùng của ...",
        "url": "giai-bai-tap-hoa-10-nang-cao_bai-5-trang-32-sgk-hoa-10-nang-cao",
        "level": 0
    },
    {
        "type": "category",
        "title": "Bài 6 (trang 32 SGK Hóa 10 nâng cao): Cấu hình electron nguyên tử của các nguyên...",
        "url": "giai-bai-tap-hoa-10-nang-cao_bai-6-trang-32-sgk-hoa-10-nang-cao",
        "level": 0
    },
    {
        "type": "category",
        "title": "Bài 7 (trang 32 SGK Hóa 10 nâng cao): Viết cấu hình electron của F (Z = 9), ...",
        "url": "giai-bai-tap-hoa-10-nang-cao_bai-7-trang-32-sgk-hoa-10-nang-cao",
        "level": 0
    }
]