[
    {
        "type": "category",
        "title": "Bài 1 (trang 136 SGK Hóa 10 nâng cao): Trong các dãy chất dưới đây, dãy nào gồm toàn ...",
        "url": "giai-bai-tap-hoa-10-nang-cao_bai-1-trang-136-sgk-hoa-10-nang-cao",
        "level": 0
    },
    {
        "type": "category",
        "title": "Bài 2 (trang 136 SGK Hóa 10 nâng cao): Viết phương trình hóa học thực hiện các biến hóa: ...",
        "url": "giai-bai-tap-hoa-10-nang-cao_bai-2-trang-136-sgk-hoa-10-nang-cao",
        "level": 0
    },
    {
        "type": "category",
        "title": "Bài 3 (trang 136 SGK Hóa 10 nâng cao): Người ta có thể điều chế KCl bằng: ...",
        "url": "giai-bai-tap-hoa-10-nang-cao_bai-3-trang-136-sgk-hoa-10-nang-cao",
        "level": 0
    },
    {
        "type": "category",
        "title": "Bài 4 (trang 136 SGK Hóa 10 nâng cao): Viết phương trình hóa học của phản ứng thực hiện ...",
        "url": "giai-bai-tap-hoa-10-nang-cao_bai-4-trang-136-sgk-hoa-10-nang-cao",
        "level": 0
    },
    {
        "type": "category",
        "title": "Bài 5 (trang 136 SGK Hóa 10 nâng cao): Hỗn hợp khí A gồm clo và oxi. A phản ứng ...",
        "url": "giai-bai-tap-hoa-10-nang-cao_bai-5-trang-136-sgk-hoa-10-nang-cao",
        "level": 0
    },
    {
        "type": "category",
        "title": "Bài 6 (trang 136 SGK Hóa 10 nâng cao): Muối ăn bị lẫn các tạp chất là Na2SO4, MgCl2",
        "url": "giai-bai-tap-hoa-10-nang-cao_bai-6-trang-136-sgk-hoa-10-nang-cao",
        "level": 0
    }
]