[
    {
        "type": "category",
        "title": "Bài 1 (trang 162 SGK Hóa 10 nâng cao): Hãy giải thích: ...",
        "url": "giai-bai-tap-hoa-10-nang-cao_bai-1-trang-162-sgk-hoa-10-nang-cao",
        "level": 0
    },
    {
        "type": "category",
        "title": "Bài 2 (trang 162 SGK Hóa 10 nâng cao): Trình bày những phương pháp điều chế oxi: ...",
        "url": "giai-bai-tap-hoa-10-nang-cao_bai-2-trang-162-sgk-hoa-10-nang-cao",
        "level": 0
    },
    {
        "type": "category",
        "title": "Bài 3 (trang 162 SGK Hóa 10 nâng cao): Thêm 3 gam MnO2 vào 197gam hỗn hợp ...",
        "url": "giai-bai-tap-hoa-10-nang-cao_bai-3-trang-162-sgk-hoa-10-nang-cao",
        "level": 0
    },
    {
        "type": "category",
        "title": "Bài 4 (trang 162 SGK Hóa 10 nâng cao): So sánh thể tích khí oxi thu được (trong cùng ...",
        "url": "giai-bai-tap-hoa-10-nang-cao_bai-4-trang-162-sgk-hoa-10-nang-cao",
        "level": 0
    },
    {
        "type": "category",
        "title": "Bài 5* (trang 162 SGK Hóa 10 nâng cao): Đốt cháy hoàn toàn m gam cacbon trong V lít oxi ...",
        "url": "giai-bai-tap-hoa-10-nang-cao_bai-5-trang-162-sgk-hoa-10-nang-cao",
        "level": 0
    }
]