[
    {
        "type": "category",
        "title": "Chương 1: Nguyên tử",
        "url": "giai-bai-tap-hoa-10-nang-cao_chuong-1-nguyen-tu",
        "level": 0
    },
    {
        "type": "category",
        "title": "Bài 1: Thành phần nguyên tử",
        "url": "giai-bai-tap-hoa-10-nang-cao_bai-1-thanh-phan-nguyen-tu",
        "level": 1
    },
    {
        "type": "category",
        "title": "Bài 2: Hạt nhân nguyên tử. Nguyên tố hóa học",
        "url": "giai-bai-tap-hoa-10-nang-cao_bai-2-hat-nhan-nguyen-tu-nguyen-to-hoa-hoc",
        "level": 1
    },
    {
        "type": "category",
        "title": "Bài 3: Đồng vị. Nguyên tử khối và nguyên tử khối trung bình",
        "url": "giai-bai-tap-hoa-10-nang-cao_bai-3-dong-vi-nguyen-tu-khoi-va-nguyen-tu-khoi-trung-binh",
        "level": 1
    },
    {
        "type": "category",
        "title": "Bài 4: Sự chuyển động của electron trong nguyên tử. Obitan nguyên tử",
        "url": "giai-bai-tap-hoa-10-nang-cao_bai-4-su-chuyen-dong-cua-electron-trong-nguyen-tu-obitan-nguyen-tu",
        "level": 1
    },
    {
        "type": "category",
        "title": "Bài 5: Luyện tập về: thành phần cấu tạo nguyên tử. Khối lượng của nguyên tử. Obitan nguyên tử",
        "url": "giai-bai-tap-hoa-10-nang-cao_bai-5-luyen-tap-ve-thanh-phan-cau-tao-nguyen-tu-khoi-luong-cua-nguyen-tu-obitan-nguyen-tu",
        "level": 1
    },
    {
        "type": "category",
        "title": "Bài 6: Lớp và phân lớp electron",
        "url": "giai-bai-tap-hoa-10-nang-cao_bai-6-lop-va-phan-lop-electron",
        "level": 1
    },
    {
        "type": "category",
        "title": "Bài 7: Năng lượng của các electron trong nguyên tử. Cấu hình electron nguyên tử",
        "url": "giai-bai-tap-hoa-10-nang-cao_bai-7-nang-luong-cua-cac-electron-trong-nguyen-tu-cau-hinh-electron-nguyen-tu",
        "level": 1
    },
    {
        "type": "category",
        "title": "Bài 8: Luyện tập chương 1",
        "url": "giai-bai-tap-hoa-10-nang-cao_bai-8-luyen-tap-chuong-1",
        "level": 1
    },
    {
        "type": "category",
        "title": "Chương 2: Bảng tuần hoàn các nguyên tố hóa học và định luật tuần hoàn",
        "url": "giai-bai-tap-hoa-10-nang-cao_chuong-2-bang-tuan-hoan-cac-nguyen-to-hoa-hoc-va-dinh-luat-tuan-hoan",
        "level": 0
    },
    {
        "type": "category",
        "title": "Bài 9: Bảng tuần hoàn các nguyên tố hóa học",
        "url": "giai-bai-tap-hoa-10-nang-cao_bai-9-bang-tuan-hoan-cac-nguyen-to-hoa-hoc",
        "level": 1
    },
    {
        "type": "category",
        "title": "Bài 10: Sự biến đổi tuần hoàn cấu hình electorn nguyên tử của các nguyên tố hóa học",
        "url": "giai-bai-tap-hoa-10-nang-cao_bai-10-su-bien-doi-tuan-hoan-cau-hinh-electron-nguyen-tu-cua-cac-nguyen-to-hoa-hoc",
        "level": 1
    },
    {
        "type": "category",
        "title": "Bài 11: Sự biến đổi một số đại lượng vật lí của các nguyên tố hóa học",
        "url": "giai-bai-tap-hoa-10-nang-cao_bai-11-su-bien-doi-mot-so-dai-luong-vat-li-cua-cac-nguyen-to-hoa-hoc",
        "level": 1
    },
    {
        "type": "category",
        "title": "Bài 12: Sự biến đổi tính kim loại, tính phi kim của các nguyên tố hóa học. Định luật tuần hoàn",
        "url": "giai-bai-tap-hoa-10-nang-cao_bai-12-su-bien-doi-tinh-kim-loai-tinh-phi-kim-cua-cac-nguyen-to-hoa-hoc-dinh-luat-tuan-hoan",
        "level": 1
    },
    {
        "type": "category",
        "title": "Bài 13: Ý nghĩa của bảng tuần hoàn các nguyên tố hóa học",
        "url": "giai-bai-tap-hoa-10-nang-cao_bai-13-y-nghia-cua-bang-tuan-hoan-cac-nguyen-to-hoa-hoc",
        "level": 1
    },
    {
        "type": "category",
        "title": "Bài 14: Luyện tập chương 2",
        "url": "giai-bai-tap-hoa-10-nang-cao_bai-14-luyen-tap-chuong-2",
        "level": 1
    },
    {
        "type": "category",
        "title": "Bài 15: Bài thực hành số 1",
        "url": "giai-bai-tap-hoa-10-nang-cao_bai-15-bai-thuc-hanh-so-1",
        "level": 1
    },
    {
        "type": "category",
        "title": "Chương 3: Liên kết hóa học",
        "url": "giai-bai-tap-hoa-10-nang-cao_chuong-3-lien-ket-hoa-hoc",
        "level": 0
    },
    {
        "type": "category",
        "title": "Bài 16: Khái niệm về liên kết hóa học. Liên kết ion",
        "url": "giai-bai-tap-hoa-10-nang-cao_bai-16-khai-niem-ve-lien-ket-hoa-hoc-lien-ket-ion",
        "level": 1
    },
    {
        "type": "category",
        "title": "Bài 17: Liên kết cộng hóa trị",
        "url": "giai-bai-tap-hoa-10-nang-cao_bai-17-lien-ket-cong-hoa-tri",
        "level": 1
    },
    {
        "type": "category",
        "title": "Bài 18: Sự lai hóa các obitan nguyên tử. Sự hình thành liên kết đơn, liên kết đôi và liên kết ba",
        "url": "giai-bai-tap-hoa-10-nang-cao_bai-18-su-lai-hoa-cac-obitan-nguyen-tu-su-hinh-thanh-lien-ket-don-lien-ket-doi-va-lien-ket-ba",
        "level": 1
    },
    {
        "type": "category",
        "title": "Bài 19: Luyện tập về liên kết ion. Liên kết cộng hóa trị. Lai hóa các obitan nguyên tử",
        "url": "giai-bai-tap-hoa-10-nang-cao_bai-19-luyen-tap-ve-lien-ket-ion-lien-ket-cong-hoa-tri-lai-hoa-cac-obitan-nguyen-tu",
        "level": 1
    },
    {
        "type": "category",
        "title": "Bài 20: Tinh thể nguyên tử. Tinh thể phân tử",
        "url": "giai-bai-tap-hoa-10-nang-cao_bai-20-tinh-the-nguyen-tu-tinh-the-phan-tu",
        "level": 1
    },
    {
        "type": "category",
        "title": "Bài 21: Hiệu độ âm điện và liên kết hóa học",
        "url": "giai-bai-tap-hoa-10-nang-cao_bai-21-hieu-do-am-dien-va-lien-ket-hoa-hoc",
        "level": 1
    },
    {
        "type": "category",
        "title": "Bài 22: Hóa trị và số oxi hóa",
        "url": "giai-bai-tap-hoa-10-nang-cao_bai-22-hoa-tri-va-so-oxi-hoa",
        "level": 1
    },
    {
        "type": "category",
        "title": "Bài 23: Liên kết kim loại",
        "url": "giai-bai-tap-hoa-10-nang-cao_bai-23-lien-ket-kim-loai",
        "level": 1
    },
    {
        "type": "category",
        "title": "Bài 24: Luyện tập chương 3",
        "url": "giai-bai-tap-hoa-10-nang-cao_bai-24-luyen-tap-chuong-3",
        "level": 1
    },
    {
        "type": "category",
        "title": "Chương 4: Phản ứng hóa học",
        "url": "giai-bai-tap-hoa-10-nang-cao_chuong-4-phan-ung-hoa-hoc",
        "level": 0
    },
    {
        "type": "category",
        "title": "Bài 25: Phản ứng oxi hóa khử",
        "url": "giai-bai-tap-hoa-10-nang-cao_bai-25-phan-ung-oxi-hoa-khu",
        "level": 1
    },
    {
        "type": "category",
        "title": "Bài 26: Phân loại phản ứng trong hóa học vô cơ",
        "url": "giai-bai-tap-hoa-10-nang-cao_bai-26-phan-loai-phan-ung-trong-hoa-hoc-vo-co",
        "level": 1
    },
    {
        "type": "category",
        "title": "Bài 27: Luyện tập chương 4",
        "url": "giai-bai-tap-hoa-10-nang-cao_bai-27-luyen-tap-chuong-4",
        "level": 1
    },
    {
        "type": "category",
        "title": "Bài 28: Bài thực hành số 2: Phản ứng oxi hóa - khử",
        "url": "giai-bai-tap-hoa-10-nang-cao_bai-28-bai-thuc-hanh-so-2-phan-ung-oxi-hoa-khu",
        "level": 1
    },
    {
        "type": "category",
        "title": "Chương 5: Nhóm Halogen",
        "url": "giai-bai-tap-hoa-10-nang-cao_chuong-5-nhom-halogen",
        "level": 0
    },
    {
        "type": "category",
        "title": "Bài 29: Khái quát về nhóm halogen",
        "url": "giai-bai-tap-hoa-10-nang-cao_bai-29-khai-quat-ve-nhom-halogen",
        "level": 1
    },
    {
        "type": "category",
        "title": "Bài 30: Clo",
        "url": "giai-bai-tap-hoa-10-nang-cao_bai-30-clo",
        "level": 1
    },
    {
        "type": "category",
        "title": "Bài 31: Hiđro clorua - Axit clohiđric",
        "url": "giai-bai-tap-hoa-10-nang-cao_bai-31-hidro-clorua-axit-clohidric",
        "level": 1
    },
    {
        "type": "category",
        "title": "Bài 32: Hợp chất có oxi của clo",
        "url": "giai-bai-tap-hoa-10-nang-cao_bai-32-hop-chat-co-oxi-cua-clo",
        "level": 1
    },
    {
        "type": "category",
        "title": "Bài 33: Luyện tập về clo và hợp chất của clo",
        "url": "giai-bai-tap-hoa-10-nang-cao_bai-33-luyen-tap-ve-clo-va-hop-chat-cua-clo",
        "level": 1
    },
    {
        "type": "category",
        "title": "Bài 34: Flo",
        "url": "giai-bai-tap-hoa-10-nang-cao_bai-34-flo",
        "level": 1
    },
    {
        "type": "category",
        "title": "Bài 35: Brom",
        "url": "giai-bai-tap-hoa-10-nang-cao_bai-35-brom",
        "level": 1
    },
    {
        "type": "category",
        "title": "Bài 36: Iot",
        "url": "giai-bai-tap-hoa-10-nang-cao_bai-36-iot",
        "level": 1
    },
    {
        "type": "category",
        "title": "Bài 37: Luyện tập chương 5",
        "url": "giai-bai-tap-hoa-10-nang-cao_bai-37-luyen-tap-chuong-5",
        "level": 1
    },
    {
        "type": "category",
        "title": "Bài 38: Bài thực hành số 3: Tính chất của các halogen",
        "url": "giai-bai-tap-hoa-10-nang-cao_bai-38-bai-thuc-hanh-so-3-tinh-chat-cua-cac-halogen",
        "level": 1
    },
    {
        "type": "category",
        "title": "Bài 39: Bài thực hành số 4: Tính chất các hợp chất của halogen",
        "url": "giai-bai-tap-hoa-10-nang-cao_bai-39-bai-thuc-hanh-so-4-tinh-chat-cac-hop-chat-cua-halogen",
        "level": 1
    },
    {
        "type": "category",
        "title": "Chương 6: Nhóm oxi",
        "url": "giai-bai-tap-hoa-10-nang-cao_chuong-6-nhom-oxi",
        "level": 0
    },
    {
        "type": "category",
        "title": "Bài 40: Khái quát về nhóm oxi",
        "url": "giai-bai-tap-hoa-10-nang-cao_bai-40-khai-quat-ve-nhom-oxi",
        "level": 1
    },
    {
        "type": "category",
        "title": "Bài 41: Oxi",
        "url": "giai-bai-tap-hoa-10-nang-cao_bai-41-oxi",
        "level": 1
    },
    {
        "type": "category",
        "title": "Bài 42: Ozon và hiđro peoxit",
        "url": "giai-bai-tap-hoa-10-nang-cao_bai-42-ozon-va-hidro-peoxit",
        "level": 1
    },
    {
        "type": "category",
        "title": "Bài 43: Lưu huỳnh",
        "url": "giai-bai-tap-hoa-10-nang-cao_bai-43-luu-huynh",
        "level": 1
    },
    {
        "type": "category",
        "title": "Bài 44: Hiđro sunfua",
        "url": "giai-bai-tap-hoa-10-nang-cao_bai-44-hidro-sunfua",
        "level": 1
    },
    {
        "type": "category",
        "title": "Bài 45: Hợp chất có oxi của lưu huỳnh",
        "url": "giai-bai-tap-hoa-10-nang-cao_bai-45-hop-chat-co-oxi-cua-luu-huynh",
        "level": 1
    },
    {
        "type": "category",
        "title": "Bài 46: Luyện tập chương 6",
        "url": "giai-bai-tap-hoa-10-nang-cao_bai-46-luyen-tap-chuong-6",
        "level": 1
    },
    {
        "type": "category",
        "title": "Bài 47: Bài thực hành số 5: Tính chất của oxi, lưu huỳnh",
        "url": "giai-bai-tap-hoa-10-nang-cao_bai-47-bai-thuc-hanh-so-5-tinh-chat-cua-oxi-luu-huynh",
        "level": 1
    },
    {
        "type": "category",
        "title": "Bài 48: Bài thực hành số 6: Tính chất các hợp chất của lưu huỳnh",
        "url": "giai-bai-tap-hoa-10-nang-cao_bai-48-bai-thuc-hanh-so-6-tinh-chat-cac-hop-chat-cua-luu-huynh",
        "level": 1
    },
    {
        "type": "category",
        "title": "Chương 7: Tốc độ phản ứng và cân bằng hóa học",
        "url": "giai-bai-tap-hoa-10-nang-cao_chuong-7-toc-do-phan-ung-va-can-bang-hoa-hoc",
        "level": 0
    },
    {
        "type": "category",
        "title": "Bài 49: Tốc độ phản ứng hóa học",
        "url": "giai-bai-tap-hoa-10-nang-cao_bai-49-toc-do-phan-ung-hoa-hoc",
        "level": 1
    },
    {
        "type": "category",
        "title": "Bài 50: Cân bằng hóa học",
        "url": "giai-bai-tap-hoa-10-nang-cao_bai-50-can-bang-hoa-hoc",
        "level": 1
    },
    {
        "type": "category",
        "title": "Bài 51: Luyện tập. Tốc độ phản ứng và cân bằng hóa học",
        "url": "giai-bai-tap-hoa-10-nang-cao_bai-51-luyen-tap-toc-do-phan-ung-va-can-bang-hoa-hoc",
        "level": 1
    },
    {
        "type": "category",
        "title": "Bài 52: Bài thực hành số 7: Tốc độ phản ứng và cân bằng hóa học",
        "url": "giai-bai-tap-hoa-10-nang-cao_bai-52-bai-thuc-hanh-so-7-toc-do-phan-ung-va-can-bang-hoa-hoc",
        "level": 1
    }
]